video_id,channel_id,sign_language,split
--D1cnzAjyU,UCgvywbxAcsgJr_gfpqKLXXw,pso,train
--GPbnCCeXw,UCwZz9KAFIbpU3w3QSmlJv6Q,ase,train
--V4sopRhw4,UC5Xzq4Gg6mSNymC4xIaZg1g,ase,train
-0weJcpOltM,UCAPKIo9ykV8iShMmG7c-BQA,swl,train
-12pkZ5SLdM,UCUW9iqeKBSdegW5onoBnx_w,hsh,train
-1I_-QG6GtY,UCFfgJbY2jt4Notzk5M3baOA,asf,test
-1Q9QGI8X30,UCYzUa-Jxf5iuMq0i3nMr8Sg,aed,train
-1Ydmv-b7Es,UC85LK96DQppcG7tpcqCcvIw,ase,train
-1fQGMY8lBo,UCNMh0csop45XxYU0itusr1Q,jsl,train
-1tL-2UD1D0,UCT_ibOnQ79FD6UX9nUwl1Fw,ise,train
-2eTHYdyhCY,UCJ9p-qkgVaQgpcqIFjDzB7w,ase,test
-2ix-iOwouI,UCJlnF0i8rnxKoaTGmrK9XQA,ase,validation
-2qOCDLqyQE,UC75cYKm6WbSk-se1deWaD0g,hsh,train
-2sOVXAyRZQ,UCe2lcoNfWAp4bc0JySWnkmw,ssp,train
-3-GHVFZikg,UCDWuLgx0vTYBGr1G-diNgSw,jsl,train
-3GUQmPyOWQ,UCR_-CWbo1ZhNsQLyzKJL7DA,bzs,train
-3oepL-GE3w,UCUqpH4Ascoi7vaCt5IqaAgg,gsg,train
-4-CfyjuYYM,UC55C6FrDNkoh1-S8tGHdCDw,ise,train
-44hXvy7VZk,UCJapA5zmXcnUOcTrErgwiRg,ase,train
-58ktQ_qWYQ,UCFyhiizY8-4GUcAeYQlylMg,jsl,train
-5H_8K2k7-4,UCuyQHJ4y76-i0w9N33vT-kg,ase,validation
-5pTTulJZ38,UCoM1KfRfRwaVEMFdhUmpE8w,ase,train
-6Y0qQFnTIw,UC6b1zI_hrSg-1nAndUEapeQ,ssp,train
-7L2DL9IOEU,UCpLtzKe6f_CWcISIhdQ2ncA,ase,validation
-7OTZpBpTAE,UC75cYKm6WbSk-se1deWaD0g,hsh,train
-7dnUz_kKsU,UCCIyyu6Vu-Fj5SrBlA4yMGg,ase,train
-8GWFtO9pDY,UCBRYgj8lhwnr9FrETyJbYEA,ise,train
-8g86duU4LE,UCA17q6v88p8FOlSDiWFkYyQ,bfi,train
-8vZt50An68,UCuwggFCQ8GUdJRGrdydi8Ww,kvk,train
-9FqOdOau8A,UC75cYKm6WbSk-se1deWaD0g,hsh,train
-9Gz7E5LNIY,UChTbPO97Nt0OTDvqSBjhrVQ,isr,train
-ANTW_UxQqc,UCNZIotlmemCpO1fs8uLWCeQ,ase,train
-Acy6WxMaeM,UCsuBAbMlPGJ95w3mwhz-30g,ase,train
-AtNJLqhV3w,UCqLGAeTQmlRVfLK6jAWvDxA,ins,train
-AwmNR8HJ44,UC75cYKm6WbSk-se1deWaD0g,hsh,train
-AziR49RM0I,UC9iTjM1LI5k60EhfTwNPO5w,ise,train
-BuZC-_nf5U,UCDsoH108wJ2A0GWVbv-laWA,bzs,train
-CDZS6Ttj6A,UCQmVgPZHUzskORIH4GMzhJQ,bfi,validation
-CfNQOIIxa8,UCBRYgj8lhwnr9FrETyJbYEA,ise,train
-ClezW3rH0E,UC-8TBU8-W613NU2ysMh8DWQ,ase,train
-CosCZc61-E,UCAPKIo9ykV8iShMmG7c-BQA,swl,train
-Cqve5Z-Cf0,UC75cYKm6WbSk-se1deWaD0g,hsh,train
-DJ-2d6ObEk,UCIF8joER1Amy-1xUKR-7QcQ,asq,train
-DRXIjNewqM,UC99w_Bzj8ikOz8Gpv0prbNg,ins,train
-DYr4znK9NI,UCCcKya95pnxKXpUqlzHplqA,ase,train
-EaHn3dSBBk,UC7PByT-DKjERtGRmxfyWvnw,ssp,train
-EbOHeRYREo,UClv1kekXgC4s8Is-f1OBqQg,ase,train
-EcSxqGOiNs,UCWif2ls3MB_CDmg4z17y6tA,ils,train
-EqWhX84htQ,UCqtaBrGzW-WzWVdhrjCBQ4g,tsm,train
-F-VC0_JFic,UCEPuAkI8Fx_dqb2RMoy00CA,asf,validation
-FLcs62wL9s,UCyIjlBUwgXeKO6MZ2Ospaxw,jsl,train
-FV2e_JWAj0,UCGisGwX9Mh6T6WrJsx-VjDg,pso,validation
-FuhRkxZf3w,UC-0QyXWZb1lPUfA4x-NF4kg,ase,train
-Fyp3iYp_Mo,UCm-yy-rUIBQHhSG5RJE_wzg,ase,train
-G2ksp95_Uw,UC_nKBKxSie_mqXoZzccICvw,ase,train
-GtDaiSJkSQ,UCo8HN7-u9CBBTzgm6X2GCaw,ase,test
-GvqRgAc9Jk,UChY4vrAMEXvYXcuXg50sc1Q,asf,train
-H6PVw6DGs8,UCDsoH108wJ2A0GWVbv-laWA,bzs,train
-HCQTUug3-g,UCzXNfOVXNYqjFPgMly-1AvQ,isg,train
-HInP4XxbH0,UC5H_CO6QGwd9hilVnfujz_w,bfi,train
-HV6JF-7Suc,UCsuBAbMlPGJ95w3mwhz-30g,ase,train
-HZN60iM3Po,UCyD6epypPmiwcb_0n7hofuQ,swl,train
-HkeOGWJWLI,UC1FpBTAyX2FPpbH5lh1aaAw,ase,train
-Hq-ysaxP4I,UCXuTK8atuQJiJ-qLHbjgaag,bzs,train
-Hr0TyDWnxM,UC7fVfWv6FL7HeTFeSLz-muQ,ase,train
-IForyarCxQ,UChTbPO97Nt0OTDvqSBjhrVQ,isr,train
-ISkVCptjEw,UC8xDnYLS3EaMycxe3ZSUb5g,gsg,train
-IjV0pnSexY,UC55C6FrDNkoh1-S8tGHdCDw,ise,train
-IjkmQn8GGY,UCL7Y9Bi29D1xqJugIRwSCmg,nsl,train
-IpTsfnThMc,UC7fVfWv6FL7HeTFeSLz-muQ,ase,train
-IsjfGXL68A,UClO2hO0t9tWsdgZmi_WQNkg,ise,train
-J-z3NWLSlw,UCcKetdJqFvXWMkM0WSMKH2w,icl,train
-JL59Zq5vPY,UCV1PGS69OU6p803EItpsU5w,ase,train
-JPXg91kzmw,UC1mrgxxrCtcAUBFR5Z9Kn6A,ase,train
-JWRLbQAfSE,UCqtaBrGzW-WzWVdhrjCBQ4g,tsm,train
-JkycklWD1M,UCMbT7f3uBbPv5dCPu7ND-yA,swl,train
-KHNIBQ4Dqw,UCVrxlDymBXjcCAn25axZc8Q,swl,train
-KgBBru7lps,UChehpkKGgTGWDQ4xXH31miA,ase,train
-KyL6AuA-OY,UCHYhDUKzFJYtxa1aGB3cpmw,ase,train
-MWUH2hOaH8,UC2fTQSA7GccUUtG6RrJq9Hg,pks,train
-Mu6gzmeUSM,UCFuu8KsC_I8RUWsRopecLOQ,bzs,validation
-MuhF_l4zJA,UCjdwzRcUcYXFkObr0hTro5A,ase,train
-MvbALSY6ys,UCFuu8KsC_I8RUWsRopecLOQ,bzs,validation
-Nen4rdyXz0,UCrOuWFZo1V42NXWWjHFqngg,ins,train
-NpSo4RgD40,UCAwUq47FcxxDL68rM4wf2ZQ,asf,train
-O7vahpH7V8,UCWif2ls3MB_CDmg4z17y6tA,ils,train
-OBj31BoLHo,UC75cYKm6WbSk-se1deWaD0g,hsh,train
-OTJhDWbKIY,UC5H_CO6QGwd9hilVnfujz_w,bfi,train
-Olb6_XFpEU,UCrHpt5tgM33jXiIs8_F1VgQ,ase,test
-PRRlMEVnrs,UCVCtmsq2MwxRAD5fdFeQp2Q,fse,train
-PReNU3L8Lc,UCAi-GYlLn4DFHErBzj-K2bA,ase,train
-Pcdgs3LSkk,UCZOG75UwSlaFOu-BmfSccUg,bfi,train
-PgASHUPDGo,UCcKetdJqFvXWMkM0WSMKH2w,icl,train
-PhFJyTyPfQ,UCqd6eos5-i46NbDH1uLWdFQ,bfi,train
-Pm_94xHU20,UCFfgJbY2jt4Notzk5M3baOA,asf,test
-Q1peWUgRPQ,UCFfgJbY2jt4Notzk5M3baOA,asf,test
-Q7-2labkMk,UC00w49_nb3oRX8rC5sGFdxQ,sgg,train
-QaaIeqaDmY,UCv2vB1PMjcB_eB0bEFQlqKw,gsg,train
-QpapMtYvWA,UCLwjQ2R8M8YuItmwWIZpmEQ,jos,train
-R-MGR7H_IU,UCGoMw1fmVX0m5_qMsYG4A3g,ase,train
-R5AVqsEZYw,UCoQyATiU8ZG13tyDL8l1z-Q,ase,train
-RDJcQomVBo,UC5Xzq4Gg6mSNymC4xIaZg1g,ase,train
-RbZL-uZgg0,UCcmJuUulPHzBUuQbQUN7GzQ,bfi,train
-RexFh2qufQ,UCB2TPZ9vox9PvK9arORVtNg,pso,train
-Rrt4k-8eQw,UC2fTQSA7GccUUtG6RrJq9Hg,pks,train
-S1AtooEizk,UCFuu8KsC_I8RUWsRopecLOQ,bzs,validation
-SClbl--fVk,UCRRD3yalnoHR0ZvXqhiTI4Q,bzs,train
-SHX0FO_hhk,UCA7yuvsX0I5xX_SSXUJQJ1w,ase,validation
-SQFIbscsAI,UCEHeJSkYnE1CeFM7wBNb53w,ase,validation
-SRexGZIaL0,UCyIjlBUwgXeKO6MZ2Ospaxw,jsl,train
-TNjJRU-Sp0,UCEPuAkI8Fx_dqb2RMoy00CA,asf,validation
-TOGwnIIdrk,UC7QNujTpyZqhFrP51eTA8uQ,hsh,train
-TXkEnfikgI,UC2fTQSA7GccUUtG6RrJq9Hg,pks,train
-Tfts4owQD4,UChTbPO97Nt0OTDvqSBjhrVQ,isr,train
-TtP7XW613w,UC7fVfWv6FL7HeTFeSLz-muQ,ase,train
-U3LpeStR68,UCLZ-LkPh14mi5FAhz4XZovg,asf,train
-UFYNRIE208,UCqtaBrGzW-WzWVdhrjCBQ4g,tsm,train
-UGmdDm5BvQ,UCe2lcoNfWAp4bc0JySWnkmw,ssp,train
-UMxbwKKx0g,UCCdgJ722Hvh6Olw5mAWUCPw,ase,train
-UPZuxjqm4A,UC7PByT-DKjERtGRmxfyWvnw,ssp,train
-UYVpxNIsk8,UCaY5JjIf6cKZrynK9Oc3SYQ,asq,train
-UpzTBtlVcw,UC_RrD3_VFww_PJb9wZDF6aA,ase,train
-Uqn0-D5WNk,UC7grq7w27wu0zllsk4kBiFA,ase,validation
-VK_3Bvrc1s,UCYnxGaBJ2NrdBhjqjW1mtFQ,kvk,train
-VSvFp6pfts,UCWVUF_aLbNrR_ObLwWZcU2Q,fsl,train
-Vgj6aHICCQ,UCaTMaFNkTiwgsSQ7FYaiaTQ,ins,train
-W8wxrFlcDo,UCCkAfmCTGkgJi3QlB_6vkqw,jsl,train
-WhrB8wNfQo,UC4rj7Ns8MtIqoI7i0Lagkng,jsl,train
-XQ4Zv8SS38,UC5H_CO6QGwd9hilVnfujz_w,bfi,train
-XgLtisTWW0,UCA2a3kqiEWC8aIiYr8VuZkQ,ase,train
-YTzPYzLxL8,UC75cYKm6WbSk-se1deWaD0g,hsh,train
-YUWB-TPsHI,UC2fTQSA7GccUUtG6RrJq9Hg,pks,train
-YeZylTsbXA,UCAUljvSQLJG3lX_K8kfrbWw,tsq,train
-YhPfFP34w8,UCuLgHM31H7PmEAY92jBSU_Q,jsl,test
-YsTpV3uDds,UC2fTQSA7GccUUtG6RrJq9Hg,pks,train
-Zrf6jWiFZs,UCWoxwklkUp0hbrM75ST1Rpg,ase,train
-_2fevmeiZA,UCs98soN6aBb6gnfbrLl-W0w,???,train
-_O_F1RTeGs,UCFuu8KsC_I8RUWsRopecLOQ,bzs,validation
-_ZpPM27CkY,UCMbT7f3uBbPv5dCPu7ND-yA,swl,train
-_ojvPJp0c0,UCuyQHJ4y76-i0w9N33vT-kg,ase,validation
-aAza7KSNCY,UC813ejrZ5_aAk-DJAeYQ8uA,ase,validation
-aLiyA30EQI,UCB8OvSw5Jyqb2rmg7UVkxGw,ase,train
-b8VzJIjbkw,UCSMZ4td6mZMJVxJ2ow7zY4A,ase,train
-bEOC4B8uXY,UC5Xzq4Gg6mSNymC4xIaZg1g,ase,train
-bKqEMhE4g8,UCI4A_xft-8uziHWd1-Q0NWA,ase,train
-bL1bpuSGFI,UC75cYKm6WbSk-se1deWaD0g,hsh,train
-cJLggbqlAM,UCCZ_femzSxK1e936MTU9TaQ,asq,validation
-eBnWC1ngLg,UCkFv2QfRmBXmMfOy5Fi6ifQ,ase,train
-eW-a_SsvBE,UC75cYKm6WbSk-se1deWaD0g,hsh,train
-eqHcEWp0gE,UCXoXekjGbUtdi-Fb1-M3rhg,ase,train
-erXKNfpyhA,UC75cYKm6WbSk-se1deWaD0g,hsh,train
-fAfxbjfFrY,UC75cYKm6WbSk-se1deWaD0g,hsh,train
-fkxwIjFLdo,UCaEa-LjV-VwFJ3Flc0ndcWg,hks,train
-g0ln-KzHlA,UCLLWT6ynK0erwUXOWzQjN8Q,ase,train
-glIgk03GzE,UCUqpH4Ascoi7vaCt5IqaAgg,gsg,train
-gutRivLu70,UC_9x0YFY3tQhHD1oxDriZ9g,sgg,train
-hHppvsE8fA,UCUW9iqeKBSdegW5onoBnx_w,hsh,train
-hKn6evY9dg,UCWif2ls3MB_CDmg4z17y6tA,ils,train
-hOKdC_RDSk,UC75cYKm6WbSk-se1deWaD0g,hsh,train
-i-LhgthSq0,UCqLGAeTQmlRVfLK6jAWvDxA,ins,train
-iDMMXUsDUc,UCWif2ls3MB_CDmg4z17y6tA,ils,train
-jGnOwoKG14,UC7JuChYmxhljc49dE3JG6Zw,ise,validation
-jX7v_5zZdU,UCTKsrvPypyh3flFdEWqo53A,ase,train
-k8xtvVvDSo,UCMfjVHF5e9FHoXaJzFFcydA,asq,train
-kbtjMgc91w,UC8dHtefYYC4TmhRS_0qtKTA,bzs,train
-kdTgPAtXvo,UC85LK96DQppcG7tpcqCcvIw,ase,train
-kvW8iUnuoo,UC4JcJEFJXGgiZwE4zbw2BKg,ase,train
-l_aaw3NcMM,UCe2lcoNfWAp4bc0JySWnkmw,ssp,train
-lcoa2pZLrs,UCzxWduRjGn_A8rEf_-FtL5Q,pso,train
-lgsfJms7SM,UC7j6LXY3Sd74pdr8ppzRhKw,ase,train
-liLpI45W8w,UCtCEoFMIllD5aOYneLrP4Vw,ase,validation
-mNS1Irm3Lg,UChTbPO97Nt0OTDvqSBjhrVQ,isr,train
-mazZ4NfxAE,UCWif2ls3MB_CDmg4z17y6tA,ils,train
-mjjPxzM5t4,UC75cYKm6WbSk-se1deWaD0g,hsh,train
-mox9x3_nRg,UC75cYKm6WbSk-se1deWaD0g,hsh,train
-mtvEpEhkZ8,UCWif2ls3MB_CDmg4z17y6tA,ils,train
-n1b1YgrKd8,UC6b1zI_hrSg-1nAndUEapeQ,ssp,train
-o0hg30-DhQ,UC75cYKm6WbSk-se1deWaD0g,hsh,train
-oL7E4QvsMo,UCWif2ls3MB_CDmg4z17y6tA,ils,train
-oepO_n75dk,UCWif2ls3MB_CDmg4z17y6tA,ils,train
-oulhYrNyYc,UCTwn0S3x3B8LKuPFN3ooAyw,ise,validation
-pOIjG-2Ljo,UCWif2ls3MB_CDmg4z17y6tA,ils,train
-pmxWiKbldg,UC3p9-cdApmRUOgQ4-M4P01w,ase,train
-prlm4ZqLqM,UC-gc7H_gu_IYUAxO2cu6STA,ise,train
-ptRp1_8kyA,UCEPuAkI8Fx_dqb2RMoy00CA,asf,validation
-q9HwaPqmj0,UCuPRFTmEwzVDIxIcuAJVMGw,gsg,train
-qArbQO5rNM,UC7fVfWv6FL7HeTFeSLz-muQ,ase,train
-qSABYFcsVs,UCol1RhmoWafGmkREy1ZgsoA,ase,train
-qat_aV05b4,UC75cYKm6WbSk-se1deWaD0g,hsh,train
-qkSHWi0ANU,UCuyQHJ4y76-i0w9N33vT-kg,ase,validation
-qmkf_al_cQ,UChTbPO97Nt0OTDvqSBjhrVQ,isr,train
-qnZMWxU7ak,UCyjpMQ5wd2whW1BRGf9W2_g,ase,train
-r4LwQFvgHg,UCtCEoFMIllD5aOYneLrP4Vw,ase,validation
-ro616HPni4,UCYnxGaBJ2NrdBhjqjW1mtFQ,kvk,train
-rt_keMLDSU,UCAPKIo9ykV8iShMmG7c-BQA,swl,train
-sEdIsick_w,UClxAZnsU6AK4pX3dcFdSDPQ,ise,test
-sr5dCZNvtk,UCizGctLgAahGlOvtSAKdq3g,jsl,train
-tnyzu5MP2Y,UCnrHJ-LbPST251Iq-FC2Ipw,ase,train
-toZLgPr-7E,UCsuBAbMlPGJ95w3mwhz-30g,ase,train
-ubjMheFWcE,UCLkAu8SzLCFW8k149fgEi7g,ase,train
-ulbptDunGg,UC7fVfWv6FL7HeTFeSLz-muQ,ase,train
-urXXDI0OiE,UCx92YHaTWzmfL9trx_jzXNg,bfi,train
-vQ5mMguqhw,UCoA3JvRkP1z3GE6x5jo6OzA,rsl,train
-vqGIusGixA,UCS7wVohIwd66b95xyuw7DFQ,ase,train
-wCFWXGxgo0,UCfrYaR1kmCHf8ddHb8O8niw,lls,train
-wCx90V_hQU,UChTbPO97Nt0OTDvqSBjhrVQ,isr,train
-wLZBRiDdJA,UClv1kekXgC4s8Is-f1OBqQg,ase,train
-wVSh97Uc6w,UCmW6ihZmBKQGruMm4ALmzdw,fss,train
-wbXZyRHJQI,UC3D3um9BcGkQzquorcKWQLQ,ssp,test
-wjJMaE8qtk,UCor3VcSrTRUPZUsvtDTi0rg,ase,train
-xUT96eNCNc,UCwZMVa2C8Fgz2cyg7u7Tnpg,ase,train
-xgEtbmKVHc,UC7JuChYmxhljc49dE3JG6Zw,ise,validation
-y4l4y-Pc9s,UCBRYgj8lhwnr9FrETyJbYEA,ise,train
-yUiKPS8LnM,UCszvwqbz04iulT9divgrNHw,ise,train
-ylipiMcrus,UCuWZOPSRaa6vQQKfyB_W5OQ,ase,train
-z4BxXvBx28,UCTwn0S3x3B8LKuPFN3ooAyw,ise,validation
-z8xfeT06JA,UC4fJ87vQIH9NUQwJNmgUkFw,ase,train
-zgb3R7y0o4,UC75cYKm6WbSk-se1deWaD0g,hsh,train
-zsVFWyuQ1g,UCuyQHJ4y76-i0w9N33vT-kg,ase,validation
0-5RxUGetQM,UCFfgJbY2jt4Notzk5M3baOA,asf,test
0-C1HkUepT0,UCC4RZThTgaepMZZS1CAHxwA,ase,train
00ADU7t7IWI,UC85LK96DQppcG7tpcqCcvIw,ase,train
00GzvVp559I,UCZCmFwt5SXZzAzWelu_8rKw,ase,train
00p2be4Gv9I,UC7fVfWv6FL7HeTFeSLz-muQ,ase,train
010p7oA8XuM,UCoA3JvRkP1z3GE6x5jo6OzA,rsl,train
01OcXouXRlI,UC1f5xYbrZxLkklmGkow7AgA,cse,train
01im3WZg4dw,UCjHfuOo5NeMOYdglsMHkihw,ase,train
01xPwwFmtUs,UCWif2ls3MB_CDmg4z17y6tA,ils,train
02QH3_8Me6s,UC55C6FrDNkoh1-S8tGHdCDw,ise,train
03LKR5Kjgd4,UCJZFmmc6UyukScYzXdgSngA,ase,validation
03LjSYPMBK8,UCaayieDFpDIZ1b_mspO_Rzg,ase,train
03PrJbwEUVM,UCTi9woRHA4r8e3oEWF8hxTA,aed,train
03XCQvznGRw,UCWif2ls3MB_CDmg4z17y6tA,ils,train
03cy7VeC7wA,UCcKetdJqFvXWMkM0WSMKH2w,icl,train
04cPvb0knJ8,UCDaXsbs4hNm7X1QC_X9aTMA,ase,train
04dqblwXBPI,UC99w_Bzj8ikOz8Gpv0prbNg,ins,train
04nl1azs9Fo,UCcmJuUulPHzBUuQbQUN7GzQ,bfi,train
050NaX0ReDg,UCqLGAeTQmlRVfLK6jAWvDxA,ins,train
05Azu1avn4s,UCFfgJbY2jt4Notzk5M3baOA,asf,test
05B_XyCZXkw,UCyAPbimBAxWyMA0t96UTbbg,svk,train
05POTDZYH_Y,UCdczyG5kJYY6UaPq80ns2AA,ase,train
05UGaxHdvlA,UCWif2ls3MB_CDmg4z17y6tA,ils,train
05YV3dgDtXY,UCT_ibOnQ79FD6UX9nUwl1Fw,ise,train
05qJXAwdptc,UCSMZ4td6mZMJVxJ2ow7zY4A,ase,train
06Vp-B-2KQM,UC-8TBU8-W613NU2ysMh8DWQ,ase,train
06h2PWo5lfc,UCsISj8VNUUVr03sV4bkxWWw,pso,train
06l8Ycg--y4,UCYzg0wpcnfC5euQ3Zlr-SJw,ase,train
0773f4_VtVw,UC9wDj2_57e2TlH2UE2OvE8g,ase,train
078Atj_J-K4,UC4VHfRJHnbcGVLcr9vQIihQ,bfi,train
079lNHNhsjQ,UCXuTK8atuQJiJ-qLHbjgaag,bzs,train
07BevXg9ISg,UC85LK96DQppcG7tpcqCcvIw,ase,train
08FE7s-T1x8,UCqLGAeTQmlRVfLK6jAWvDxA,ins,train
08ctr763cQM,UCDWuLgx0vTYBGr1G-diNgSw,jsl,train
08eSEOkaU4o,UCpSikih7IbGHYmrHqWusbPA,pso,train
08x0dQfpBS0,UCWif2ls3MB_CDmg4z17y6tA,ils,train
097U5PQiJgc,UCfLul2uPakgQyTab23cYB7Q,ise,train
09TD_wH1DDE,UC2Pv7MYxF_jts36qIAIUZpA,ase,train
09Ymh4qDOvc,UCbxuU8g8XjTY-tvr4L1dgMQ,ase,train
09nEp-2jfYE,UC75cYKm6WbSk-se1deWaD0g,hsh,train
0AHX5cp10xg,UCwc0xtGUmoxvjYzaZNYCnEA,ase,train
0AQHLPt8NDk,UCaayieDFpDIZ1b_mspO_Rzg,ase,train
0AbxkO9ZNzI,UCq4nwGEyAhB-f85nycgfV0A,ase,validation
0ApaecT3eXA,UCs98soN6aBb6gnfbrLl-W0w,???,train
0AzumQYaplE,UCUW9iqeKBSdegW5onoBnx_w,hsh,train
0BB8FV0xzQw,UCBRYgj8lhwnr9FrETyJbYEA,ise,train
0BNdh2dYvkY,,ase,unassigned
0BRZ56GNarM,UC7fVfWv6FL7HeTFeSLz-muQ,ase,train
0BclxfZZ4hE,UCEPuAkI8Fx_dqb2RMoy00CA,asf,validation
0Bf9LSnq4lQ,UCWif2ls3MB_CDmg4z17y6tA,ils,train
0Bf_lC3ocCc,UCT_ibOnQ79FD6UX9nUwl1Fw,ise,train
0CKjQ-mbvLY,UCBRYgj8lhwnr9FrETyJbYEA,ise,train
0CNADIcj86o,UCzXNfOVXNYqjFPgMly-1AvQ,isg,train
0CXppwsalLw,UCScR0I-J7gGR2jRCjcrt9Og,isr,train
0CdK9XaLaBo,UC99w_Bzj8ikOz8Gpv0prbNg,ins,train
0D4PtOQPNM8,UC6jqEgWqfdBbIJfMgirazNA,ase,train
0DFjDy70ZNk,UCWif2ls3MB_CDmg4z17y6tA,ils,train
0DL4hEVFJAM,UCbdRgG-NhSwFlRV3MGVp_cQ,dse,train
0DeD2bZKyU4,UC99w_Bzj8ikOz8Gpv0prbNg,ins,train
0EHoUBSgHSM,UCv-p_wtQsn4hBRSvUTlnH_Q,ase,test
0EgwMSwNQ-g,UCWif2ls3MB_CDmg4z17y6tA,ils,train
0Ej8WzOOihE,UCYkdOjNBWupjSx2bAMwoEPQ,ase,train
0Ejxz9dA_t8,UC-gc7H_gu_IYUAxO2cu6STA,ise,train
0ElPjqY4Cq8,UCoxgtfYQN6anl3xjQ4izEkA,ase,test
0ErYwbsL6fs,UC7rtwOJBv4c4PyIhSFvg3Hg,bzs,train
0EzNUZcQEsE,UCBRYgj8lhwnr9FrETyJbYEA,ise,train
0F1CZq3opMw,UC00a0cXCS6OB29_chYQedLg,ase,train
0FBYi_XxTgs,UC85LK96DQppcG7tpcqCcvIw,ase,train
0FFdnI-tQyw,UCz3Frdx1oZsjukf6yN63G4w,ase,train
0FSGxcUWThM,UCe2lcoNfWAp4bc0JySWnkmw,ssp,train
0GkiO9uSeec,UCizGctLgAahGlOvtSAKdq3g,jsl,train
0Gog1h7vq_w,UC_9x0YFY3tQhHD1oxDriZ9g,sgg,train
0H1wjzR7AMo,UCJzu69TgtBwVc03QEP9gL6A,rsl,train
0I5KbLOj0jc,UCZOG75UwSlaFOu-BmfSccUg,bfi,train
0IOv-YuOTb0,UCT19AwGpJN9PE8eg47YA80w,ase,train
0ISFR5_G2Nk,UComGRElAUtQBt2vXt7t_WQA,ase,train
0IqBbwriI1g,UCGoMw1fmVX0m5_qMsYG4A3g,ase,train
0ItQtFZczwQ,UCRRD3yalnoHR0ZvXqhiTI4Q,bzs,train
0IvrNp_QQ_w,UCuyQHJ4y76-i0w9N33vT-kg,ase,validation
0IxbB_237vQ,UCx8jxChJznkRPJCE79qldOg,pso,train
0Jmgt2Nmepc,UC5H_CO6QGwd9hilVnfujz_w,bfi,train
0K4wSEpCMIE,UCPgIzfHK5zkJXIygSEjxO4Q,icl,train
0KPBeiUGfUg,UC7fVfWv6FL7HeTFeSLz-muQ,ase,train
0KUtHBQ93UA,UCaayieDFpDIZ1b_mspO_Rzg,ase,train
0K_vAOPXvpA,UCWif2ls3MB_CDmg4z17y6tA,ils,train
0KtceAKU6W0,UC4KyhBCXwO-aSXDN-QyeSmQ,ase,train
0KuJ2t4S_TY,UCfty1CIfsQTYkdH8LUSogaQ,ase,train
0L0MNEN60iM,UCi61BGF2iuKiFoYgtqRXGng,ase,train
0L6S0b14ZmI,UCPV8xZOt__9bqGsbn3yF37A,ase,train
0LFIXsZY770,UC75cYKm6WbSk-se1deWaD0g,hsh,train
0LR54Yj0D5Q,UCqLGAeTQmlRVfLK6jAWvDxA,ins,train
0LnL0l2e758,UCFyhiizY8-4GUcAeYQlylMg,jsl,train
0MWnY3JN1wA,UCafl5HSeIaAjenMenQOFS_Q,tss,train
0MfC_BSQx4Y,UCVrxlDymBXjcCAn25axZc8Q,swl,train
0MqpDWoZs8w,UCufDAfMXMca-RdSxPkosYrg,hsh,train
0NE-fxfnfsw,UCBERhpWcbrcDEsM0A0D36rg,ase,train
0NL5n5RRckY,UC5YX7aSy-faYLyoFKZr-OFA,ase,train
0NLuAg1AnGw,UCqLGAeTQmlRVfLK6jAWvDxA,ins,train
0NT2PcOIEjI,UCc0GJrmUnCvxr5H7vjxx0eg,bfi,train
0O1z_YqUn-w,UC1f5xYbrZxLkklmGkow7AgA,svk,train
0OPLh3nfYbI,UC6G_Qzg5Sr7x4Wb6iJiAB-Q,kvk,train
0OSuc19QPVM,UC75cYKm6WbSk-se1deWaD0g,hsh,train
0OXk-K8dyAY,UCGisGwX9Mh6T6WrJsx-VjDg,pso,validation
0OkUiO8e5yo,UC75cYKm6WbSk-se1deWaD0g,hsh,train
0Osnjrv-PeE,UC3hOdPWDnQBs9NTt3y2fPRg,ase,test
0P-4kPS3cls,UC85LK96DQppcG7tpcqCcvIw,ase,train
0P0K2aXq_q0,UCCBWup10InaMbVxOwQUQPnA,ase,train
0PgBfJcbyNw,UCRnwGz8hAk9tsmRW3MBHUoA,gsg,train
0PixF6d3mQE,UCrdYVJMiz9i3wCY1oueNQbw,aed,train
0PyopyIgDSQ,UC75cYKm6WbSk-se1deWaD0g,hsh,train
0Q3Ik0o3JuA,UCirJP-oRh4ftYT1RH2sRwlQ,ase,train
0QMdPNTJNhY,UCj1wHD7F9nFvc6DIDlEniGw,csc,train
0QgDWB3M47g,UCuyQHJ4y76-i0w9N33vT-kg,ase,validation
0Qw3bnby23c,UCheJ6LLZBG2v34_yoCxoCuQ,asf,train
0RBloTezggU,UC4mjeyM08arGRyqyG80PlvQ,bfi,train
0RFVhML8EWc,UCAbFXOPq0sx03ev-kO3FE2A,ase,train
0RK9o-eR5Do,UCx8jxChJznkRPJCE79qldOg,pso,train
0RT0PruNa8Y,UCjCBX_ZL4T0nCyq3AgFVsDg,asf,train
0S8vLSdmpHw,UC4VHfRJHnbcGVLcr9vQIihQ,bfi,train
0SDfBBjRwQk,UCNuTk4O2fo38g2nmsGRSkzg,ase,test
0SIy6ed4r80,UCT_ibOnQ79FD6UX9nUwl1Fw,ise,train
0SMVIp9MCk4,UCctnLMs5hWKC_qXO3xZE6XA,ase,train
0SoHPxQjFqM,UCN2p6vnB_YzutqYwm0veHpQ,ase,train
0TgSMo2M8G8,UClyngyD31Bj6fPGCDyobHYA,ase,train
0Tvq-jiew6M,UCWVUF_aLbNrR_ObLwWZcU2Q,fsl,train
0TyvE4zINHM,UC5hrKEYa8zJLnYcQoEJmxOw,ase,train
0U-CXUgGL74,UCWif2ls3MB_CDmg4z17y6tA,ils,train
0UC23EmZ1RY,UCNMh0csop45XxYU0itusr1Q,jsl,train
0Ut8MOqBghg,UCSbQw9LWLhHPpnlkWkHJdnQ,ase,test
0VQ9H3AxdGc,UCuyQHJ4y76-i0w9N33vT-kg,ase,validation
0V_qwsZ87t0,UCcKetdJqFvXWMkM0WSMKH2w,icl,train
0VsyxGx1-8Y,UCkyteSyUaOq2mH3RIKgFXcw,ase,test
0VzWyoIffzU,UCEPuAkI8Fx_dqb2RMoy00CA,asf,validation
0W3wXxl1Fwk,UCufxp6ZwK8zEstJ4BISgG4A,ase,validation
0WFkck-T1Mk,UCe2lcoNfWAp4bc0JySWnkmw,ssp,train
0WQB0_aOMFU,UChAe0B2jNvY7zmU_aoeXIZg,bzs,train
0X3l7sFL-WY,UC-8TBU8-W613NU2ysMh8DWQ,ase,train
0XGfpv6PUq4,UC1RSAi5juo6mvCBDdmPKX7g,ase,train
0XPKtR9nOeM,UCs98soN6aBb6gnfbrLl-W0w,???,train
0XuYL6bKxa8,UC0ssa7FTeHexuO6wHhbX9ow,ase,test
0YCRRao_Po0,UCw8k42lRa3GdqXEF3lFL34w,gsg,train
0Yfwdxpora0,UC6ipV-gyyLuPZu4QIOm7Hag,gsg,train
0Z2oHGFuhc0,UCxbqtegH8gswjgUGTh46apQ,gsg,train
0Z7HC7UPars,UCs98soN6aBb6gnfbrLl-W0w,???,train
0ZItRubWbrU,UC4KyhBCXwO-aSXDN-QyeSmQ,ase,train
0ZNdpa2RDDM,UCqLGAeTQmlRVfLK6jAWvDxA,ins,train
0ZrapD0uIek,UCe2lcoNfWAp4bc0JySWnkmw,ssp,train
0aVbs30Dg5M,UCUW9iqeKBSdegW5onoBnx_w,hsh,train
0anurowGDtM,UC85LK96DQppcG7tpcqCcvIw,ase,train
0av-wKimT9Q,UCaayieDFpDIZ1b_mspO_Rzg,ase,train
0bQ8DNMSKEY,UChTbPO97Nt0OTDvqSBjhrVQ,isr,train
0bQTc43lEIE,UCUW9iqeKBSdegW5onoBnx_w,hsh,train
0bX29nB6Pe0,UCI4A_xft-8uziHWd1-Q0NWA,ase,train
0bd_WDPgU9k,UC99w_Bzj8ikOz8Gpv0prbNg,ins,train
0bigmk_64OE,UCkS3uW63Bc1204hDS18Y_CQ,swl,train
0cK5SNl2P74,UC-8TBU8-W613NU2ysMh8DWQ,ase,train
0cXL7hm4ssE,UCvrsnjoJpCj7A0-Nu5JTA4A,fsl,train
0cqOOQfeMRA,UChTbPO97Nt0OTDvqSBjhrVQ,isr,train
0cw4rELLAtc,UCFhkMmkHRtwFTMAFiABkTOw,bfi,test
0d-RKNdFd68,UC_9x0YFY3tQhHD1oxDriZ9g,sgg,train
0dB7lVpTwMk,UC99w_Bzj8ikOz8Gpv0prbNg,ins,train
0dMMGRq3EaI,UClP0YRrEHpWn3_Uv2XYb5Zg,ase,train
0dMq7s14Y04,UC_9x0YFY3tQhHD1oxDriZ9g,sgg,train
0dms_nImSTk,UCei9euUq-E7P99GtMUPbLKA,asf,train
0eGPxYsGQ7s,UC4KyhBCXwO-aSXDN-QyeSmQ,ase,train
0ejRgBDRfbY,UC-mxCnXPYvlmiR_l0b7VMow,ase,train
0ewF2xMibeo,UCGetke4UduY0z2OCuxJWOsg,ase,train
0fKjJfCRK08,UCWif2ls3MB_CDmg4z17y6tA,ils,train
0fO6_QOBC8Y,UC75cYKm6WbSk-se1deWaD0g,hsh,train
0fuRN-tghQM,UCe2lcoNfWAp4bc0JySWnkmw,ssp,train
0gtAdyQkGvg,UCTwn0S3x3B8LKuPFN3ooAyw,ise,validation
0gzQAgjx39o,UCv5r7q7oDT9_abNYJGj-6Uw,ase,test
0hGaPpGSvmc,UCT4VSq3A4ZgpMJ8nvHOccHA,ase,train
0hS8ApxqIlA,UCcKetdJqFvXWMkM0WSMKH2w,icl,train
0iB4cYobeEY,UCqd6eos5-i46NbDH1uLWdFQ,bfi,train
0iJ5ac1feUo,UCuyQHJ4y76-i0w9N33vT-kg,ase,validation
0iYRV1_ZYWE,UCWif2ls3MB_CDmg4z17y6tA,ils,train
0ibHGUofRWQ,UCZY4hznayzjyylQEj5sD6tg,ase,train
0j0dQ2KgClE,UC75cYKm6WbSk-se1deWaD0g,hsh,train
0jUjR_hp7iw,UCqtaBrGzW-WzWVdhrjCBQ4g,tsm,train
0k6USIJasZY,UCZy9xs6Tn9vWqN_5l0EEIZA,ase,train
0kQEvxqIi4k,UCWAVxwEn9KPfQ0exkK1bzkw,ase,train
0kzxvK-_JXE,UCDivIPRtPf_EHSiRfkwkfZA,bfi,train
0lFE6N7UKUQ,UCU-BoMq4MFHlq9QnUMqBfDg,ase,test
0l_YxGEsYDg,UCAdAQUSkentlD_VLysNmIVg,ase,train
0l_po5jOEoc,UCT_ibOnQ79FD6UX9nUwl1Fw,ise,train
0lbeqvAtWPU,UCwc0xtGUmoxvjYzaZNYCnEA,ase,train
0m7ZeBZyT_Y,UCZOG75UwSlaFOu-BmfSccUg,bfi,train
0mPVkP_2lcI,UCFfgJbY2jt4Notzk5M3baOA,asf,test
0mXlVK5EYA8,UCbdRgG-NhSwFlRV3MGVp_cQ,dse,train
0mlv4bOMghw,UC-Yown0jHQ5EOs0TwZrs-8A,fsl,train
0mlwYkrlmGs,UCd82oHXXTNYWtehOUJPpyAg,ase,test
0mwEzpqysps,UCOuE0zw9VItn-Bv71BNeBVQ,fsl,train
0mzLk02aYCA,UC5H_CO6QGwd9hilVnfujz_w,bfi,train
0n3aQQRvX_A,UCorj4-intk2Q9QVMBrlfQKw,ase,train
0o5sm3Nx9y0,UCgvywbxAcsgJr_gfpqKLXXw,pso,train
0ozA6CspdcQ,UCuyQHJ4y76-i0w9N33vT-kg,ase,validation
0p3ar2p6vlo,UCRFvc2c4c9zSx-cFX9pvDSg,bzs,test
0q0LHON1Dug,UCFJLzd1pDjTJgPPHCpDfAwA,ssr,train
0qHkmp3KNPk,UCPDx1M0nGX8vthfNPfyCiOw,ase,train
0qNmQl7adtU,UCFuu8KsC_I8RUWsRopecLOQ,bzs,validation
0qT7ES2CdX0,UCizGctLgAahGlOvtSAKdq3g,jsl,train
0qYLxdhbw6Y,UCWif2ls3MB_CDmg4z17y6tA,ils,train
0qb8BQ3lPb4,UC6AhVjMzrLvPZDB9ifJedDQ,ase,train
0qtZASvLIak,UCOM_JRuoDUSKu68gp3-3IEQ,ase,train
0quanqV9TLM,UCAPKIo9ykV8iShMmG7c-BQA,swl,train
0rDOJ4ibYCQ,UCLwjQ2R8M8YuItmwWIZpmEQ,jos,train
0rF-F0tPKLw,UCYWJdRpk2jOOZaqvXGVjkxw,ase,train
0rO413yD-gM,UCqLGAeTQmlRVfLK6jAWvDxA,ins,train
0rcaWhLNlXg,UCsEBkTy545q7ZQXmbRu1szg,ase,test
0rf0xrHtrmQ,UCFfgJbY2jt4Notzk5M3baOA,asf,test
0rq4nkWlO2E,UCWAVxwEn9KPfQ0exkK1bzkw,ase,train
0s6E7uGXjRc,UC7mjutpeJU1WVxtkGOvrDRg,ase,train
0s9fX3XG_ks,UC7PByT-DKjERtGRmxfyWvnw,ssp,train
0sLIDjSbdxA,UC1ncGuTT9ee56Q-TGD29UwA,ase,train
0shy_yKSqZk,UC75cYKm6WbSk-se1deWaD0g,hsh,train
0spFpQr5gwQ,UCT_ibOnQ79FD6UX9nUwl1Fw,ise,train
0spc5jBqXA4,UC75cYKm6WbSk-se1deWaD0g,hsh,train
0t5D1LI2MWk,UCLgti7NuK0RuW9wty-fxPjQ,bzs,train
0tQRCmF1lhE,UCSMZ4td6mZMJVxJ2ow7zY4A,ase,train
0tis6IBzN-I,UCGxfHBfP4ZBpg4TDg8v8G3A,ase,train
0tjM8lemVKI,UCxL5EZmsJbbN-vrvhL2-DJg,ase,train
0ttF9J-6Gjs,UC85LK96DQppcG7tpcqCcvIw,ase,train
0uQeqMpE4A4,UCNMh0csop45XxYU0itusr1Q,jsl,train
0uW4g4KEFMA,UCsZjGoOcZuj69opN4bpeXLA,ase,train
0udTXFEOTp8,UCSMZ4td6mZMJVxJ2ow7zY4A,ase,train
0uoM-NzeS6U,UCVXs-gpiShteq96nXu-Fbjg,ase,train
0upzydpansc,UCQ_jW1xLUF7Sg711yXVvQPQ,ise,train
0vGdy4RdoPQ,UCn5POWoRLDvh59noHQ7Nubg,pso,train
0vLMr2lZ0sg,UCuyQHJ4y76-i0w9N33vT-kg,ase,validation
0vqnjAecNI4,UCCPz-p_rFBmLtWfqSX48AeQ,ase,train
0vxR8LpCsd0,UCLZ-LkPh14mi5FAhz4XZovg,asf,train
0wGwdqUwNYo,UC55C6FrDNkoh1-S8tGHdCDw,ise,train
0wwPwH3cFTk,UCpKPV8LS9y2qUuuExuOJ1sg,pso,train
0wxkOvaatTs,UCuseIvrm7VZrcUJipa5yw9g,ase,train
0xIt5Er-g0g,UCGQ1207d-sBzP6ak1k68qyA,ssp,train
0xLinXeAep8,UCvZuT-5DVHorGulhwsV-DOA,ase,validation
0xvqaVi7gvg,UCZOG75UwSlaFOu-BmfSccUg,bfi,train
0y1Q19q9sGw,UCVCtmsq2MwxRAD5fdFeQp2Q,fse,train
0y2hArahKO0,UC75cYKm6WbSk-se1deWaD0g,hsh,train
0yEAmgXovmM,UCFcpIA0onxgAkdsh3K0gpeQ,ssp,train
0yEiW9CzHpM,UCroQ9rJmC08v54nZcZ-ZyJw,ils,train
0yKm_dLloIY,UCYyRpJBseu43EojDdSUcSyA,ase,train
0yei-EutgH8,UC75cYKm6WbSk-se1deWaD0g,hsh,train
0yiJ2uCOTus,UCoA3JvRkP1z3GE6x5jo6OzA,rsl,train
0z4A33Gi1ps,UCizGctLgAahGlOvtSAKdq3g,jsl,train
0zIK6G6DdTI,UC3etnnsIxGpH89XgojqE0Ng,ase,train
0zv14ho2z2U,UCXAivKbEyzTb5tqwEu2ZDcw,ase,train
0zxFWJx4YIg,UCqLGAeTQmlRVfLK6jAWvDxA,ins,train
1-0JNGEc2t4,UCAPKIo9ykV8iShMmG7c-BQA,swl,train
1-318kMHYi0,UCqLGAeTQmlRVfLK6jAWvDxA,ins,train
1-G5t0JX_kY,UCS_sxPSNGTfpkoa5nYEt-1g,ase,test
1-OObKfVzTs,UCheJ6LLZBG2v34_yoCxoCuQ,asf,train
1-UWD5mgnAw,UCaayieDFpDIZ1b_mspO_Rzg,ase,train
1-bCws7TnBs,UC85LK96DQppcG7tpcqCcvIw,ase,train
1-saQGg__0E,UCyl2koki10uOzPU3chYrHuQ,ase,train
1-xtZ5QI5vM,UC99w_Bzj8ikOz8Gpv0prbNg,ins,train
106BTMBqkxI,UCaTMaFNkTiwgsSQ7FYaiaTQ,ins,train
10XtDlKwdRo,UCVyxYoSW-59ZPCd4krQg3fA,ase,train
10Z40X0jWH8,UCqLGAeTQmlRVfLK6jAWvDxA,ins,train
11DuGvZlzc0,UCRRD3yalnoHR0ZvXqhiTI4Q,bzs,train
11qYnjz3sfo,UCs1S_ZbrCZw2xAJhK7ciBqQ,ase,train
11somBwMcrE,UC_wh7CAHsakVopKtr8NnXsA,jsl,train
131a-N0DOuk,UCQJVI4-q2aT-9pSEmwtrMoA,ase,validation
14SjcMwwNhM,UCiMg06DjcUk5FRiM3g5sqoQ,ase,train
14W7LphO2fo,UC-Yown0jHQ5EOs0TwZrs-8A,fsl,train
14X6oChjjT4,UCf1of2zff4AmiK-WKmCuOtA,ase,train
14ZYvdJlq7A,UCWif2ls3MB_CDmg4z17y6tA,ils,train
14diAi-BS40,UCaayieDFpDIZ1b_mspO_Rzg,ase,train
14iAd5K7o1U,UCDivIPRtPf_EHSiRfkwkfZA,bfi,train
158nOKlD6bY,UCFfgJbY2jt4Notzk5M3baOA,asf,test
15D1XA1-EtA,UCuyQHJ4y76-i0w9N33vT-kg,ase,validation
15DWG5wQcNI,UCNPWH8ACisXycX3eSC_2F2A,ase,validation
15ctJk_hrI4,UC5bGL3ozWZL_PNZjmSwXnTA,pso,train
15uD4UdvOGU,UCfY_uBhH841gxpS0FhUqzvw,ase,train
162KKfU36nI,UCfrYaR1kmCHf8ddHb8O8niw,lls,train
164Zlx6gOFA,UCR7_ied3vPnb7Jwmplsz4ug,ase,train
16lQn-p5AxI,UCGaQdCK2m305CkMZQasoz7w,csc,train
16qygSE343A,UCI4A_xft-8uziHWd1-Q0NWA,ase,train
16yp4zWo9Jo,UCgEYcVOHaAhiJV9WpWwtisQ,ase,train
1764rTxY5n8,UC1f5xYbrZxLkklmGkow7AgA,cse,train
177KYluBo9U,UC75cYKm6WbSk-se1deWaD0g,hsh,train
179vsHedsTU,UCFfgJbY2jt4Notzk5M3baOA,asf,test
17K1sRYGkCo,UC24mLRMJ5viEWx11Pm8eJjQ,ase,train
18F5fd0rBsw,UCWif2ls3MB_CDmg4z17y6tA,ils,train
18i6NG-Y4SA,UC3D3um9BcGkQzquorcKWQLQ,ssp,test
18mQNyvt-5k,UCqLGAeTQmlRVfLK6jAWvDxA,ins,train
18v-cIjBKSQ,UCDaXsbs4hNm7X1QC_X9aTMA,ase,train
18wQ6TSgMeo,UCGisGwX9Mh6T6WrJsx-VjDg,pso,validation
19-Ryj5gstM,UChTbPO97Nt0OTDvqSBjhrVQ,isr,train
197wXR66szM,UCwc0xtGUmoxvjYzaZNYCnEA,ase,train
19Knj6oOlSw,UCGSOIZCNsXw6BTjh0g-Pvzg,ase,train
19Q5h1mfPWg,UC5H_CO6QGwd9hilVnfujz_w,bfi,train
19UigxUqGnE,UCyl2koki10uOzPU3chYrHuQ,ase,train
19WmDt2IEcY,UChY4vrAMEXvYXcuXg50sc1Q,asf,train
19wDw-2SqlU,UCOaeDgls4FzoVkrYiXkJnOA,gsg,train
1AGguo_nNTo,UCqLGAeTQmlRVfLK6jAWvDxA,ins,train
1AIzxgKwQgA,UC75cYKm6WbSk-se1deWaD0g,hsh,train
1AQJ2z_ij7I,UCXuTK8atuQJiJ-qLHbjgaag,bzs,train
1AXUgk0yLI8,UCLUSM7sbFDJD4EeLCegPB1Q,pso,train
1Aa4aJ76A4Q,UCSDf7TIwdqLAB2l6H8foi2Q,ase,train
1AfvA4ETdMI,UCe2lcoNfWAp4bc0JySWnkmw,ssp,train
1BGDcIu32I4,UC55C6FrDNkoh1-S8tGHdCDw,ise,train
1C6NFEIG7SI,UC5H_CO6QGwd9hilVnfujz_w,bfi,train
1CTMvrzoR5s,UCFJLzd1pDjTJgPPHCpDfAwA,ssr,train
1DQ3TjjACk4,UCT_ibOnQ79FD6UX9nUwl1Fw,ise,train
1DVs9Jd3X00,UC6b1zI_hrSg-1nAndUEapeQ,ssp,train
1DjWCmuLKgE,UC5Xzq4Gg6mSNymC4xIaZg1g,ase,train
1Do7AfsaVeI,UCrcYjoyYuUQhxwlX69cCn4Q,ase,train
1DtOv8mMJPw,,ase,unassigned
1EO4CQKEURY,UCcKetdJqFvXWMkM0WSMKH2w,icl,train
1Ew9n25FTTk,UC_9x0YFY3tQhHD1oxDriZ9g,sgg,train
1F1zfy98FWE,UCWif2ls3MB_CDmg4z17y6tA,ils,train
1G11Cb2SPCg,UC75cYKm6WbSk-se1deWaD0g,hsh,train
1GdzGKD-VnQ,UCBdpdF0Q7UVBrJRrGgN1PeA,ase,train
1Gw0XlA_azM,UC75cYKm6WbSk-se1deWaD0g,hsh,train
1H4UJFuh7UM,UC6b1zI_hrSg-1nAndUEapeQ,ssp,train
1HAW4D7vveE,UCWif2ls3MB_CDmg4z17y6tA,ils,train
1HBEGIOndTE,UC7fVfWv6FL7HeTFeSLz-muQ,ase,train
1HNIKo7QeYQ,UCFyhiizY8-4GUcAeYQlylMg,jsl,train
1HTJc_NY9_U,UCWbnHpCljj8MuTeNnCiNVew,ase,train
1Htwr-zvUoI,UC85LK96DQppcG7tpcqCcvIw,ase,train
1I4MM9pRbXk,UCe2lcoNfWAp4bc0JySWnkmw,ssp,train
1I5Eab0-mgU,UC8dHtefYYC4TmhRS_0qtKTA,bzs,train
1IMJXby62gg,UC8ceG17wDKyQv5jcV86gz2A,ase,validation
1Imodh5u5Rg,UCwc0xtGUmoxvjYzaZNYCnEA,ase,train
1J-UTJvFPH4,UC00w49_nb3oRX8rC5sGFdxQ,sgg,train
1JI0VePnXUg,UC6ODhWmSOVGl8oFg9N5NhhA,ase,train
1JcyUKyAqO4,UCWif2ls3MB_CDmg4z17y6tA,ils,train
1JvOw09N3Dc,UC3Z-XjH9KLIvQwU9J4-erSg,swl,train
1KAB0nigMeY,UCDaXsbs4hNm7X1QC_X9aTMA,ase,train
1KPnGcslx_c,UCiLvX-CBPxTqYhIoFQEv-Ig,ase,train
1KwwyZiAahg,UC6ipV-gyyLuPZu4QIOm7Hag,gsg,train
1L560qaV9aM,UC-8TBU8-W613NU2ysMh8DWQ,ase,train
1L5wjKRvYsA,UC4VHfRJHnbcGVLcr9vQIihQ,bfi,train
1LWobzBO0E0,UClf6uXqvt7z6Xr2wqGNxtwg,ase,train
1Lc6keMAgVM,UC75cYKm6WbSk-se1deWaD0g,hsh,train
1Lwe4cE1_XE,UC75cYKm6WbSk-se1deWaD0g,hsh,train
1M2fBCtm_jQ,UCjCBX_ZL4T0nCyq3AgFVsDg,asf,train
1MW4skTG0m4,UC9MGNRfXnAFlg_KQWBWQCyg,ase,validation
1MXVCVH4g0U,UC85LK96DQppcG7tpcqCcvIw,ase,train
1Mc-0cm0H-0,UCJzu69TgtBwVc03QEP9gL6A,rsl,train
1MyoQ7RBWN0,UCPgIzfHK5zkJXIygSEjxO4Q,icl,train
1N6J5Sq31WY,UC6OCXcxQ4yKoPfsUPWg99bg,ase,train
1N7xp53kxnc,UCwwwKsXYBZf5VsdJ-kK6zTg,rsl,train
1NNpTjkA-Vc,UCSMZ4td6mZMJVxJ2ow7zY4A,ase,train
1NsA3utS6To,UCmfgapcTDr3G1qHMgfOkkfA,ase,train
1OFiWJo8Hh0,UCe2lcoNfWAp4bc0JySWnkmw,ssp,train
1OR8qUmcR9g,UCYyRpJBseu43EojDdSUcSyA,ase,train
1Ov5Kuhijeo,UCufxp6ZwK8zEstJ4BISgG4A,ase,validation
1Ox6zmmAFk8,UC7PByT-DKjERtGRmxfyWvnw,ssp,train
1OyU2QZFvsg,UCWVUF_aLbNrR_ObLwWZcU2Q,fsl,train
1P1C6xrixVo,UCEPuAkI8Fx_dqb2RMoy00CA,asf,validation
1PDUSECpQy4,UCPTbovTtAz9LaZOSHLkpq-A,aed,train
1PFjwsdX9t0,UC-gc7H_gu_IYUAxO2cu6STA,ise,train
1PcTODUZrLE,UCKGWL_pjR6PJC2bWAYf04WQ,fsl,train
1PozVLc4r9U,UC75cYKm6WbSk-se1deWaD0g,hsh,train
1Pq8J2j5nDw,UCpYp9GcXspUXMjsKeVdmlvA,gsg,train
1Q-FOGPcx0Q,UCAPKIo9ykV8iShMmG7c-BQA,swl,train
1Q-fpFGqLes,UCqcPq78mKxbIuSzIKdrQMyA,ase,train
1Q4bAWsS750,UCWif2ls3MB_CDmg4z17y6tA,ils,train
1Q9Mo892UTU,UCaayieDFpDIZ1b_mspO_Rzg,ase,train
1QeWFRtBy_A,UCe2lcoNfWAp4bc0JySWnkmw,ssp,train
1Qrwys9gGaI,,ase,unassigned
1R5EsvdyODA,UCZ3vY1_AhI-UpoQwu-HqXgw,ase,train
1R90waOdJeM,UCs1S_ZbrCZw2xAJhK7ciBqQ,ase,train
1RHbfw12FPE,UCcQpo-R9kLVlA4_ph_qIezA,ase,train
1Rl908nVWlY,UC9ZRVOEZQAay8Bzsdtu2n3w,ase,train
1S0otQxKUcs,UCCOaLeJLHuYax7_k5wbC6cw,ase,train
1STD_kxgkZc,UCcKetdJqFvXWMkM0WSMKH2w,icl,train
1T2p2Cmw6Qc,UC4SqFeQL9FsN2A-2cBbUS5g,bzs,train
1TDlQngh_lA,UCFcpIA0onxgAkdsh3K0gpeQ,ssp,train
1TLmXvH-y2Y,UCEPuAkI8Fx_dqb2RMoy00CA,asf,validation
1Tr77GEcSrE,UCYCp9K52rwatFrl5JOO_2Tw,ase,train
1U-rv8VSGpE,UCuyQHJ4y76-i0w9N33vT-kg,ase,validation
1UE60O6dsiU,UCLjV1ol_2nnVsk_wLZfjPFw,ase,train
1UUn5uEhswM,UC75cYKm6WbSk-se1deWaD0g,hsh,train
1UnaDhnXgks,UC99mR9Uvb6VuIlb4CW4czgg,pso,train
1UxlgLlvWeI,UCKZipOudFKJtiZ_3VJKKcng,vietnam,train
1V4fgni3b7k,UC75cYKm6WbSk-se1deWaD0g,hsh,train
1VCOfxu2cD8,UCEPuAkI8Fx_dqb2RMoy00CA,asf,validation
1VWHMrjkviU,UCWif2ls3MB_CDmg4z17y6tA,ils,train
1Vl-bI7Oa6c,UCzzrQTsLz-maRhtbEjQc1-w,ase,train
1Vmcx9Ky0Hw,UCGisGwX9Mh6T6WrJsx-VjDg,pso,validation
1W05nmX9T38,UCBxFGQJfsVq4P1W0M-sjIkA,ase,train
1W9pXUryFvY,UCZ3vY1_AhI-UpoQwu-HqXgw,ase,train
1WC9RcsGDYc,UC75cYKm6WbSk-se1deWaD0g,hsh,train
1Wol7Y3ezhA,UCIgHUuQkvuwRu-ABIbL4dmg,ase,train
1XGGYA2sAGU,UC85LK96DQppcG7tpcqCcvIw,ase,train
1XIEO67GJ_w,UCIYyD-O85i1hNkZ8354aX8g,ase,train
1XoJGs6AYgo,UCNwQV9aYkwmPaSrFXgrReiw,svk,train
1YTQL96dKNM,UCaEa-LjV-VwFJ3Flc0ndcWg,hks,train
1Y_82SjZKP4,UCFfgJbY2jt4Notzk5M3baOA,asf,test
1YjsTc70vK4,UC7grq7w27wu0zllsk4kBiFA,ase,validation
1YkeunxfWDI,UCC4RZThTgaepMZZS1CAHxwA,ase,train
1ZQMudaECck,UCUW9iqeKBSdegW5onoBnx_w,hsh,train
1ZQlKQsY0_0,UCuVjpvibOEnsMkOmC4pCM_Q,ase,test
1ZRmzT-N_Ms,UCwqEqOwMTe7GrrcTD0A3kfQ,ase,train
1ZhHBbEGwX0,UCaHpmqlbEtpKQSwyUnE9PkA,jsl,train
1ZrUru3Bov4,UCA9v4P4ZEgOJY1o31gEyxyg,ase,train
1_Z_Zf318z8,UCNF4sEsFAz4Ezpvm-xLFsqg,ils,train
1_eH7_iG42o,UCFuu8KsC_I8RUWsRopecLOQ,bzs,validation
1_m0boe4218,UCEPuAkI8Fx_dqb2RMoy00CA,asf,validation
1_scr4P1Epw,UC-gc7H_gu_IYUAxO2cu6STA,ise,train
1a8p5mDbRDs,UC3hOdPWDnQBs9NTt3y2fPRg,ase,test
1aJSOGb9gaA,UCQhOtzmEDcf4XZk-vYf9hYQ,ase,train
1a__VSfTk4I,UCDL2Ug9aPMTAK0FDfWopZMw,ase,test
1ai1UTZUYBs,UCXuTK8atuQJiJ-qLHbjgaag,bzs,train
1akHL1w-dg4,UCuyQHJ4y76-i0w9N33vT-kg,ase,validation
1ars0WWLX8Y,UC75cYKm6WbSk-se1deWaD0g,hsh,train
1b48-ql3TF0,UCWif2ls3MB_CDmg4z17y6tA,ils,train
1b7S_U2fY8E,UCwcJIfRFwLcZF_teq6A86dA,ssp,test
1bXffuANVQM,UCFcpIA0onxgAkdsh3K0gpeQ,ssp,train
1bbjVaZhIq8,UCqLGAeTQmlRVfLK6jAWvDxA,ins,train
1bplwoxPbLc,UCOI8RZSbSOLBDezjtKvoYAA,ase,train
1bqfX3DwZWY,UCaHpmqlbEtpKQSwyUnE9PkA,jsl,train
1c9mX597yaM,UCAPKIo9ykV8iShMmG7c-BQA,swl,train
1cC_x23LZkY,UCDivIPRtPf_EHSiRfkwkfZA,bfi,train
1cT1QvE21jE,UC7PByT-DKjERtGRmxfyWvnw,ssp,train
1cT9kp1pI8A,UCaayieDFpDIZ1b_mspO_Rzg,ase,train
1d3pYo5Vd8c,UCKGWL_pjR6PJC2bWAYf04WQ,fsl,train
1dJJo63fKRw,UCFuu8KsC_I8RUWsRopecLOQ,bzs,validation
1dRICILzf_Y,UCFfgJbY2jt4Notzk5M3baOA,asf,test
1dUEVzpjigE,UCDWuLgx0vTYBGr1G-diNgSw,jsl,train
1dvlPox4zUo,UChTbPO97Nt0OTDvqSBjhrVQ,isr,train
1eHR1Kopsus,UC8wOmnh8LwtYpqP-KnvG2ag,ase,test
1eL07Y6Y7kc,UCnTpkSq-abN5JGWwSg-W3yw,nsl,train
1eNYxIPazLw,UCcKetdJqFvXWMkM0WSMKH2w,icl,train
1e_omZm2H1I,UCuyQHJ4y76-i0w9N33vT-kg,ase,validation
1euejXNmJg0,UC4KyhBCXwO-aSXDN-QyeSmQ,ase,train
1fCuZxuGHGM,UC-8TBU8-W613NU2ysMh8DWQ,ase,train
1fGB_SSJQ9g,UCK0KSN6zI3qIJG-OlJASgQg,ase,test
1gQsld3z52w,UCSwgy2NOSgP1OCue5lh_vrw,ase,train
1gUh1glGaTE,UC75cYKm6WbSk-se1deWaD0g,hsh,train
1g_-9TRenw4,UCpSikih7IbGHYmrHqWusbPA,pso,train
1gajFNAP30A,UCy-zbbeVBkNpvUh4xUkx40g,ase,test
1gdUXosrLiQ,UCLwjQ2R8M8YuItmwWIZpmEQ,jos,train
1hI4oN8u7-4,UC5S1zNP21fnH_xVERzTWuNg,ase,train
1hKx1BL1vVE,UCrcYjoyYuUQhxwlX69cCn4Q,ase,train
1hbX8sc2eHU,UCO5kEsnz9vd3Fm2OMRTZmrA,isr,train
1hf91jlRbIk,UC75cYKm6WbSk-se1deWaD0g,hsh,train
1hx1FwxD1bo,UCLzz9KVBGzJKUQ-CyIRmXoA,ise,train
1i-EXqAW414,UCUW9iqeKBSdegW5onoBnx_w,hsh,train
1i77fGafQFw,UCyQc-FXsBJ9qF7s7iik4VUA,psp,train
1jUjz71p-4k,UCly32S4raahgie7UFjJ9jug,ase,train
1jbiQpI0TM8,UCSMZ4td6mZMJVxJ2ow7zY4A,ase,train
1jcQJIcpWbs,UC4SqFeQL9FsN2A-2cBbUS5g,bzs,train
1jctttZlqFw,UCfrYaR1kmCHf8ddHb8O8niw,lls,train
1je3qlCnJlw,UCeM9ju-z8IoVGomUJHd7DLQ,pso,train
1jhsr7d19mg,UCszvwqbz04iulT9divgrNHw,ise,train
1kUj9kqDbs0,UCZjcSIqyos6XJ-utaahHkfg,ase,train
1ky1L6jzdAQ,UClv1kekXgC4s8Is-f1OBqQg,ase,train
1lFhA3eP9Pc,UCdwDM4WnD8s9Z1vKoEDxxuQ,ase,train
1lc8__0n4kQ,UCfcUb7cN2ss_hmp5A1PBL-Q,ase,train
1ld-r4ixE7w,UCjCBX_ZL4T0nCyq3AgFVsDg,asf,train
1m90lFIJSJM,UC75cYKm6WbSk-se1deWaD0g,hsh,train
1mRYOCgFouU,UC75cYKm6WbSk-se1deWaD0g,hsh,train
1mUrdx7JT70,UC-8TBU8-W613NU2ysMh8DWQ,ase,train
1mrADzwE4Ho,UC1mrgxxrCtcAUBFR5Z9Kn6A,ase,train
1nJt4VHPNE0,UCuPv3_NdWc7dFh9WqXCXXUw,ase,train
1nMYQmoyUU0,UCv2vB1PMjcB_eB0bEFQlqKw,gsg,train
1nWDIC2eiVY,UC5QbPKoOFPyUM_kt-0TFUgA,fsl,train
1nX62PGqsLg,UC6Sbc1vWr5J72WwfAyVMtiQ,bfi,train
1njnJ1osovw,UCs98soN6aBb6gnfbrLl-W0w,???,train
1o9Ds0fgYGA,UC99w_Bzj8ikOz8Gpv0prbNg,ins,train
1oKcvVXNKbk,UCxL5EZmsJbbN-vrvhL2-DJg,ase,train
1oS97dB9u5A,UCizGctLgAahGlOvtSAKdq3g,jsl,train
1opYrIh0eGc,UCaayieDFpDIZ1b_mspO_Rzg,ase,train
1p-EfPaJKEo,UChzC_xVgG6hNwzeinTWE0DA,gsg,train
1p1gWBabLOc,UC3dDOZWlV-xRz34PFC-Q5BQ,ase,train
1p3jY6qCT2E,UCA17q6v88p8FOlSDiWFkYyQ,bfi,train
1pGsO46dL9Y,UCCNxK-l_ABTpub8bv1gl-ng,ase,train
1pP5wq73O0w,UCBjB44dvd2F5MN-fC-eokIg,pso,train
1pX7IgExQzw,UCUqpH4Ascoi7vaCt5IqaAgg,gsg,train
1pq48b6a-Qg,UCqLGAeTQmlRVfLK6jAWvDxA,ins,train
1q3UWJNvSEo,UCBRYgj8lhwnr9FrETyJbYEA,ise,train
1qUsfQdZcvI,UCRRD3yalnoHR0ZvXqhiTI4Q,bzs,train
1qWGfoeAt5U,UCC4RZThTgaepMZZS1CAHxwA,ase,train
1qrxdNZgyiU,UCZ3vY1_AhI-UpoQwu-HqXgw,ase,train
1rEcrJSCSIM,UCqLGAeTQmlRVfLK6jAWvDxA,ins,train
1rNQ7YhHzt4,UC7PByT-DKjERtGRmxfyWvnw,ssp,train
1rTMbyap5OU,UC52_oqwxYEPBaVDcJZEWWfw,ase,test
1s4v-Mygobw,UC7PByT-DKjERtGRmxfyWvnw,ssp,train
1sEEsJKzVrc,UCWif2ls3MB_CDmg4z17y6tA,ils,train
1sJgjoqAH54,UC75cYKm6WbSk-se1deWaD0g,hsh,train
1sRS7VUnwFw,UCyQc-FXsBJ9qF7s7iik4VUA,psp,train
1shDjV2kuYI,UCuyQHJ4y76-i0w9N33vT-kg,ase,validation
1sml3ltiPdk,UC75cYKm6WbSk-se1deWaD0g,hsh,train
1so4-zBOcbk,UCqYXxY5-N6P9zazUv5dcBAw,ase,train
1tEowq0O07I,UCtjEjgYtRZWFL9pWa4yxtXg,jsl,train
1tdocyR8uvk,UCkfeTzU4woBrOqdoBfU8YGw,ase,train
1uAcqeRAURY,UCvvTbNabOb2VoS_fPcUqu0A,ase,train
1uDhBBpmxC8,UC55C6FrDNkoh1-S8tGHdCDw,ise,train
1uH2FAFqAI0,UCUW9iqeKBSdegW5onoBnx_w,hsh,train
1utumpy3Aec,UCkyteSyUaOq2mH3RIKgFXcw,ase,test
1uz3vYd3o6A,UCSwgy2NOSgP1OCue5lh_vrw,ase,train
1v-MqrbC5Js,UCyl2koki10uOzPU3chYrHuQ,ase,train
1v4ZVDE-M_4,UCTi9woRHA4r8e3oEWF8hxTA,aed,train
1vP4HNL8fzA,UCDu0XXRzxz8pvm0PsLpPxFA,ise,train
1vvP4ML4iuk,UC55C6FrDNkoh1-S8tGHdCDw,ise,train
1wDKGvD3V94,UCWif2ls3MB_CDmg4z17y6tA,ils,train
1wQ44ypM1k8,UCSwgy2NOSgP1OCue5lh_vrw,ase,train
1wWh42fayfg,UCSwgy2NOSgP1OCue5lh_vrw,ase,train
1wZ_kWRjc-E,UCLULAdF1-hor45QMG5DsjXQ,ase,train
1wpJB4aEs6M,UCLrN3LrNjn6WP8kLbIyHDjQ,ssp,validation
1xVwSAmmvYs,UC75cYKm6WbSk-se1deWaD0g,hsh,train
1xzjrdPv3h0,UCaW2eHMcX4-bOY_tNjNpLRA,ase,train
1yHXIGS8HCo,UCGkggeR449U_G_ULi-Y0G0A,hsh,train
1yycWziALCE,UCXWSzMsE5fSH99N5FdZHyTQ,ase,train
1zB3R6tR5Ow,UCuyQHJ4y76-i0w9N33vT-kg,ase,validation
1zRfH_9kqtk,UCaayieDFpDIZ1b_mspO_Rzg,ase,train
1zUrig_s5pU,UCSMZ4td6mZMJVxJ2ow7zY4A,ase,train
1zs34PV9OkM,UC5Xzq4Gg6mSNymC4xIaZg1g,ase,train
2-abPeU12NY,UCFfgJbY2jt4Notzk5M3baOA,asf,test
201byg5D-xQ,UC75cYKm6WbSk-se1deWaD0g,hsh,train
20Qt7rkcAY0,UCO9zhhszyR4Av4WxwdBJs-Q,ase,train
20jcz10-yRo,UC75cYKm6WbSk-se1deWaD0g,hsh,train
20xxcmliUhA,UCe2lcoNfWAp4bc0JySWnkmw,ssp,train
21LEakIaTu0,UCrQ1mDU-2-T-jJoBK6P9OyA,ase,train
21hYSM3QzEE,UCaTMaFNkTiwgsSQ7FYaiaTQ,ins,train
21rS1-my4g0,UCqd6eos5-i46NbDH1uLWdFQ,bfi,train
226CKUNss6k,UCMzI0ghXyfubsS0c0nN2aew,ase,test
22FOL6DTxgw,UCs98soN6aBb6gnfbrLl-W0w,???,train
22fr-FLAyBc,UC3D3um9BcGkQzquorcKWQLQ,ssp,test
22j18X0L5FM,UC7QNujTpyZqhFrP51eTA8uQ,hsh,train
22lGgQDiwII,UC0QbPSuIEnl5XBpcqmn5vVw,ase,train
22uLUzIsT0U,UCU_9wkBwqJODk-REd60Bx4g,pso,train
22xDxniHPZM,UCWif2ls3MB_CDmg4z17y6tA,ils,train
22yjCrTYPyo,UCjCBX_ZL4T0nCyq3AgFVsDg,asf,train
237k5BL8gu0,UCviWMeIdWLq2_7EX9-IeXKQ,ase,train
23CGtq6bcuU,UCT_ibOnQ79FD6UX9nUwl1Fw,ise,train
23RcAU6M69A,UCMfjVHF5e9FHoXaJzFFcydA,asq,train
23RlEnr7cWU,UC75cYKm6WbSk-se1deWaD0g,hsh,train
23dkx0FJKZo,UC55C6FrDNkoh1-S8tGHdCDw,ise,train
23tQHcy3VnI,UCQMjAITRLqEs98Ux4kW5_Yw,ase,train
24KPwgi6Uyw,UC75cYKm6WbSk-se1deWaD0g,hsh,train
24fz_9v18Us,UCaayieDFpDIZ1b_mspO_Rzg,ase,train
25MZKXnMWQs,UCmNtaYWMA2Zw7xXwje354Bw,ase,test
25S8bfyXw9E,,ase,unassigned
26P5WCWooP4,UC105VgZmM6zo1KEW6VZmJmg,ase,train
26RZ7EM-WSw,UCszvwqbz04iulT9divgrNHw,ise,train
26_Db1SNa_k,UCEPuAkI8Fx_dqb2RMoy00CA,asf,validation
26mHJ_jCawI,UCOuE0zw9VItn-Bv71BNeBVQ,fsl,train
26ohonk8pqc,UC85LK96DQppcG7tpcqCcvIw,ase,train
26uwfW-Oumo,UCeM9ju-z8IoVGomUJHd7DLQ,pso,train
276peqYh9s4,UCEPuAkI8Fx_dqb2RMoy00CA,asf,validation
27NNuHzlhmI,UCpMu0UlGa7e2EmKjVFb-2Hg,ase,test
27dGno6qw0o,UCcmJuUulPHzBUuQbQUN7GzQ,bfi,train
27h0DG012oo,UCWtYLw2FBLYcyzp5i1yU2oA,ase,train
27sFWKqaXI4,UCwE1IntC-kC37ne80RCgcKg,ase,train
285rs86fLlQ,UCAUljvSQLJG3lX_K8kfrbWw,tsq,train
28lbgFJJUKI,UCK-n3cLst9SuYfxk7oNhrlw,ase,train
299fkv24i_M,UCtCEoFMIllD5aOYneLrP4Vw,ase,validation
29B9l7jTFXw,UCqLGAeTQmlRVfLK6jAWvDxA,ins,train
29KwekCeoCw,UCyl2koki10uOzPU3chYrHuQ,ase,train
29SpO6UFs-I,UCqd6eos5-i46NbDH1uLWdFQ,bfi,train
29dv61f9QKY,UCx4quDOoIuGMfGJyPuVJ2YA,ase,train
29wUp2U9WsM,UCjVpsnDflFe9dOWZWlnxUrA,ase,train
29wswV4-oUo,UCaTMaFNkTiwgsSQ7FYaiaTQ,ins,train
2ANjnG7BTD4,UCGisGwX9Mh6T6WrJsx-VjDg,pso,validation
2APVII4Eu1Y,UCLG1ZDQqh5e1nVzXsxzeK0Q,bfi,train
2BV1v3bucNs,UC7PByT-DKjERtGRmxfyWvnw,ssp,train
2C6NWrsp6VE,UCdYZ0sevMGGVIOQUG7I6d6A,ase,train
2C8iyyc8_uM,UC7QNujTpyZqhFrP51eTA8uQ,hsh,train
2CBMZcrvOdA,UC7fVfWv6FL7HeTFeSLz-muQ,ase,train
2CCu6YEj2Tc,UCyIjlBUwgXeKO6MZ2Ospaxw,jsl,train
2CNp5oiPUQs,UC-gc7H_gu_IYUAxO2cu6STA,ise,train
2CQa497Lm8k,UCFcpIA0onxgAkdsh3K0gpeQ,ssp,train
2CYLSVtLCOw,UCMZD9P87-3WVUl2-nPOQagg,bzs,test
2CqEBeuSgYw,UCqLGAeTQmlRVfLK6jAWvDxA,ins,train
2CuKRAVPHw8,UC75cYKm6WbSk-se1deWaD0g,hsh,train
2D3S6Nsb7mM,UCJzu69TgtBwVc03QEP9gL6A,rsl,train
2D78-5p3s5E,UCOKBLQYhD1FHLw0R6NBcTsQ,ase,train
2DGjhMDkwTk,UC-_uxJSqfBKmSWcz4jeiY4w,ase,train
2DMDODY3SXo,UCBW4dt_QU8Ueom1ZvNxt9sA,ase,train
2Dp34T9g-fc,UC-8TBU8-W613NU2ysMh8DWQ,ase,train
2EKVWMwZEN0,UCtQg9Sbtr1Kk0VFIXoyDWKw,ase,train
2EUZtPTfMs4,UCXoXekjGbUtdi-Fb1-M3rhg,ase,train
2FGbE4ZuT-g,UCdsqe5lXTc8gXhe5vhO26vw,ase,train
2FaG5Ek166w,UCufxp6ZwK8zEstJ4BISgG4A,ase,validation
2FqUerxjxXY,UC0mDNsbDvkfQkvqaiWUYbrw,ase,train
2FtjrRgE2vY,UC-gc7H_gu_IYUAxO2cu6STA,ise,train
2GGsKLviHSA,UCLY2ZPlqIUF7ewP-3wRYCYg,ase,train
2GGuNEpQceM,UC5Xzq4Gg6mSNymC4xIaZg1g,ase,train
2HR6B4Kf3ks,UCapFShgxytRPexLxwUiXGVw,asq,train
2HVNBEduzKs,UCs98soN6aBb6gnfbrLl-W0w,???,train
2HXDR4Tl29k,UC5H_CO6QGwd9hilVnfujz_w,bfi,train
2Hy6uXW2TjY,UCxL5EZmsJbbN-vrvhL2-DJg,ase,train
2I9Zzb6LOu4,UC1f5xYbrZxLkklmGkow7AgA,svk,train
2Iax_vC1aMk,UCp7IlUWAY2GODEzp2U35G-w,ase,train
2IwfPcBglAw,UCEPuAkI8Fx_dqb2RMoy00CA,asf,validation
2JCl-r94LLM,UCPgIzfHK5zkJXIygSEjxO4Q,icl,train
2JKr3rTQBfU,UCvlog3G_774ibLZfyPI_yOg,bfi,test
2Jl76uVxWd0,UCWif2ls3MB_CDmg4z17y6tA,ils,train
2JuOEUUaPj8,UCe2lcoNfWAp4bc0JySWnkmw,ssp,train
2K6sNH3QdM4,UCaayieDFpDIZ1b_mspO_Rzg,ase,train
2KE5y4ZjKeQ,UCsQrWXkdcHSd95vsma6WJMQ,ase,test
2KPB9UJDEUU,UCb1Wbmx-13r8Dch4YoZFaiw,ase,test
2KaU9ZHE-jQ,UC4bQZVRde6pBnIYnHp9Lx9A,ase,test
2KsnO-LHsoY,UC93t6PJiqPnAOAxZs2xXf9Q,fcs,train
2LEpMiInAvQ,UC85LK96DQppcG7tpcqCcvIw,ase,train
2LHOIwlFjdA,UC1f5xYbrZxLkklmGkow7AgA,ils,train
2LKsWeZJmDg,UCgPgI0FiLs8v18146Suwo-w,csn,train
2LX4f0HAy6s,UCEPuAkI8Fx_dqb2RMoy00CA,asf,validation
2LwV2AuvNaU,UCwSFgVMq6sSsK8n29GLJFkg,ase,train
2M4urO1XobU,UCAPKIo9ykV8iShMmG7c-BQA,swl,train
2MEikalURro,UChTbPO97Nt0OTDvqSBjhrVQ,isr,train
2MNOPWzI7LQ,UCSwgy2NOSgP1OCue5lh_vrw,ase,train
2MVl4M-vkBo,UCEp0rsZTbruVpumG5NLaNFA,ase,train
2N4a3mnWzcc,UCFuu8KsC_I8RUWsRopecLOQ,bzs,validation
2NF2qVMuB_s,UCYzUa-Jxf5iuMq0i3nMr8Sg,aed,train
2Nmnf3DKw04,UCBRYgj8lhwnr9FrETyJbYEA,ise,train
2NnciUlOeko,UC5Xzq4Gg6mSNymC4xIaZg1g,ase,train
2O64ypfQZ3Q,UCbxuU8g8XjTY-tvr4L1dgMQ,ase,train
2OMcmqsFrlE,UCn5POWoRLDvh59noHQ7Nubg,pso,train
2Ok35WNbGr0,UCCNxK-l_ABTpub8bv1gl-ng,ase,train
2OwY8Lkn5dk,UCAPKIo9ykV8iShMmG7c-BQA,swl,train
2OyXy_GDN1c,UCChKgcgVNfCT2wO1AJwNkGA,jsl,train
2Pme66KeRa8,UCGaQdCK2m305CkMZQasoz7w,csc,train
2QB-YdxXSMY,UCp8C9xUJvb3ZXheRsFjo9zA,ase,train
2QImm7A2rPI,UCHckc4mrMU9b7L4hxQeN5HQ,ssp,test
2QN3ZksowD4,UCXuTK8atuQJiJ-qLHbjgaag,bzs,train
2QS9-UmhzMQ,UCmW6ihZmBKQGruMm4ALmzdw,fss,train
2QSlChnnFmU,UC1mrgxxrCtcAUBFR5Z9Kn6A,ase,train
2QsdpoGBMsE,UCDWuLgx0vTYBGr1G-diNgSw,jsl,train
2R8woMdxsoU,UCDsoH108wJ2A0GWVbv-laWA,bzs,train
2RCWXpSBrTE,UCsiNmghijZjrTAj_7gC1dNA,ase,train
2RjGna641y4,UCBxFGQJfsVq4P1W0M-sjIkA,ase,train
2S3RJji-__E,UC75cYKm6WbSk-se1deWaD0g,hsh,train
2SEp74TgXeM,UCOUypjawlHbRx6QKdd1YCuA,ase,validation
2STv7x4XU5g,UCvd8SHzSp07_U55qFI0-dDA,ase,train
2SbGqUdxJbY,UC5Xzq4Gg6mSNymC4xIaZg1g,ase,train
2SpylN1JxcE,UChTbPO97Nt0OTDvqSBjhrVQ,isr,train
2Tf-3zU5kxU,UC5Xzq4Gg6mSNymC4xIaZg1g,ase,train
2TgBoGnWtn0,UC99mR9Uvb6VuIlb4CW4czgg,pso,train
2Tgl8gxz_HA,UC7fVfWv6FL7HeTFeSLz-muQ,ase,train
2TvHGGrLFQw,UCQukMGEToh7Dcjsl8ZADaOw,ise,train
2U-Kx9ipG7w,UCNuTk4O2fo38g2nmsGRSkzg,ase,test
2UY7Oy9L2h0,UC75cYKm6WbSk-se1deWaD0g,hsh,train
2UY7tSwMHGg,UCCkAfmCTGkgJi3QlB_6vkqw,jsl,train
2Uax0lsVk_c,UCjCBX_ZL4T0nCyq3AgFVsDg,asf,train
2Uc3iU6olf0,UCwvdT7GEptJ7CGpcy4NFdaQ,ase,train
2UfduP22NdM,UCNVkYE2kB0RLgdoLB9FhU3A,ase,train
2Ut9YbjmJZA,UC6c7HMUMF_A7nZi2ysLfnig,ase,train
2V4tIqfl6vs,UCXBW618HY9QXsgVi4KqtRww,ase,train
2V5Gr96tJPU,UC0ssa7FTeHexuO6wHhbX9ow,ase,test
2VLP3RCTgDg,UCv2vB1PMjcB_eB0bEFQlqKw,gsg,train
2Vi5CJMgJMk,UCDbcnd_fVDjP4ttjyqa7lug,ase,train
2W8nPQFb3ZY,UCmzsUwg7xCtCvULFaYGtKLg,ase,train
2WIqCcxhqlM,UCLRF5vuXNY6gwY_djBMl9Zg,ase,train
2WM8mQa5HrM,UC75cYKm6WbSk-se1deWaD0g,hsh,train
2Wbk-bP2EwM,UCXPdhwRDuaqe7GdZbWbrR8g,ase,train
2Wsw0KI-yQg,UCaayieDFpDIZ1b_mspO_Rzg,ase,train
2WvGsW3j3tI,UCuyQHJ4y76-i0w9N33vT-kg,ase,validation
2WzVaSkJZxQ,UC3D3um9BcGkQzquorcKWQLQ,ssp,test
2XGXHraw8IM,UCXoXekjGbUtdi-Fb1-M3rhg,ase,train
2XMOcLnDFjQ,UCHWGrg1onMlNiEiC5nq0y7g,gsg,train
2Xuq_T1mACQ,UC7JuChYmxhljc49dE3JG6Zw,ise,validation
2YHIlq_OkOY,UCPgIzfHK5zkJXIygSEjxO4Q,icl,train
2YQt9YMam-Q,UC75cYKm6WbSk-se1deWaD0g,hsh,train
2Z3eNjiC0GY,UCWif2ls3MB_CDmg4z17y6tA,ils,train
2ZCzbuLTgrw,UCqLGAeTQmlRVfLK6jAWvDxA,ins,train
2ZPlVaRxxL0,UCWPkrOk-WKilNHCrpXa17JQ,ase,train
2ZeGSUpxztg,UCwc0xtGUmoxvjYzaZNYCnEA,ase,train
2_d_P_hJeGs,UCUW9iqeKBSdegW5onoBnx_w,hsh,train
2a47HBef2p0,UCFfAXfuCw-EHNVJgL_WEoQw,pso,train
2aHOCuMesGc,UCvfRSwVXPXPYLm5iUy0wrjQ,ase,train
2a_q2zdahjs,UCyD6epypPmiwcb_0n7hofuQ,swl,train
2ae6WWZj3iA,UCWif2ls3MB_CDmg4z17y6tA,ils,train
2aoZD2-m6es,UCaDrIDvpB0HdFTkpdjTPwSQ,rsl,train
2asJ4O2kqAs,UCizGctLgAahGlOvtSAKdq3g,jsl,train
2bazlZlfx2A,UCEPuAkI8Fx_dqb2RMoy00CA,asf,validation
2c-75MVk2XU,UCTi9woRHA4r8e3oEWF8hxTA,aed,train
2c1IquG_b50,UC7QNujTpyZqhFrP51eTA8uQ,hsh,train
2cK530UlxYY,UC3Z-XjH9KLIvQwU9J4-erSg,swl,train
2cLv_SXudrk,UCAPKIo9ykV8iShMmG7c-BQA,swl,train
2cmo4j9xcFI,UCqd6eos5-i46NbDH1uLWdFQ,bfi,train
2cryaHnc62w,UCmnrzYh93sxxLB5bw4Fz10A,ase,test
2ctCiA0emHo,UCgSwCawfopWlRFmD9PRaVdA,ase,train
2d9CDXg2UG0,UCs98soN6aBb6gnfbrLl-W0w,???,train
2d9aTwjGUdI,UCqtaBrGzW-WzWVdhrjCBQ4g,tsm,train
2dHbhuSEPis,UC5Xzq4Gg6mSNymC4xIaZg1g,ase,train
2e-uo8_3lJ0,UCCcKya95pnxKXpUqlzHplqA,ase,train
2eBL3Qmo6GY,UC3hOdPWDnQBs9NTt3y2fPRg,ase,test
2eifzHCteHA,UC85LK96DQppcG7tpcqCcvIw,ase,train
2ejWzp2faAA,UCYWJdRpk2jOOZaqvXGVjkxw,ase,train
2evbyCoxqj0,UC3D3um9BcGkQzquorcKWQLQ,ssp,test
2ewDjWBj04w,UCqLGAeTQmlRVfLK6jAWvDxA,ins,train
2f7m4cB-0JU,UCSNhfrkV9pxvUTAzfG6eu7w,ase,train
2gJfdAKRO2w,UC6IwTu3DmTe5bsElEqO4rdA,fsl,validation
2gW2DsesmvY,UC0ssa7FTeHexuO6wHhbX9ow,ase,test
2gzfHRJ7nNs,UC-gc7H_gu_IYUAxO2cu6STA,ise,train
2hT8Ogy7ADk,UCFfgJbY2jt4Notzk5M3baOA,asf,test
2hanDNjY1zo,UC3etnnsIxGpH89XgojqE0Ng,ase,train
2hcLIu4HCcY,UCvoOiiaQP-XJ8Kv6JY5da0A,ase,validation
2hgQAzs0FPc,UC-XWx33KnEIZ1uIx_wF9ohA,ase,train
2hntTYv0XhY,UCWif2ls3MB_CDmg4z17y6tA,ils,train
2hpELtgVx7w,UC75cYKm6WbSk-se1deWaD0g,hsh,train
2hvu7C1K5Ps,UCPgIzfHK5zkJXIygSEjxO4Q,icl,train
2hz6TDn6qSU,UC_i63jO1Mp4TAjJh9gMAscA,ase,train
2iB_MPv0arI,UCp1ei78EfKnQwthUXjfkjaw,bzs,train
2iZLY-dCmy0,UCB2TPZ9vox9PvK9arORVtNg,pso,train
2ieEZatqP14,UCpRhtdC_WIXa86E8vHlGfTg,ase,test
2ig2RqqUuGE,UC5Xzq4Gg6mSNymC4xIaZg1g,ase,train
2izKV5FbIuc,UCc5dpUKLcZQQaDxMB_nYi5g,ase,train
2jS6r1T92Rs,UCSwgy2NOSgP1OCue5lh_vrw,ase,train
2jpvenK_kSk,UCJDZUpRa1-sh6vg3aA9LBtg,fsl,train
2lH-bLdbnj4,UCFfgJbY2jt4Notzk5M3baOA,asf,test
2lM6AudW3u8,UCFfgJbY2jt4Notzk5M3baOA,asf,test
2ldX6hre-F8,UCT_ibOnQ79FD6UX9nUwl1Fw,ise,train
2lhcXB7zbw8,UClxAZnsU6AK4pX3dcFdSDPQ,ise,test
2m5WjXKArt4,UCt2Cy-eKraCc1MTfXnYR7Eg,ase,train
2m5kSD1q48Y,UCvrsnjoJpCj7A0-Nu5JTA4A,fsl,train
2mF71SPv7BM,UCoR6BxrxD9XSRx3UGK1XG1A,aed,train
2mg9qMP9FiA,UCFfAXfuCw-EHNVJgL_WEoQw,pso,train
2mnVRk7XcHA,UCQ_jW1xLUF7Sg711yXVvQPQ,ise,train
2n98DD1ZHac,UCcD4ou_0CcbWTRPtNhX43_g,psp,train
2nX5dJidT98,UCqLGAeTQmlRVfLK6jAWvDxA,ins,train
2ner5Hll4KQ,UC6YbCm65GjM2wpGmDRtyGMQ,fsl,train
2nldVzL3KHo,UCqtaBrGzW-WzWVdhrjCBQ4g,tsm,train
2oHiZoXFnoQ,UCiNXuQ2u_uj3wgOTbVixe7g,ase,train
2ofPs_uTel4,UCmuCfhJENbD8lwSkmYOE08w,ase,train
2ogogASbc4Q,UCPTbovTtAz9LaZOSHLkpq-A,aed,train
2p95Xd62H2Y,UCHckc4mrMU9b7L4hxQeN5HQ,ssp,test
2pDVyY9wsRg,UCDlz9C2bhSW6dcVn_PO5mYw,ase,validation
2qLS_mXdrh8,UCyl2koki10uOzPU3chYrHuQ,ase,train
2r-hs8cizg4,UCh9PpU-8fjSAZd5eCZiMYFg,ase,train
2rUWPvdAVMw,UCtCEoFMIllD5aOYneLrP4Vw,ase,validation
2r_Fvq4tkvE,UCFfgJbY2jt4Notzk5M3baOA,asf,test
2rxDTCivODo,UCYogpIfU7-Cy19rDs1WnpaA,aed,train
2s0E4Xc_Vc0,UC85LK96DQppcG7tpcqCcvIw,ase,train
2skVYf-GBp4,UCFAo-MDAZrzLtvORMYUcYZg,bzs,test
2tFUkebYnqA,UCWif2ls3MB_CDmg4z17y6tA,ils,train
2tyJZ0oBFc0,UCKTkcQVOr1SCqqM1lX2fv1g,ase,train
2u5JJo8Lk3k,UCWif2ls3MB_CDmg4z17y6tA,ils,train
2u7-U3vdsnU,UCQ_jW1xLUF7Sg711yXVvQPQ,ise,train
2u9kx7Jlw7g,UCOp-Gzzi-qUIxGTI2QWO8qw,ase,train
2uCE3KqKwG8,UC-8TBU8-W613NU2ysMh8DWQ,ase,train
2uqfhF-Of_U,UCIWI0h4WenWWPlJrqU7GGsg,ase,train
2v_PUtOee-w,UCDaXsbs4hNm7X1QC_X9aTMA,ase,train
2viOZlYl524,UCLUSM7sbFDJD4EeLCegPB1Q,pso,train
2vqBVu88UBc,UC9A5WiQ5Ik5KSOwf0grogZg,ase,train
2vuhQrSToBU,UCDaXsbs4hNm7X1QC_X9aTMA,ase,train
2w52xfFMvV4,UCGisGwX9Mh6T6WrJsx-VjDg,pso,validation
2wReDIRJ5hM,UCWif2ls3MB_CDmg4z17y6tA,ils,train
2wUQUwnxxtE,UC7fVfWv6FL7HeTFeSLz-muQ,ase,train
2xFsPW_oiBs,UCWif2ls3MB_CDmg4z17y6tA,ils,train
2xUn9cp5FZ0,UC75cYKm6WbSk-se1deWaD0g,hsh,train
2xUviSk2VqI,UCyAPbimBAxWyMA0t96UTbbg,svk,train
2xqgpo-bhEs,UCpF8tBldwTfZRNBSpr80tUw,ase,train
2xvuspvULNk,UCqLGAeTQmlRVfLK6jAWvDxA,ins,train
2xwhl6QVhW4,UCcmJuUulPHzBUuQbQUN7GzQ,bfi,train
2y2L2LPVvlA,UC5H_CO6QGwd9hilVnfujz_w,bfi,train
2yE8nfUjP0U,UCoxdWEUsUMQ9jMr4KJfFuew,ase,validation
2ybDcnPdFUk,UCaayieDFpDIZ1b_mspO_Rzg,ase,train
2zE7ckLiJq0,UC4YIkyipvSWH51CYnKgvHbg,jsl,train
2zNX5Al2kJQ,UC3D3um9BcGkQzquorcKWQLQ,ssp,test
2zsTqgfWUuc,UCq4nwGEyAhB-f85nycgfV0A,ase,validation
2ztjOPtJaQI,UCHfBC7-QkwyViIVe2S5XPqg,pso,train
2zuBt7ZR4TM,UCQJVI4-q2aT-9pSEmwtrMoA,ase,validation
2zw7ZNM1jxk,UCT_ibOnQ79FD6UX9nUwl1Fw,ise,train
3--WciJ3-I4,UCSMZ4td6mZMJVxJ2ow7zY4A,ase,train
3-62GbrWq5Q,UCfrYaR1kmCHf8ddHb8O8niw,lls,train
3-Lq_VenWYY,UCAPKIo9ykV8iShMmG7c-BQA,swl,train
3-MyqNsct4M,UCEZBDaCRvtt_DyiyuFZ2Qxg,ase,train
3-cl4u7Cy3w,UCuyQHJ4y76-i0w9N33vT-kg,ase,validation
304pyUWxDUs,UCDBQzROZDREt4THnqHZQDEQ,ase,train
307zdd-BQaw,UC55C6FrDNkoh1-S8tGHdCDw,ise,train
3094QU1xVA0,UC7PByT-DKjERtGRmxfyWvnw,ssp,train
313-cMoooa0,UC2fTQSA7GccUUtG6RrJq9Hg,pks,train
31426ICxTW8,UCYyRpJBseu43EojDdSUcSyA,ase,train
31E5-DF6Rpo,UC6cl7qGLmD70R8pbPn5Erpw,slovenia,train
31FaPBRIV0Y,UC7JuChYmxhljc49dE3JG6Zw,ise,validation
31OPfBsTOxM,UC7PByT-DKjERtGRmxfyWvnw,ssp,train
31cJ_drdTf0,UCKki8PhClHFEiaSdKNXxilQ,ase,test
31sHy2-FC70,UCaayieDFpDIZ1b_mspO_Rzg,ase,train
336iG0cnp1I,UCuyQHJ4y76-i0w9N33vT-kg,ase,validation
34JdkpT_9Mk,UC2fTQSA7GccUUtG6RrJq9Hg,pks,train
34TLH88ShYE,UCCkAfmCTGkgJi3QlB_6vkqw,jsl,train
34cARUBoHPc,UCqLGAeTQmlRVfLK6jAWvDxA,ins,train
34fqZlCVvPM,UC75cYKm6WbSk-se1deWaD0g,hsh,train
34wcw5Lw9ug,UCe2lcoNfWAp4bc0JySWnkmw,ssp,train
35-h2dH-sf0,UC7fVfWv6FL7HeTFeSLz-muQ,ase,train
351ig3jwOj8,UC85LK96DQppcG7tpcqCcvIw,ase,train
3563b5P9ejg,UCWif2ls3MB_CDmg4z17y6tA,ils,train
35YTXU5qacA,UCJzu69TgtBwVc03QEP9gL6A,rsl,train
35lxIaGGM5Q,UCYyRpJBseu43EojDdSUcSyA,ase,train
36-vtR8m8Rw,UC5Xzq4Gg6mSNymC4xIaZg1g,ase,train
360Rh2nWAJc,UCONES8gFohBzJbUjaPMzoPQ,ase,train
36MvywyosMs,UC75cYKm6WbSk-se1deWaD0g,hsh,train
36SPn6daq2U,UCjCBX_ZL4T0nCyq3AgFVsDg,asf,train
373rU-VyD_4,UCEPuAkI8Fx_dqb2RMoy00CA,asf,validation
37jvjCqCrME,UC75cYKm6WbSk-se1deWaD0g,hsh,train
37oh4kxLfzI,UC75cYKm6WbSk-se1deWaD0g,hsh,train
38P2wuD5bBg,UCMXE3dUFoV5nkLyvyPqwbIA,ase,train
38_CaOQiLgk,UC6OCXcxQ4yKoPfsUPWg99bg,ase,train
38cSzQ7PdLs,UCDaXsbs4hNm7X1QC_X9aTMA,ase,train
38wRxcv-0e0,UCjCBX_ZL4T0nCyq3AgFVsDg,asf,train
39FygidlZio,UC-8TBU8-W613NU2ysMh8DWQ,ase,train
39KObBaSGco,UCaTMaFNkTiwgsSQ7FYaiaTQ,ins,train
39UavJrgA5U,UCGisGwX9Mh6T6WrJsx-VjDg,pso,validation
39WUKURehFM,UCuseIvrm7VZrcUJipa5yw9g,ase,train
39ZD1Nyl2VM,UCU9J6ekXu_W3KM4VaK2Hpfw,ase,train
39vCWEfqSbA,UCqLGAeTQmlRVfLK6jAWvDxA,ins,train
3A3biwkL-yg,UCoR6BxrxD9XSRx3UGK1XG1A,aed,train
3A5JkGsw37c,UCvrsnjoJpCj7A0-Nu5JTA4A,fsl,train
3AIwjaYHrH8,UC75cYKm6WbSk-se1deWaD0g,hsh,train
3Byo1PPkZTY,UCBdpdF0Q7UVBrJRrGgN1PeA,ase,train
3D-KZP5NFk8,UC6vT9Zhz3lbwU9pExQBXqBQ,ase,train
3DFTI6mcUBk,UCs98soN6aBb6gnfbrLl-W0w,???,train
3DRJcN9IgTI,UCWif2ls3MB_CDmg4z17y6tA,ils,train
3DncBNaOHO0,UC75cYKm6WbSk-se1deWaD0g,hsh,train
3E0mmTyC08U,UCWif2ls3MB_CDmg4z17y6tA,ils,train
3EFxi5bVkLw,UCDaXsbs4hNm7X1QC_X9aTMA,ase,train
3EOeDwJIPKw,UCWif2ls3MB_CDmg4z17y6tA,ils,train
3ETlr8Ybsaw,UCBdpdF0Q7UVBrJRrGgN1PeA,ase,train
3EpfC2mLdlk,UClv1kekXgC4s8Is-f1OBqQg,ase,train
3Es0KNHE9sM,UCyQc-FXsBJ9qF7s7iik4VUA,psp,train
3FRP6ofnay0,UCVjDT_rccgDWaZKt79s3cZw,ase,validation
3Fq6fb3AiR4,UCjCBX_ZL4T0nCyq3AgFVsDg,asf,train
3FxpOFlPYQU,UCsn5upXbV8yZm6ZUexAGrfA,ase,train
3GbHpxODBtw,UCKGWL_pjR6PJC2bWAYf04WQ,fsl,train
3GbelPeycv0,UCSZXCac1P0Eoz4jGr4bQKCA,ase,train
3HBCwm6mPog,UCGLpDnMZ8FT6N5jy_7_yXTg,ase,train
3IN1R9rs45k,UCpLtzKe6f_CWcISIhdQ2ncA,ase,validation
3IVgyoof7LY,UC5H_CO6QGwd9hilVnfujz_w,bfi,train
3Ik2rQj4fIA,UCqd6eos5-i46NbDH1uLWdFQ,bfi,train
3Ipu8nd7_ZE,UCWVUF_aLbNrR_ObLwWZcU2Q,fsl,train
3Iu3rAesooU,UCgww-8rl-7SaDAiuo1re8rQ,ase,train
3IypdQQvLos,UCXuTK8atuQJiJ-qLHbjgaag,bzs,train
3IzgQqiETPE,UCq291uTJ7o9Yojr3l2Y8_cw,ase,train
3J3fJQBeq3Q,UCTi9woRHA4r8e3oEWF8hxTA,aed,train
3K0E6OLTD_Y,UC-1R1IPtAtQ2TMb309_cHjA,ase,train
3KDkKuKx1bA,UCLq0QAPYJRxb4hN3DlYe2tw,ise,train
3KOPcQL4tmw,UCs98soN6aBb6gnfbrLl-W0w,???,train
3KpGlsjPvi0,UCQVMf8tl8H49mNU7Vd6B5Xg,ase,train
3LNJ4B02nGc,UC_jrfQqKBu6BOvWpQ1uwOaQ,gsg,train
3LrWOynkU0U,UC99w_Bzj8ikOz8Gpv0prbNg,ins,train
3ME1xMmnxFA,UC75cYKm6WbSk-se1deWaD0g,hsh,train
3ML4x_33Mv4,UCYyRpJBseu43EojDdSUcSyA,ase,train
3MToARqpQlM,UC75cYKm6WbSk-se1deWaD0g,hsh,train
3MZ_9uG5Rcw,UC6t15kKbWvrNTxqZHBQzJKw,ase,train
3MdvGlXgrug,UCK4l01VdkIXI3lA9ey1gUAA,icl,train
3N0atcNismQ,UCpADd24B_DBqM04drOaX-Ig,ase,train
3NevCeDVm0o,UCFuu8KsC_I8RUWsRopecLOQ,bzs,validation
3NuH3c7Vb2o,UCvMxps7af7y6obVnaNjJZ_g,ase,train
3OGy7QjzLmc,UCYWJdRpk2jOOZaqvXGVjkxw,ase,train
3OaQ-cZAueM,UCQJVI4-q2aT-9pSEmwtrMoA,ase,validation
3Oyd6Kr6_6M,UC9UOORnRlRi5BhwQclMP1wg,lls,train
3P3H56kL7v8,UCFuu8KsC_I8RUWsRopecLOQ,bzs,validation
3P7VUwkHAtg,UCsPQ5bv53ZaMw4h1cjaYVSg,ase,train
3POeu5of0xk,UC7fVfWv6FL7HeTFeSLz-muQ,ase,train
3Pe2tVHkHvg,UCsuBAbMlPGJ95w3mwhz-30g,ase,train
3QQo-zByBeM,UCYnxGaBJ2NrdBhjqjW1mtFQ,kvk,train
3RbL8WPM7xE,UCQJVI4-q2aT-9pSEmwtrMoA,ase,validation
3Rn_vHyjv4A,UCwc0xtGUmoxvjYzaZNYCnEA,ase,train
3RnrHDzZnJ8,UCcmJuUulPHzBUuQbQUN7GzQ,bfi,train
3RwjPDZDtYo,UC99w_Bzj8ikOz8Gpv0prbNg,ins,train
3SJaJsCcvpk,UCT_ibOnQ79FD6UX9nUwl1Fw,ise,train
3SZ1w2UTkqQ,UCYWJdRpk2jOOZaqvXGVjkxw,ase,train
3ShrRyJHSU4,UCAPKIo9ykV8iShMmG7c-BQA,swl,train
3St-OFQ3274,UCWgT5Ro0AroGs5fb4vHx8aQ,swl,train
3SyBeD67mdw,UCQ_jW1xLUF7Sg711yXVvQPQ,ise,train
3T7rTtptPOw,UCDu0XXRzxz8pvm0PsLpPxFA,ise,train
3TEjYQa_4DU,UC7grq7w27wu0zllsk4kBiFA,ase,validation
3TU7xovzhMo,UCyl2koki10uOzPU3chYrHuQ,ase,train
3TWp77pF_F8,UCctnLMs5hWKC_qXO3xZE6XA,ase,train
3Tb6v6hbF0I,UCCXFDeSwmy75J5uHRYG6v_w,ase,train
3TdueBtxYRw,UCLMEmb-pUA3tj3wXeOAVOnw,ase,train
3TepOGQJvwc,UC-4rE2ViLk5UcOmafYjhg7A,ase,train
3Tlw3Jrc7gg,,isr,unassigned
3TmCdip3NOs,UCOqWC86f1tv-AsGjbkIBEUQ,slf,train
3UCc1VzgpHI,UC75cYKm6WbSk-se1deWaD0g,hsh,train
3UJi0K2jTpA,UCHWGrg1onMlNiEiC5nq0y7g,gsg,train
3Ue_upixppM,UCcKetdJqFvXWMkM0WSMKH2w,icl,train
3Uhjd1gWESY,UCuyQHJ4y76-i0w9N33vT-kg,ase,validation
3V24F9lvHKU,UCyl2koki10uOzPU3chYrHuQ,ase,train
3Vdd3g13m0o,UC3hOdPWDnQBs9NTt3y2fPRg,ase,test
3Vg-kKfUHzI,UCuyQHJ4y76-i0w9N33vT-kg,ase,validation
3VicB01ZCj8,UCDWuLgx0vTYBGr1G-diNgSw,jsl,train
3VnprO5BPiU,UCWBiqrvbfDpC-Jd2FqEIkgA,ase,test
3VyItoGAwqw,UCYooZT9eNsLZjxdwaw_4qSw,ase,train
3W6HYPEcqcA,UCvSgMm6UwDqaKonCHT5EL9g,ase,train
3W8pr0tiijs,UCvoOiiaQP-XJ8Kv6JY5da0A,ase,validation
3WLY88Swc_I,UCS7wVohIwd66b95xyuw7DFQ,ase,train
3WZeZ8czCBo,UCCcKya95pnxKXpUqlzHplqA,ase,train
3W_CqsjWvPI,UCWif2ls3MB_CDmg4z17y6tA,ils,train
3WmXgAw2Qjo,UCNMh0csop45XxYU0itusr1Q,jsl,train
3WvbNPbOGrU,UC3P7BanN_NfZHvJvinUdSZg,ase,train
3X9ACC38ioE,UCJqEwbw7MfINS4T-oQ47JuA,ise,train
3XXhm8arWv8,UCCrcJWNRAf4gvUvqXzwsk4g,dse,train
3XZd-w68A-A,UC75cYKm6WbSk-se1deWaD0g,hsh,train
3XbQ4TvLXFw,UCDWuLgx0vTYBGr1G-diNgSw,jsl,train
3Y-62k1Q3Cw,UCqLGAeTQmlRVfLK6jAWvDxA,ins,train
3YClAudgVMA,UC1f5xYbrZxLkklmGkow7AgA,gsg,train
3Yp1vQwpBUs,UCSMZ4td6mZMJVxJ2ow7zY4A,ase,train
3ZFynkji_vc,UCIeEC8gGm-UeNHP309VO9_w,ase,train
3ZJHWp-hLZk,UC75cYKm6WbSk-se1deWaD0g,hsh,train
3ZkONsP6Eh4,UCGisGwX9Mh6T6WrJsx-VjDg,pso,validation
3Zqd1BSmx9g,UCDL2Ug9aPMTAK0FDfWopZMw,ase,test
3ZqyH6907T8,UC7fVfWv6FL7HeTFeSLz-muQ,ase,train
3Zr43IVn-DI,UC-gc7H_gu_IYUAxO2cu6STA,ise,train
3_TWJCoDIVA,UC7fVfWv6FL7HeTFeSLz-muQ,ase,train
3_b9cFm9HpM,UCZYUwnea1E4VsGj4anzDTZQ,ase,train
3_uktiFmrVA,UC5H_CO6QGwd9hilVnfujz_w,bfi,train
3_y5dhzpILw,UCENXIcPwlhQ_eYxiQymX0og,ase,train
3aPLIRMEnFA,UC75cYKm6WbSk-se1deWaD0g,hsh,train
3aXX6juyJe0,UCv2vB1PMjcB_eB0bEFQlqKw,gsg,train
3aePB7pZU7A,UCqLGAeTQmlRVfLK6jAWvDxA,ins,train
3ajo_dtCfGg,UC-XWx33KnEIZ1uIx_wF9ohA,ase,train
3auiGH480tI,UC75cYKm6WbSk-se1deWaD0g,hsh,train
3b5WayKrqIY,UC75cYKm6WbSk-se1deWaD0g,hsh,train
3b8FoBcR8j4,UCgvywbxAcsgJr_gfpqKLXXw,pso,train
3bFbHvIHOZI,UC85LK96DQppcG7tpcqCcvIw,ase,train
3c1KgaSsPx0,UCQ_jW1xLUF7Sg711yXVvQPQ,ise,train
3cAagvPJiqg,UCutBHggRFn38J-tfVGC2tBw,ase,validation
3cE9pOiFhe0,UC6cl7qGLmD70R8pbPn5Erpw,slovenia,train
3cGD9cuWGkI,UCLq0QAPYJRxb4hN3DlYe2tw,ise,train
3cbOoz_UpLc,UC5H_CO6QGwd9hilVnfujz_w,bfi,train
3cdS5ekayrA,UC3D3um9BcGkQzquorcKWQLQ,ssp,test
3cnxtqMJ7uo,UCFcpIA0onxgAkdsh3K0gpeQ,ssp,train
3co3IBFonIQ,UCKyWIEse3u7ExKfAWuDMVnw,gsg,validation
3d0_i7UMU9g,UCUW9iqeKBSdegW5onoBnx_w,hsh,train
3dPbl_Rx9MM,UC5Xzq4Gg6mSNymC4xIaZg1g,ase,train
3derzMnQLDY,UCYyRpJBseu43EojDdSUcSyA,ase,train
3dz9WRT4ovs,UCS7wVohIwd66b95xyuw7DFQ,ase,train
3e5niAL_FX4,UCD2UKKOU4972moVvbhliRNw,ase,train
3eNBdjBRRG0,UCJDZUpRa1-sh6vg3aA9LBtg,fsl,train
3eObKcXsK4w,UC5bGL3ozWZL_PNZjmSwXnTA,pso,train
3egZRl-klm4,UCUW9iqeKBSdegW5onoBnx_w,hsh,train
3elLPDY7iYs,UCyIjlBUwgXeKO6MZ2Ospaxw,jsl,train
3f69UeyrQe0,UC5RrTOs35gE_w5625uGLSdA,kvk,train
3fo73EJ3XX8,UC3hOdPWDnQBs9NTt3y2fPRg,ase,test
3fvx6ttKFAY,UCWO9oOaskG1iu9gAHQaS4gA,ase,validation
3fw1zsnDmbU,UCU-BoMq4MFHlq9QnUMqBfDg,ase,test
3fzUEOcbQDQ,UC75cYKm6WbSk-se1deWaD0g,hsh,train
3gI6sqMb6r8,UCFfgJbY2jt4Notzk5M3baOA,asf,test
3gWIt6KUn2Y,UCaayieDFpDIZ1b_mspO_Rzg,ase,train
3gXEpeyaXZ0,UCe7JwXCJzIp4Dr1LEqSUuVQ,ase,train
3h6Izx48g3k,UC-8TBU8-W613NU2ysMh8DWQ,ase,train
3h78VxX7De4,UCSwgy2NOSgP1OCue5lh_vrw,ase,train
3h9xu5UF2CU,UCYWJdRpk2jOOZaqvXGVjkxw,ase,train
3hJmqj3jl1Q,UCszvwqbz04iulT9divgrNHw,ise,train
3hU1cI0LWRU,UC5H_CO6QGwd9hilVnfujz_w,bfi,train
3hamIF_NEJk,UC_aP7p621ATY_yAa8jMqUVA,ase,validation
3i2DRkx2q-0,UCyl2koki10uOzPU3chYrHuQ,ase,train
3iTWAVO8BNg,UC75cYKm6WbSk-se1deWaD0g,hsh,train
3izt_3C7fXM,UC5Xzq4Gg6mSNymC4xIaZg1g,ase,train
3j1aBeVdXeU,UCYnxGaBJ2NrdBhjqjW1mtFQ,kvk,train
3jO6zC7vVEQ,UCAPKIo9ykV8iShMmG7c-BQA,swl,train
3jOeF8PdDmM,UCT_ibOnQ79FD6UX9nUwl1Fw,ise,train
3jZkrtOtrfA,UCTv9H7xRwNU4OoFBx3u01ZQ,sls,train
3jdiiCmAcpU,UCZC1qF9AwuLGUPZxTbauTcQ,ase,train
3jqYwYBp7S8,UChTbPO97Nt0OTDvqSBjhrVQ,isr,train
3jskB4GJJj0,UCfEalJW91FE9BDH9xUVDvvg,ase,train
3kb8g7CMLeA,UCqLGAeTQmlRVfLK6jAWvDxA,ins,train
3kkd-xKHhcw,UC4VHfRJHnbcGVLcr9vQIihQ,bfi,train
3lS8hKhf7dc,UCrrUZVfztrpQU1YMMFoIR1A,bfi,test
3lcCfeURMFU,UC75cYKm6WbSk-se1deWaD0g,hsh,train
3mux8EDR5l8,UC85LK96DQppcG7tpcqCcvIw,ase,train
3n4d4AfZOtA,UCwc0xtGUmoxvjYzaZNYCnEA,ase,train
3nEqAMvW0lw,UC6OCXcxQ4yKoPfsUPWg99bg,ase,train
3njc7bhBUNw,UCwriesuH8dRZkzFTkbDeV3g,ase,train
3nlo6AH2_-A,UCLzz9KVBGzJKUQ-CyIRmXoA,ise,train
3o2N8DXMD6s,UC5uyh2e0nYcrJq1k0-R-ljg,ase,train
3oFYnCrBfaU,UCYWJdRpk2jOOZaqvXGVjkxw,ase,train
3oOzZryjCLM,UC7fVfWv6FL7HeTFeSLz-muQ,ase,train
3oUN9g7mNoM,UCqLGAeTQmlRVfLK6jAWvDxA,ins,train
3orl17zfYhs,UChTbPO97Nt0OTDvqSBjhrVQ,isr,train
3p5DrJpZBf0,UCNMh0csop45XxYU0itusr1Q,jsl,train
3p9nr2nbLv4,UCO0yWMIqpU1gPtmQs24sleg,ase,train
3pA9ziAhXoc,UCDWuLgx0vTYBGr1G-diNgSw,jsl,train
3pGRATrswG0,UCueMY0S0vAPcmJNYXpxjlUA,ase,train
3pIz_INLh80,UC75cYKm6WbSk-se1deWaD0g,hsh,train
3pN9VB-3KTE,UCEPuAkI8Fx_dqb2RMoy00CA,asf,validation
3q4jwsYF3S0,UC75cYKm6WbSk-se1deWaD0g,hsh,train
3qIZ5RMmGCA,UCFfgJbY2jt4Notzk5M3baOA,asf,test
3qKHU-iP4wQ,UCbxuU8g8XjTY-tvr4L1dgMQ,ase,train
3qNi6egvGEk,UCqd6eos5-i46NbDH1uLWdFQ,bfi,train
3qlWi7KHah8,UC28RC-sGjdGyTC4MtVQEMWQ,bzs,train
3qo6kNiG27s,UCWPkrOk-WKilNHCrpXa17JQ,ase,train
3qugFhkv-os,UC6afchVrf0mTQOt5Gf-qRhw,bzs,train
3r5899eAlA0,UC9UOORnRlRi5BhwQclMP1wg,lls,train
3rIjxXrLDLM,UC4KyhBCXwO-aSXDN-QyeSmQ,ase,train
3rdT0kUXaWE,UCyIjlBUwgXeKO6MZ2Ospaxw,jsl,train
3rviqR9755I,UCWbnHpCljj8MuTeNnCiNVew,ase,train
3s7TnwfKSN8,UC6OCXcxQ4yKoPfsUPWg99bg,ase,train
3sDm7BvHGJM,UC99w_Bzj8ikOz8Gpv0prbNg,ins,train
3sXIyc-cnJE,UCs98soN6aBb6gnfbrLl-W0w,???,train
3ss_OZvCQLI,UCufxp6ZwK8zEstJ4BISgG4A,ase,validation
3tHkzQrH_uE,UCMfjVHF5e9FHoXaJzFFcydA,asq,train
3te0QYiIcBc,UCtFXZP7uAVr7BBZxvWRLTnw,ase,train
3tyRUJEhX0c,UC75cYKm6WbSk-se1deWaD0g,hsh,train
3u5q5MZv0mI,UC-XUKGzc3NNre0g72GE86dg,ase,test
3uQ3PT2h-z8,UCL7Y9Bi29D1xqJugIRwSCmg,nsl,train
3ucoQx_3l_k,UCsuBAbMlPGJ95w3mwhz-30g,ase,train
3ud7KsDoNWE,UC75cYKm6WbSk-se1deWaD0g,hsh,train
3v0A16nY1P8,UCSMZ4td6mZMJVxJ2ow7zY4A,ase,train
3v4wU1bNOgY,UCgvywbxAcsgJr_gfpqKLXXw,pso,train
3vzMeE8AWvo,UCFcpIA0onxgAkdsh3K0gpeQ,ssp,train
3w3Di_Ub4gU,UCoA3JvRkP1z3GE6x5jo6OzA,rsl,train
3wBZOQfpXWY,UC7fVfWv6FL7HeTFeSLz-muQ,ase,train
3wNsN2muOdI,UCzRCa1CaqSk2zGn0LlLHnlQ,asq,train
3wufcv5uM00,UCJDZUpRa1-sh6vg3aA9LBtg,fsl,train
3xN-D-Kp47o,UCziQtDCnrKbqqe7_P7hpEAw,ase,test
3xmTSxcWyJg,UCTwn0S3x3B8LKuPFN3ooAyw,ise,validation
3y17rkSU7d8,UC75cYKm6WbSk-se1deWaD0g,hsh,train
3y1SKZYMphI,UCmSywwMihdehAzPJK9KRfPQ,ase,train
3y3o-jLQCOo,UCFfgJbY2jt4Notzk5M3baOA,asf,test
3yHl2hUM9Lk,UCFuu8KsC_I8RUWsRopecLOQ,bzs,validation
3ymC4sO72Yw,UC5H_CO6QGwd9hilVnfujz_w,bfi,train
3yxMB9-FrLQ,UCnygFPOSmqp53kAjYA03cnQ,slovenia,train
3z4NTOA77xU,UC75cYKm6WbSk-se1deWaD0g,hsh,train
3z7ZpbfPaQY,UClv1kekXgC4s8Is-f1OBqQg,ase,train
3zExRnpYT0U,UC7fVfWv6FL7HeTFeSLz-muQ,ase,train
3zb5iB3q7k4,UCOuE0zw9VItn-Bv71BNeBVQ,fsl,train
3zllUitjjlQ,UCx8jxChJznkRPJCE79qldOg,pso,train
4-M3xo-BkAE,UC7fVfWv6FL7HeTFeSLz-muQ,ase,train
406-TJBIUAE,UCcLRc_9b-3-maYyPM8p1rGg,aed,train
40TaTmMaqC0,UCWO9oOaskG1iu9gAHQaS4gA,ase,validation
40jK2C5Ovfo,UC7Tjg_h46r1Jhlgxa4bmDSQ,ase,train
417Bj2zYncA,UC6OCXcxQ4yKoPfsUPWg99bg,ase,train
41CJnHVYpHk,UC75cYKm6WbSk-se1deWaD0g,hsh,train
41HO4Sv9o1E,UCuyQHJ4y76-i0w9N33vT-kg,ase,validation
41UC1A3FgvY,UCq7E52YmTLxDBbuJcbqI0cQ,ase,train
42-ZeCZsAmE,UCJDZUpRa1-sh6vg3aA9LBtg,fsl,train
42OlWT_jLHg,UC75cYKm6WbSk-se1deWaD0g,hsh,train
42bqpm9jaDQ,UCDWuLgx0vTYBGr1G-diNgSw,jsl,train
42iSN6RHLoc,UCSezNlsbS8mXua3Mun5UntQ,ase,train
42x6FbDy8I0,UCIUIS0qZRPluuOP7ITDxlrQ,ase,train
43QFL8dUSFM,UC6b1zI_hrSg-1nAndUEapeQ,ssp,train
43eBA67htJc,UCYCp9K52rwatFrl5JOO_2Tw,ase,train
43xBjlCZgyk,UC-IxzLFd4ph-4vv1-5VtfdQ,ase,test
445DAbiDDnI,UCfaz727ukS3eFYNLysA9rRw,bfi,train
44d9pEEldc4,UChTbPO97Nt0OTDvqSBjhrVQ,isr,train
451DHQjiRDo,UCGisGwX9Mh6T6WrJsx-VjDg,pso,validation
45253v1gVFA,UCGisGwX9Mh6T6WrJsx-VjDg,pso,validation
45WdDPyOdd8,UC2fTQSA7GccUUtG6RrJq9Hg,pks,train
45bVtWZdg4A,UC7fVfWv6FL7HeTFeSLz-muQ,ase,train
46G5A5EdAKI,UCPgIzfHK5zkJXIygSEjxO4Q,icl,train
46_TRjq4oKY,UCNMh0csop45XxYU0itusr1Q,jsl,train
46jYzGfjkPE,UCGisGwX9Mh6T6WrJsx-VjDg,pso,validation
47AlAjqfW1Y,UCAPKIo9ykV8iShMmG7c-BQA,swl,train
47PDDZykb0U,UC55C6FrDNkoh1-S8tGHdCDw,ise,train
47V_z33izP4,UCQJVI4-q2aT-9pSEmwtrMoA,ase,validation
48couwymlMM,UC99w_Bzj8ikOz8Gpv0prbNg,ins,train
48jw74ujIz0,UC99w_Bzj8ikOz8Gpv0prbNg,ins,train
48tu-4L5rog,UClP0YRrEHpWn3_Uv2XYb5Zg,ase,train
49JeXNggYDU,UC8sr18wakKXMmzWOfPRymAA,ase,validation
49zNilccJiQ,UChIBEXStFmBeqKWI3uJmtTw,ase,train
4AaIOTeQ5rk,UCWif2ls3MB_CDmg4z17y6tA,ils,train
4Abb4pwDvpU,UC6afchVrf0mTQOt5Gf-qRhw,bzs,train
4BFTOWMgAFM,UCIYyD-O85i1hNkZ8354aX8g,ase,train
4CHtpOeBm44,UC75cYKm6WbSk-se1deWaD0g,hsh,train
4CV_79ZZIIU,UCrQEujGfLINSwPnnhQK4JgQ,ase,train
4C_SRuupQJI,UCNZIotlmemCpO1fs8uLWCeQ,ase,train
4CbxJnofkuo,UCMZD9P87-3WVUl2-nPOQagg,bzs,test
4Dvs-AL3uf8,UC4VHfRJHnbcGVLcr9vQIihQ,bfi,train
4FHFVjmIFbA,UCe2lcoNfWAp4bc0JySWnkmw,ssp,train
4FPGg6blSmg,UC0UwRthhSbvihspoOxi2rEw,ase,train
4Fx_5RkbOSg,UCEPuAkI8Fx_dqb2RMoy00CA,asf,validation
4GNH8hKRbLI,UCTwn0S3x3B8LKuPFN3ooAyw,ise,validation
4GUu-DGnuew,UC-gc7H_gu_IYUAxO2cu6STA,ise,train
4GnFufO-8Yc,UCaayieDFpDIZ1b_mspO_Rzg,ase,train
4HLYSGvGon8,UCFcpIA0onxgAkdsh3K0gpeQ,ssp,train
4HrwWLQ_kNo,UCLwjQ2R8M8YuItmwWIZpmEQ,jos,train
4INKv7ZAL10,UCT_ibOnQ79FD6UX9nUwl1Fw,ise,train
4IkFK4RztV8,UC-gc7H_gu_IYUAxO2cu6STA,ise,train
4J-QpQYu0Bg,UCtCEoFMIllD5aOYneLrP4Vw,ase,validation
4JBEACFKEl8,UCAUljvSQLJG3lX_K8kfrbWw,tsq,train
4Jt4g3ar_PI,UCK-n3cLst9SuYfxk7oNhrlw,ase,train
4K2k1galkMU,UComGRElAUtQBt2vXt7t_WQA,ase,train
4LKI1AqkeWU,UC75cYKm6WbSk-se1deWaD0g,hsh,train
4LVtQ_shm-M,UCas-oNOs1gGkhLkHUWOq0FA,ase,train
4LX9FeWHNpI,UCJzu69TgtBwVc03QEP9gL6A,rsl,train
4LZzW6Lgi7M,UCOfhY_eDY9Z_jB_oKfCiOaQ,cse,train
4LkrDm3S1_E,UCKZipOudFKJtiZ_3VJKKcng,vietnam,train
4M7XRJ_Ep24,UC6vT9Zhz3lbwU9pExQBXqBQ,ase,train
4MLsp8dZBjw,,ase,unassigned
4MWPlmFX8sk,UCvd8SHzSp07_U55qFI0-dDA,ase,train
4MukkKEy0Nk,UCcKetdJqFvXWMkM0WSMKH2w,icl,train
4Nh31w-4JZo,UCTi9woRHA4r8e3oEWF8hxTA,aed,train
4NqquchUdXc,UC6PSvzT_HdAL_sZcEYog7Jg,ase,train
4O5L9bOocVc,UCcmJuUulPHzBUuQbQUN7GzQ,bfi,train
4OHXofLGO8Q,UCqd6eos5-i46NbDH1uLWdFQ,bfi,train
4OMxpGw23WU,UCWif2ls3MB_CDmg4z17y6tA,ils,train
4OWnNCY-riU,UC75cYKm6WbSk-se1deWaD0g,hsh,train
4Oo3smnl3oU,UCqtaBrGzW-WzWVdhrjCBQ4g,tsm,train
4OzHhMyDAQo,UC99w_Bzj8ikOz8Gpv0prbNg,ins,train
4P-gqpkEV6U,UC99w_Bzj8ikOz8Gpv0prbNg,ins,train
4P3qgKgCUSo,UCFuu8KsC_I8RUWsRopecLOQ,bzs,validation
4PCAcOPcaKY,UCEPuAkI8Fx_dqb2RMoy00CA,asf,validation
4Pmw_c0_1FE,UChTbPO97Nt0OTDvqSBjhrVQ,isr,train
4Qa2r-L4euE,UCCdgJ722Hvh6Olw5mAWUCPw,ase,train
4QfzfPSo8zE,UCqtaBrGzW-WzWVdhrjCBQ4g,tsm,train
4RS0_sfhRyU,UC75cYKm6WbSk-se1deWaD0g,hsh,train
4SLHWjGmHR4,UCuyQHJ4y76-i0w9N33vT-kg,ase,validation
4T1oN1flsBI,UCUsTVCQNktF99lwIMJecMrA,ase,train
4T3Oa_QPY9I,UC-gc7H_gu_IYUAxO2cu6STA,ise,train
4TDqCihkuvE,UCWif2ls3MB_CDmg4z17y6tA,ils,train
4THwQJrqWcs,UCtCEoFMIllD5aOYneLrP4Vw,ase,validation
4UJz9U4I0fY,UCWif2ls3MB_CDmg4z17y6tA,ils,train
4V7RRT2Ljvc,UCizGctLgAahGlOvtSAKdq3g,jsl,train
4VJPy433D_Q,UCCkAfmCTGkgJi3QlB_6vkqw,jsl,train
4VPOKStqngU,UCaTMaFNkTiwgsSQ7FYaiaTQ,ins,train
4VtqHmEcjRU,UCFfgJbY2jt4Notzk5M3baOA,asf,test
4WBraGFc9Lk,UC1f5xYbrZxLkklmGkow7AgA,asq,train
4WEJSMiEwuo,UCQ_jW1xLUF7Sg711yXVvQPQ,ise,train
4WhjVWWyfNo,UCqLGAeTQmlRVfLK6jAWvDxA,ins,train
4X6UY0jzu7g,UC5H_CO6QGwd9hilVnfujz_w,bfi,train
4Y1TNFRw3Nc,UC85LK96DQppcG7tpcqCcvIw,ase,train
4YIDslIPqlU,UCQ_jW1xLUF7Sg711yXVvQPQ,ise,train
4YLy5WD8wSA,UCizGctLgAahGlOvtSAKdq3g,jsl,train
4YYcSyPnHcw,UCYzUa-Jxf5iuMq0i3nMr8Sg,aed,train
4YcobEbFF1c,UC4JcJEFJXGgiZwE4zbw2BKg,ase,train
4Yn0XjF070U,UC8IJ7QM3pX7rPhPuw5HsBlA,ase,train
4YokzkTDeKg,UC75cYKm6WbSk-se1deWaD0g,hsh,train
4Z9D1CIZOMg,UC-8TBU8-W613NU2ysMh8DWQ,ase,train
4ZyG8I6BhPA,UCwzFvhWOBTnUK5JXX5PHONA,ase,train
4_1QONd20lk,UCTi9woRHA4r8e3oEWF8hxTA,aed,train
4_DlbCmVV4I,UCGisGwX9Mh6T6WrJsx-VjDg,pso,validation
4__tF8oDZ98,UC6cl7qGLmD70R8pbPn5Erpw,slovenia,train
4_zYKx0OHuk,UClxAZnsU6AK4pX3dcFdSDPQ,ise,test
4a3pQ_gwcBU,UCWif2ls3MB_CDmg4z17y6tA,ils,train
4aiuoN76iCU,UC1f5xYbrZxLkklmGkow7AgA,asq,train
4avr8Dc7i6I,UC7fVfWv6FL7HeTFeSLz-muQ,ase,train
4bDYuSTm1OE,UCCkAfmCTGkgJi3QlB_6vkqw,jsl,train
4bLd9NNVSqk,UC7fVfWv6FL7HeTFeSLz-muQ,ase,train
4bNBYro4hMA,UCyD6epypPmiwcb_0n7hofuQ,swl,train
4bVux9Ni2_0,UCyl2koki10uOzPU3chYrHuQ,ase,train
4bfBlwqHA_8,UC7fVfWv6FL7HeTFeSLz-muQ,ase,train
4cLQPQI7-yE,UCebzihVnSUmpb9fGpEDtMAA,ase,validation
4cMHp6Qr7Oo,UCChKgcgVNfCT2wO1AJwNkGA,jsl,train
4cNmvOTq6bU,UC-8TBU8-W613NU2ysMh8DWQ,ase,train
4ckqY82422o,UCuyQHJ4y76-i0w9N33vT-kg,ase,validation
4d9QpJXaCaw,UCqd6eos5-i46NbDH1uLWdFQ,bfi,train
4dv9tu2dmp0,UCqd6eos5-i46NbDH1uLWdFQ,bfi,train
4eQn8eGvjso,UC6b1zI_hrSg-1nAndUEapeQ,ssp,train
4eTllnsMOUU,UCE6JfCZ6JfpZ9QTnoexwwhA,ase,test
4f1rgoNb_Bc,UC5H_CO6QGwd9hilVnfujz_w,bfi,train
4f6fgiTc0LA,UCTwn0S3x3B8LKuPFN3ooAyw,ise,validation
4gAMK2wL7UY,UCuyQHJ4y76-i0w9N33vT-kg,ase,validation
4gX0G534BrY,UC75cYKm6WbSk-se1deWaD0g,hsh,train
4gc6fwXwFV0,UC7fVfWv6FL7HeTFeSLz-muQ,ase,train
4gkoOnKgEAY,UCufxp6ZwK8zEstJ4BISgG4A,ase,validation
4h0bRmVXgHk,UCFcpIA0onxgAkdsh3K0gpeQ,ssp,train
4hLvWV02q_c,UC5H_CO6QGwd9hilVnfujz_w,bfi,train
4hm8Y9tUT0U,UC75cYKm6WbSk-se1deWaD0g,hsh,train
4hmUnw6t5gk,UChFJaH0yhLOxelzhfz1QDDw,ase,validation
4hoxZOzwkWw,UCCkAfmCTGkgJi3QlB_6vkqw,jsl,train
4hrVz2SxOBI,UCjc4_ncACVusJ6tZmtVJQjw,ase,train
4i0Y_mFJejI,UCaayieDFpDIZ1b_mspO_Rzg,ase,train
4j_FkW4vnFo,UCHckc4mrMU9b7L4hxQeN5HQ,ssp,test
4k0mxzmpUX0,UC7x0gXMnL58gq1hKLo1Ibqg,ase,train
4kECKPgYXwQ,UC6b1zI_hrSg-1nAndUEapeQ,ssp,train
4kLNDG9j0m4,UC7fVfWv6FL7HeTFeSLz-muQ,ase,train
4kUTSXWZFyc,UCNuTk4O2fo38g2nmsGRSkzg,ase,test
4ktroOVK0Z8,UCGalKCEm_WFDMVxM9dLhDyQ,ase,train
4l4P3f3mq_s,UC4KyhBCXwO-aSXDN-QyeSmQ,ase,train
4lLWoR4r8w4,UC_wh7CAHsakVopKtr8NnXsA,jsl,train
4m2eE_yGmek,UCWPkrOk-WKilNHCrpXa17JQ,ase,train
4m6FgJ5Z0wE,UCs98soN6aBb6gnfbrLl-W0w,???,train
4mE6tTupTWc,UCgGdDZw3Dj8eBkuWOfXfhgg,fsl,test
4mPJDrR1ZUM,UCRRD3yalnoHR0ZvXqhiTI4Q,bzs,train
4nHROkohRm8,UCe2lcoNfWAp4bc0JySWnkmw,ssp,train
4o_0zrywnUs,UCT_ibOnQ79FD6UX9nUwl1Fw,ise,train
4odaOC3oZio,UCWPkrOk-WKilNHCrpXa17JQ,ase,train
4ohTSqOnUb4,UCFfgJbY2jt4Notzk5M3baOA,asf,test
4oi9AzzjO7s,UCNLXSYE5_E1mZzZj1EukS8g,ase,train
4on7OqZqaYM,UChTbPO97Nt0OTDvqSBjhrVQ,isr,train
4osv3yeQGZo,UCU1f8tx5Q__SqXCgM3RdsaQ,ase,test
4pNpUr9SzZ4,UCWVUF_aLbNrR_ObLwWZcU2Q,fsl,train
4ppzFyTuhfA,UCszvwqbz04iulT9divgrNHw,ise,train
4rnQRL8VkYw,UCGkggeR449U_G_ULi-Y0G0A,hsh,train
4saxKuaHdr4,UCtFXZP7uAVr7BBZxvWRLTnw,ase,train
4suOE3IbJxA,UC85LK96DQppcG7tpcqCcvIw,ase,train
4swuSMijq58,UCWif2ls3MB_CDmg4z17y6tA,ils,train
4tLLKrIov0Y,UC7JuChYmxhljc49dE3JG6Zw,ise,validation
4tzik1GByBM,UCtWSKOEuSUkcIjw_l8UjwlQ,ase,train
4u07zqg_jRY,UCKM31QtQisMrkmJte4AaZ8w,ase,validation
4uGzBgdqXHU,UCaY5JjIf6cKZrynK9Oc3SYQ,asq,train
4uT5dsTN4sk,UCuseIvrm7VZrcUJipa5yw9g,ase,train
4uYZQSjrdf8,UCdKUnIqbQF8GMG-WzlQ6kFg,ase,train
4vSzsawyRuA,UC4SqFeQL9FsN2A-2cBbUS5g,bzs,train
4vYI-HWPGoo,UCs98soN6aBb6gnfbrLl-W0w,???,train
4v_6Fsh6k10,UCaXoaCRjOSLDB9xQ7Rc9QiQ,ase,train
4vwMYzUXyQs,UC0sY0BlkHyM81CyH0N_95bg,ase,train
4wHzzlU1uvA,UC75cYKm6WbSk-se1deWaD0g,hsh,train
4w_vVWsljVw,UC7pJ4gRS8uD7xzjb9OZ789w,ase,train
4wqQADXBkXs,UCDWuLgx0vTYBGr1G-diNgSw,jsl,train
4x-y1RBxqPw,UCsuBAbMlPGJ95w3mwhz-30g,ase,train
4xWpY13o9pE,UCGkggeR449U_G_ULi-Y0G0A,hsh,train
4xYqTABq0mk,UCoR6BxrxD9XSRx3UGK1XG1A,aed,train
4y7wyPIQPSM,UC5bGL3ozWZL_PNZjmSwXnTA,pso,train
4yUqqHzusg0,UChTbPO97Nt0OTDvqSBjhrVQ,isr,train
4yk9h6DyQP8,UCqd6eos5-i46NbDH1uLWdFQ,bfi,train
4z2-x27K1jo,UCY_1hb97iVCsgjc6MrE0ICA,bfi,train
4zKSJZZILHM,UC8dHtefYYC4TmhRS_0qtKTA,bzs,train
4ziccVbhO1M,UCDsoH108wJ2A0GWVbv-laWA,bzs,train
4zsgy6DmJfA,UCuyQHJ4y76-i0w9N33vT-kg,ase,validation
5-JerXUDU58,UCpKPV8LS9y2qUuuExuOJ1sg,pso,train
5-aw9TTtPZs,UC7JuChYmxhljc49dE3JG6Zw,ise,validation
508JPtoXU3I,UCyIjlBUwgXeKO6MZ2Ospaxw,jsl,train
50EV9mbGVWY,UCUsTVCQNktF99lwIMJecMrA,ase,train
50muznl1uOY,UCg7gwOejDNO9EtcrICO7SIw,ase,train
50sjgjTRDu8,UCXAivKbEyzTb5tqwEu2ZDcw,ase,train
515sEjJ6WAM,UCUW9iqeKBSdegW5onoBnx_w,hsh,train
51HD1pS4lE0,UCmzoIHeCQkAa7dWEeGsTRbQ,ase,train
51mrVx2_I-w,UC75cYKm6WbSk-se1deWaD0g,hsh,train
521NvKgUsQE,UC0jdsYSKy1VNhKw79mw0RsA,ase,train
522RXPKEWUk,UCWif2ls3MB_CDmg4z17y6tA,ils,train
5281eHi58Ig,UCwcJIfRFwLcZF_teq6A86dA,ssp,test
52HoehqHy50,UCY_1hb97iVCsgjc6MrE0ICA,bfi,train
52ZriQ1Z97U,UCQJVI4-q2aT-9pSEmwtrMoA,ase,validation
52lWP4SNTZw,UC99w_Bzj8ikOz8Gpv0prbNg,ins,train
53SV3-DlLJE,UC5H_CO6QGwd9hilVnfujz_w,bfi,train
53cLBbfjuWg,UC75cYKm6WbSk-se1deWaD0g,hsh,train
53fRFPJr9JY,UCe2lcoNfWAp4bc0JySWnkmw,ssp,train
54CnKfceF5o,UCFcpIA0onxgAkdsh3K0gpeQ,ssp,train
54DbG21jmqc,UCEPuAkI8Fx_dqb2RMoy00CA,asf,validation
54RqBmjdq9g,UCZy9xs6Tn9vWqN_5l0EEIZA,ase,train
553q1zEz3Sg,UCJqEwbw7MfINS4T-oQ47JuA,ise,train
558nIQC0HX4,UCDaXsbs4hNm7X1QC_X9aTMA,ase,train
55ALeshIVYw,UCNMh0csop45XxYU0itusr1Q,jsl,train
55wXhnc6sLY,UC2fTQSA7GccUUtG6RrJq9Hg,pks,train
569YfF-8DsY,UCcRBPIqzKR0dcpGMVr4YrHQ,ase,train
56DV8QLvKwo,UCaTMaFNkTiwgsSQ7FYaiaTQ,ins,train
56GbjeQcKuA,UC75cYKm6WbSk-se1deWaD0g,hsh,train
56QkhBWicI0,UC01GNVV8aHp9v4CoZi7FcqA,swl,train
56gCdAqL4q4,UCaY5JjIf6cKZrynK9Oc3SYQ,asq,train
56n3PZ4Syrs,UCuseIvrm7VZrcUJipa5yw9g,ase,train
572FldeSbs8,UC99w_Bzj8ikOz8Gpv0prbNg,ins,train
57QqlT4oSNE,UCFfgJbY2jt4Notzk5M3baOA,asf,test
57jxrZz_Zvk,UCEPuAkI8Fx_dqb2RMoy00CA,asf,validation
57u57tMvhQI,UC75cYKm6WbSk-se1deWaD0g,hsh,train
59R53R8cKrg,UC99w_Bzj8ikOz8Gpv0prbNg,ins,train
59cfb28PcEo,UCP3qFWXtjt5pLDuPUGi-0cA,ase,test
5Boo57KyGEs,UCk2r9xDistPkYkSTKP8CW1w,kvk,train
5BpIwpzT1wA,UCId7NmQqPKdFYVxK1O6YbgQ,ase,train
5C6r7guzg44,UCwc0xtGUmoxvjYzaZNYCnEA,ase,train
5CA7kIQbLN8,UC7fVfWv6FL7HeTFeSLz-muQ,ase,train
5CPzqyMuKbo,UC75cYKm6WbSk-se1deWaD0g,hsh,train
5CWu8DJIYsk,UCO5kEsnz9vd3Fm2OMRTZmrA,isr,train
5CbboaGLRaQ,UCsZjGoOcZuj69opN4bpeXLA,ase,train
5CtuJ05mOy8,UC5H_CO6QGwd9hilVnfujz_w,bfi,train
5Dd8UZUEnvw,UC4KyhBCXwO-aSXDN-QyeSmQ,ase,train
5ECfYPjrW9k,UCJeBnwmzj3tVtS-3-sSOC_w,hsh,train
5FG-SNxejow,UChTbPO97Nt0OTDvqSBjhrVQ,isr,train
5FcdHfeVfaA,UC5H_CO6QGwd9hilVnfujz_w,bfi,train
5FezCwHRrHM,UC75cYKm6WbSk-se1deWaD0g,hsh,train
5GGwdPPNQDc,UC7QNujTpyZqhFrP51eTA8uQ,hsh,train
5GKJH3kAWDo,UCDzZGmxS9fFkhQs3PcJedyA,ase,train
5GKk2El0d5E,UCqLGAeTQmlRVfLK6jAWvDxA,ins,train
5GjB675EVaw,UCDivIPRtPf_EHSiRfkwkfZA,bfi,train
5GkM9-Ii4k4,UCe2lcoNfWAp4bc0JySWnkmw,ssp,train
5GnWWG9hqhE,UCWif2ls3MB_CDmg4z17y6tA,ils,train
5HWUFMuvZMM,UCs98soN6aBb6gnfbrLl-W0w,???,train
5IeTUSdLVH8,UCYnxGaBJ2NrdBhjqjW1mtFQ,kvk,train
5J8a2CaXWvk,UC9ZRVOEZQAay8Bzsdtu2n3w,ase,train
5JhpWio0CzQ,UCvd8SHzSp07_U55qFI0-dDA,ase,train
5JwJDJrFP5s,UCRwPaAUrbOL4X7WgxZzIOpw,ase,test
5Ke194FDKvw,UCaayieDFpDIZ1b_mspO_Rzg,ase,train
5KqfeOI2tSc,UC7JuChYmxhljc49dE3JG6Zw,ise,validation
5L2YiVxkyLM,UCXoTaGyuosnRZbjjlMDX24g,ase,train
5LX2paqf91Y,,ase,unassigned
5M-wBqmubmA,UCv2vB1PMjcB_eB0bEFQlqKw,gsg,train
5M90r1nf5M8,UClP0YRrEHpWn3_Uv2XYb5Zg,ase,train
5MFgQ8AbVPs,UC75cYKm6WbSk-se1deWaD0g,hsh,train
5MMOHEduQ9U,UC5H_CO6QGwd9hilVnfujz_w,bfi,train
5MgqnvmpdjM,UC75cYKm6WbSk-se1deWaD0g,hsh,train
5NFlMIdExE4,UCs98soN6aBb6gnfbrLl-W0w,???,train
5NHgcT-kGqo,UCsuBAbMlPGJ95w3mwhz-30g,ase,train
5ODWg6sm52E,UCJ1bzDU4vbuQTXbnOxcSl_g,swl,train
5OQaJcyenPQ,UCufxp6ZwK8zEstJ4BISgG4A,ase,validation
5Placppp2rI,UC75cYKm6WbSk-se1deWaD0g,hsh,train
5QokwWvvPIc,UCWPkrOk-WKilNHCrpXa17JQ,ase,train
5RQJ0FpZP7g,UC7QNujTpyZqhFrP51eTA8uQ,hsh,train
5R_CC_bAi0Y,UClxAZnsU6AK4pX3dcFdSDPQ,ise,test
5R_Zu0wRgok,UCWif2ls3MB_CDmg4z17y6tA,ils,train
5RofIcEjc3k,UC75cYKm6WbSk-se1deWaD0g,hsh,train
5SCYIJ3cIxs,UCDsoH108wJ2A0GWVbv-laWA,bzs,train
5SNMPjYnnvU,UC75cYKm6WbSk-se1deWaD0g,hsh,train
5Se_7tJLxGc,UCTF1Br6rt0QYB32Ysrvz1lA,ase,train
5TQ8Lm6XvUg,UC75cYKm6WbSk-se1deWaD0g,hsh,train
5Tt8PNI1bpc,UCo6BkyB-xipWbTjUmWQgKcw,ase,validation
5U6acj3l_4Y,UC5H_CO6QGwd9hilVnfujz_w,bfi,train
5U6mmvbzzi8,UCs98soN6aBb6gnfbrLl-W0w,???,train
5U9oSE1A6nQ,UC7PByT-DKjERtGRmxfyWvnw,ssp,train
5VORONgPaJ0,UCFcpIA0onxgAkdsh3K0gpeQ,ssp,train
5WhSA5kuaNE,UCNMh0csop45XxYU0itusr1Q,jsl,train
5XatA9rupq4,UCx92YHaTWzmfL9trx_jzXNg,bfi,train
5Xbze7jMcM0,UC6OCXcxQ4yKoPfsUPWg99bg,ase,train
5XwyZHzaLzs,UCMZD9P87-3WVUl2-nPOQagg,bzs,test
5Z5fm1oOQ2U,UCFfgJbY2jt4Notzk5M3baOA,asf,test
5ZDEGtL4SRM,UCEO4jEbSrgPx-4GDyAtdbmQ,ase,train
5ZNOtMysCI4,UCdH9yeEUmQHoHbOPtrgthXg,ase,train
5ZeXnuyogvU,UCRwIJNhbnttAA2eJtUBmiAg,ase,train
5_kA8RIsUjY,UClyngyD31Bj6fPGCDyobHYA,ase,train
5a3mFrRaPO0,UCA7yuvsX0I5xX_SSXUJQJ1w,ase,validation
5aMMG0d-Qfg,UChehpkKGgTGWDQ4xXH31miA,ase,train
5avyYcH7wn4,UCR_-CWbo1ZhNsQLyzKJL7DA,bzs,train
5axgaZJAeZg,UCs98soN6aBb6gnfbrLl-W0w,???,train
5azC2xW0Mc8,UCSMZ4td6mZMJVxJ2ow7zY4A,ase,train
5bLqLZbt3nc,UCNMh0csop45XxYU0itusr1Q,jsl,train
5bhEaS-KaQo,UCQJVI4-q2aT-9pSEmwtrMoA,ase,validation
5byN0HNkOFQ,UC6OnWeSdH3cKrqtzMURtT8A,ase,train
5c9HcCzoD9g,UCJpHoTupzXOQJpHY02a8Bbw,ase,train
5cDBhPly-Ks,UCqLGAeTQmlRVfLK6jAWvDxA,ins,train
5cZnqZFZ7Ho,UCuseIvrm7VZrcUJipa5yw9g,ase,train
5cw6R0alEaQ,UCWif2ls3MB_CDmg4z17y6tA,ils,train
5d3NFSJXteE,UC99w_Bzj8ikOz8Gpv0prbNg,ins,train
5dXmzLBcA9Y,UCK-n3cLst9SuYfxk7oNhrlw,ase,train
5d_qdYLenIU,UC1f5xYbrZxLkklmGkow7AgA,svk,train
5dsbpDoszc8,UCZy9xs6Tn9vWqN_5l0EEIZA,ase,train
5esZ285uRPM,,ase,unassigned
5ez-0HvSchw,UCmNtaYWMA2Zw7xXwje354Bw,ase,test
5f9BQzqKvbk,UCqLGAeTQmlRVfLK6jAWvDxA,ins,train
5fXRT_DbJmM,UCpSikih7IbGHYmrHqWusbPA,pso,train
5fe9hJOtqxM,UC1f5xYbrZxLkklmGkow7AgA,asq,train
5fj9NBpBmko,UCTwn0S3x3B8LKuPFN3ooAyw,ise,validation
5fn3GXSqby8,UCorj4-intk2Q9QVMBrlfQKw,ase,train
5ftUpJnSD6s,UC75cYKm6WbSk-se1deWaD0g,hsh,train
5guTB1PtB7I,UCBxFGQJfsVq4P1W0M-sjIkA,ase,train
5hkpkApYkTg,UClO2hO0t9tWsdgZmi_WQNkg,ssp,train
5iP1ZUZH260,UChTbPO97Nt0OTDvqSBjhrVQ,isr,train
5ikPiwUfsJM,UCo8HN7-u9CBBTzgm6X2GCaw,ase,test
5it4lUJQUjE,UC-gc7H_gu_IYUAxO2cu6STA,ise,train
5jBvbdAiwP4,UC4oYsauuxz1u6RczhrmuHVQ,ase,train
5jXxpFs7_Gk,UCFfgJbY2jt4Notzk5M3baOA,asf,test
5juUzT3gD0Y,UC3etnnsIxGpH89XgojqE0Ng,ase,train
5kcpRZQ_CAA,UC7PByT-DKjERtGRmxfyWvnw,ssp,train
5khp3y3cbtA,UCtbR9ZpJEGMuE4r2iLOgH9A,ase,train
5l7loKLfpgg,UCFfgJbY2jt4Notzk5M3baOA,asf,test
5m5QwN7g3xQ,UC-8TBU8-W613NU2ysMh8DWQ,ase,train
5mmqMa5LhAg,UC75cYKm6WbSk-se1deWaD0g,hsh,train
5mn60NQbOd0,UC5H_CO6QGwd9hilVnfujz_w,bfi,train
5mvbzMFRcIY,UC1mrgxxrCtcAUBFR5Z9Kn6A,ase,train
5o5G3j2wEuM,UCa6WjkFw3WPMFL4qJvo2Y8w,ase,validation
5oBbQdI48js,UCMjHcoxbKCjro2Cu7Q1_nDg,ase,train
5oFnXs8jykw,UCYogpIfU7-Cy19rDs1WnpaA,aed,train
5onTfZFRt2I,UCT_ibOnQ79FD6UX9nUwl1Fw,ise,train
5ouHy7CMrd4,UC7QNujTpyZqhFrP51eTA8uQ,hsh,train
5oxh6dWm9-c,UC99w_Bzj8ikOz8Gpv0prbNg,ins,train
5p2ZOmY542c,UCmbXh-ebtxef9nSfYL_8wSg,ase,test
5pBd41uGyXw,UCEPuAkI8Fx_dqb2RMoy00CA,asf,validation
5pjOv1enGos,UCjCBX_ZL4T0nCyq3AgFVsDg,asf,train
5q1DJ6ZsLIM,UCZy9xs6Tn9vWqN_5l0EEIZA,ase,train
5rkXP5qtCeA,UCT_ibOnQ79FD6UX9nUwl1Fw,ise,train
5sIvCO8IPbw,UC99w_Bzj8ikOz8Gpv0prbNg,ins,train
5t_SjgbHJpg,UCj4oYRilHPMx97CErna9pXw,ise,train
5u4czdSb91U,UC75cYKm6WbSk-se1deWaD0g,hsh,train
5uEDtP3qjhs,UCqtaBrGzW-WzWVdhrjCBQ4g,tsm,train
5upcwZKkZZM,UCwc0xtGUmoxvjYzaZNYCnEA,ase,train
5v4L0GOzY2o,UCqd6eos5-i46NbDH1uLWdFQ,bfi,train
5vROaQH0pw0,UC1f5xYbrZxLkklmGkow7AgA,asq,train
5w2uzL9-elE,UCsuBAbMlPGJ95w3mwhz-30g,ase,train
5wRIW4CfphM,UCJ9wOyY9pa46siHGlGAOIuw,ase,train
5wp2PobfwPU,,ase,unassigned
5x68QW9O68o,UCRwPaAUrbOL4X7WgxZzIOpw,ase,test
5xV6G_z0IHI,UC55C6FrDNkoh1-S8tGHdCDw,ise,train
5yNCsWu2S-c,UC85gIdkvOCnRGTp7wphWP3g,ase,train
5ysjqFJjLr0,UC5Xzq4Gg6mSNymC4xIaZg1g,ase,train
6-4FgZJToOI,UC75cYKm6WbSk-se1deWaD0g,hsh,train
6-TRzbv19D0,UCaTMaFNkTiwgsSQ7FYaiaTQ,ins,train
6-Tcf0eEKgo,UCs98soN6aBb6gnfbrLl-W0w,???,train
6-__uSoFiJM,UCWif2ls3MB_CDmg4z17y6tA,ils,train
6-nK7Hc-yBQ,UCNwQV9aYkwmPaSrFXgrReiw,svk,train
60uIkQlBK2k,UCDsoH108wJ2A0GWVbv-laWA,bzs,train
611nWdTqaDs,UChTbPO97Nt0OTDvqSBjhrVQ,isr,train
61zCMA4oRKI,UCfLul2uPakgQyTab23cYB7Q,ise,train
61zwMYQnh9s,UCTwn0S3x3B8LKuPFN3ooAyw,ise,validation
62hMTSaVcnY,UCFuu8KsC_I8RUWsRopecLOQ,bzs,validation
6346g3bpVWM,UCs98soN6aBb6gnfbrLl-W0w,???,train
63Oy7egmsis,UCYogpIfU7-Cy19rDs1WnpaA,aed,train
63qNoVcBJ4c,UC7PByT-DKjERtGRmxfyWvnw,ssp,train
64ZKS9P88Hs,UCWbnHpCljj8MuTeNnCiNVew,ase,train
653LEgBKbZg,UCJeBnwmzj3tVtS-3-sSOC_w,hsh,train
66Dp_d0SqsM,UCEPuAkI8Fx_dqb2RMoy00CA,asf,validation
66VDsxPC_EU,UCsuBAbMlPGJ95w3mwhz-30g,ase,train
66Y9RyRtpg4,UC75cYKm6WbSk-se1deWaD0g,hsh,train
6780e7ft_8k,UCyIjlBUwgXeKO6MZ2Ospaxw,jsl,train
67bwqiMNTpU,UC75cYKm6WbSk-se1deWaD0g,hsh,train
68TyZnYkBIw,UCs98soN6aBb6gnfbrLl-W0w,???,train
68foec7PHiM,UCe2lcoNfWAp4bc0JySWnkmw,ssp,train
69F9hv4AIIY,UC_WAFmrOIgDnSSdZFif5FZA,ase,train
69MfuRgP9i8,UCW5YSgfcgvgxUY5HjoMXA6Q,ase,train
6A1xoO0WG9g,UCEPuAkI8Fx_dqb2RMoy00CA,asf,validation
6AD0QbKxzlo,UCAPKIo9ykV8iShMmG7c-BQA,swl,train
6AhBf84AwT8,UChTbPO97Nt0OTDvqSBjhrVQ,isr,train
6AlXgGoCUug,UCBxFGQJfsVq4P1W0M-sjIkA,ase,train
6An5IvEhdxg,UC75cYKm6WbSk-se1deWaD0g,hsh,train
6BVx0WC9lpw,UC75cYKm6WbSk-se1deWaD0g,hsh,train
6Bcp3dNPqkk,UCYWJdRpk2jOOZaqvXGVjkxw,ase,train
6BkL7CngeNs,UCszvwqbz04iulT9divgrNHw,ise,train
6Bn9DiOzRgo,UC99w_Bzj8ikOz8Gpv0prbNg,ins,train
6C-ixFTr99g,UC4SqFeQL9FsN2A-2cBbUS5g,bzs,train
6C6F4_RKUpE,UC4JSFinhPgQJ5UC30ujW8kA,ase,test
6CDjZAOIogE,UCuLgHM31H7PmEAY92jBSU_Q,jsl,test
6CKH-Hc3kXE,UCDAOYycn4dnAFICIdeYJWwA,bfi,test
6CT3qbBqpus,UCdKUnIqbQF8GMG-WzlQ6kFg,ase,train
6Cf9K3grwXk,UCuseIvrm7VZrcUJipa5yw9g,ase,train
6D8tdvTvGEE,UCs98soN6aBb6gnfbrLl-W0w,???,train
6DLCoC1MWi0,UCK-n3cLst9SuYfxk7oNhrlw,ase,train
6DdATmdLZwg,UCaY5JjIf6cKZrynK9Oc3SYQ,asq,train
6Diaz09Lf6E,UC8dHtefYYC4TmhRS_0qtKTA,bzs,train
6E_MckK5Ea4,UC85LK96DQppcG7tpcqCcvIw,ase,train
6F2Sb7iwlb8,UCyIjlBUwgXeKO6MZ2Ospaxw,jsl,train
6F6rQFlMEEQ,UCo6BkyB-xipWbTjUmWQgKcw,ase,validation
6GQJWpD6ofE,UC75cYKm6WbSk-se1deWaD0g,hsh,train
6GnSzk_WHWo,UCR8D-7Zmqpaa8f1IfnbwlZQ,ase,train
6GrEkjIvQog,UCxAUdTuItX4EzhOix0QV37g,ase,train
6IlzyR80mU4,UCaayieDFpDIZ1b_mspO_Rzg,ase,train
6IpM9X9eVvc,UC7fVfWv6FL7HeTFeSLz-muQ,ase,train
6IqoKCR1VXI,UCfdT0WlvDerbcQ5E0CjJAZA,gsg,train
6Iwil5965xU,UCaTMaFNkTiwgsSQ7FYaiaTQ,ins,train
6J6ohotHqkY,UC5H_CO6QGwd9hilVnfujz_w,bfi,train
6JWJd38nW_0,UCky7bYWLr_5JfYNfdiFYxJg,ase,train
6K7o6IJZv9k,UCLq0QAPYJRxb4hN3DlYe2tw,ise,train
6Knj2GYcfDo,UC9cBgiWMmxjzftT72N4hOKQ,ase,train
6KwcF1SxswU,UClf6uXqvt7z6Xr2wqGNxtwg,ase,train
6L61Z9vtr4Y,UComGRElAUtQBt2vXt7t_WQA,ase,train
6LE4FWNENfs,UC75cYKm6WbSk-se1deWaD0g,hsh,train
6Lcq7FajjOM,UCwPpG8vaKodLUUUREMv7J3w,swl,train
6NOXXs5PIGo,UC-22JP32sKPIJztxTQ9yXTg,swl,validation
6O-zFF64RCE,UC5Xzq4Gg6mSNymC4xIaZg1g,ase,train
6OAcl3z2my4,UCUW9iqeKBSdegW5onoBnx_w,hsh,train
6OpymDFuHX0,UCljpiKbNcI3D8VKjQdm4tog,ils,train
6P8QhX5Ct_Q,UC99w_Bzj8ikOz8Gpv0prbNg,ins,train
6Pdev_juHdM,,ase,unassigned
6Pwiwg808KM,UCqLGAeTQmlRVfLK6jAWvDxA,ins,train
6QML-yslIM0,UCFAo-MDAZrzLtvORMYUcYZg,bzs,test
6QOquypYd7E,UCAPKIo9ykV8iShMmG7c-BQA,swl,train
6QUw8uehzgA,UC75cYKm6WbSk-se1deWaD0g,hsh,train
6QhKSLAZxg0,UCAwUq47FcxxDL68rM4wf2ZQ,asf,train
6QuKxaUXUnY,UCuyQHJ4y76-i0w9N33vT-kg,ase,validation
6S11hSO1wrY,UCCBWup10InaMbVxOwQUQPnA,ase,train
6S1o-gr4lWI,UCmW6ihZmBKQGruMm4ALmzdw,fss,train
6SPIDO6bYjg,UC7QNujTpyZqhFrP51eTA8uQ,hsh,train
6SQsP1uzZQM,UC8dHtefYYC4TmhRS_0qtKTA,bzs,train
6SV_iku7WxM,UCEPuAkI8Fx_dqb2RMoy00CA,asf,validation
6SXuBr86x1I,UCe2lcoNfWAp4bc0JySWnkmw,ssp,train
6T6l8BdxC90,UC75cYKm6WbSk-se1deWaD0g,hsh,train
6TPoDDOwF4U,UCqtaBrGzW-WzWVdhrjCBQ4g,tsm,train
6TfWT3Zb714,UCzPk8cO5kAd4VhkCb1gl_Yg,ase,train
6U20xf4WdwE,UC4tTvsYt5st9KqtG0xYm1jA,ase,train
6USagIG84dk,UCWif2ls3MB_CDmg4z17y6tA,ils,train
6UvbLcwHHfs,UCdpKN7uWNDBy-pA9htNKuoQ,bfi,train
6V1xAb5Nx2U,UC7fVfWv6FL7HeTFeSLz-muQ,ase,train
6VHCM6jCwR8,UCx8jxChJznkRPJCE79qldOg,pso,train
6VPtw5Wj9SA,UCZOPP0d-F_0ptEYnUvrzgSQ,cse,train
6VUBUr-PgPU,UC75cYKm6WbSk-se1deWaD0g,hsh,train
6Vb4EebEJBc,UCrcYjoyYuUQhxwlX69cCn4Q,ase,train
6VxvQ_XtJKU,UCTi9woRHA4r8e3oEWF8hxTA,aed,train
6W2SsJlXNKw,UCFuu8KsC_I8RUWsRopecLOQ,bzs,validation
6WD91OPdCC8,UChTbPO97Nt0OTDvqSBjhrVQ,isr,train
6WIkVegHA1s,UCvrsnjoJpCj7A0-Nu5JTA4A,fsl,train
6WwGArDBEzc,UC9MGNRfXnAFlg_KQWBWQCyg,ase,validation
6X9k-2ffWPU,UCo7TejyH1kOQ9_AXgYFx2Cg,ase,train
6XLGhtxdJX4,UCyIjlBUwgXeKO6MZ2Ospaxw,jsl,train
6XQkXGU3Suc,UCDivIPRtPf_EHSiRfkwkfZA,bfi,train
6XajKu_wAcY,UCLrN3LrNjn6WP8kLbIyHDjQ,ssp,validation
6YRIw7EFtwA,UCjVpsnDflFe9dOWZWlnxUrA,ase,train
6YTZfxqH_g4,UCEPuAkI8Fx_dqb2RMoy00CA,asf,validation
6Z0nm4cip1Q,UCcmJuUulPHzBUuQbQUN7GzQ,bfi,train
6ZNQpafzPdg,UCAPKIo9ykV8iShMmG7c-BQA,swl,train
6ZWvfLQJ4Iw,UCLULAdF1-hor45QMG5DsjXQ,ase,train
6_2-TcstcrY,UChTbPO97Nt0OTDvqSBjhrVQ,isr,train
6_Ck2G58R_U,UCId7NmQqPKdFYVxK1O6YbgQ,ase,train
6_S8wWOvi4g,UC7PByT-DKjERtGRmxfyWvnw,ssp,train
6_mArr1eOcY,UCY2zUHuyYVNvB-FuGWHcSFQ,ase,validation
6_zY44fxNaE,UCqd6eos5-i46NbDH1uLWdFQ,bfi,train
6aBG1FmV5DM,UCcA_EdrecPgwWZ2XTBjClvQ,ase,train
6bSXQj7PRjc,UCtFXZP7uAVr7BBZxvWRLTnw,ase,train
6bg7mMPp-FU,,ase,unassigned
6c3wLkZqWSI,UC_e59ocVWojyhIRfQ_HnQYQ,mfs,train
6dKIcUCzRHc,UCsBlpXOQkpsXVryLbNC0iGg,ase,test
6eLdf-sU59Y,UC3OemRXA8dNlAfcOrTaLl7g,aed,train
6eaU3ExmU6E,UCdSLreLHONTcWBfW7LrouuA,swl,train
6efCoYN9_hg,UCRwPaAUrbOL4X7WgxZzIOpw,ase,test
6ejSYcxR_-M,UC3D3um9BcGkQzquorcKWQLQ,ssp,test
6eotliZCM8I,UCx8jxChJznkRPJCE79qldOg,pso,train
6ezuklg6QcI,UCs8AWPi7n8XqB67r9P4fIlg,ase,validation
6f1SHpSIcxI,UCUn9Va4ycLeStKnyRAhgoEQ,fcs,train
6gRjSNpye44,UCyIjlBUwgXeKO6MZ2Ospaxw,jsl,train
6geZWZUkYGU,UCFcpIA0onxgAkdsh3K0gpeQ,ssp,train
6hvzYJ8Hrh8,UCSMZ4td6mZMJVxJ2ow7zY4A,ase,train
6hzgi_otf1o,UC7PByT-DKjERtGRmxfyWvnw,ssp,train
6iHW1cuqLVk,UCheJ6LLZBG2v34_yoCxoCuQ,asf,train
6j3nc_CWeps,UCJeBnwmzj3tVtS-3-sSOC_w,hsh,train
6jMA3TEoPfo,UC75cYKm6WbSk-se1deWaD0g,hsh,train
6jMUZgI4Er4,UC6ipV-gyyLuPZu4QIOm7Hag,gsg,train
6jZqwf--CSY,UC7grq7w27wu0zllsk4kBiFA,ase,validation
6jj0upfn6RE,UCszvwqbz04iulT9divgrNHw,ise,train
6kEtXRo9i9w,UC7fVfWv6FL7HeTFeSLz-muQ,ase,train
6m95WIAA1e8,UCAPQuZJVtrhK9VoAAvi8z8Q,fse,train
6mJ4PO4iZT4,UCWif2ls3MB_CDmg4z17y6tA,ils,train
6mTl_4slAKw,UC-gc7H_gu_IYUAxO2cu6STA,ise,train
6n8PyIYzS-w,UCS7wVohIwd66b95xyuw7DFQ,ase,train
6o9FSgF3--Q,UC7PByT-DKjERtGRmxfyWvnw,ssp,train
6oSVUOYiy-o,UC535jF1RqO1U_GGOcXknMuw,ase,test
6obI1ya3MuE,UCfaz727ukS3eFYNLysA9rRw,bfi,train
6phUCyZJvSs,UC2fTQSA7GccUUtG6RrJq9Hg,pks,train
6rGFR9xWcRE,UC75cYKm6WbSk-se1deWaD0g,hsh,train
6sBOqx-3z10,UC75cYKm6WbSk-se1deWaD0g,hsh,train
6tRqvWqexPg,UCAPKIo9ykV8iShMmG7c-BQA,swl,train
6u2G586wS-o,UCuseIvrm7VZrcUJipa5yw9g,ase,train
6ucfK65NHX8,UCTwn0S3x3B8LKuPFN3ooAyw,ise,validation
6w1-4eAUHmk,UC7Tjg_h46r1Jhlgxa4bmDSQ,ase,train
6wEL120Npls,UC7JuChYmxhljc49dE3JG6Zw,ise,validation
6xayW_1n1tw,UCZOPP0d-F_0ptEYnUvrzgSQ,cse,train
6yDgM1S08mk,UC4YIkyipvSWH51CYnKgvHbg,jsl,train
6yMnvMwlgr0,UC1f5xYbrZxLkklmGkow7AgA,svk,train
6zU2uvzwXh0,UCAPKIo9ykV8iShMmG7c-BQA,swl,train
6zpuf8S_u3E,UChTbPO97Nt0OTDvqSBjhrVQ,isr,train
7-0g0WxvaKM,UCAPKIo9ykV8iShMmG7c-BQA,swl,train
7-MY3ZvAU_4,UCv8C4G440rQFGaUdjkNh_GA,ase,train
7-T-wcNif2s,UC99w_Bzj8ikOz8Gpv0prbNg,ins,train
7-jgp1YRxE0,UCppxww7ZhWANg9ylM04i-3g,ase,train
7010Pzl3REc,UCufxp6ZwK8zEstJ4BISgG4A,ase,validation
70Rv0Zhi2hE,UCWif2ls3MB_CDmg4z17y6tA,ils,train
71vyx6s25i4,UCsZjGoOcZuj69opN4bpeXLA,ase,train
72-5UvX7WXc,UCVrxlDymBXjcCAn25axZc8Q,swl,train
7272RXfPqYg,UC3p9-cdApmRUOgQ4-M4P01w,ase,train
72DGd2dVFto,UCnkoCvgTKURbrEtbyh1vp3w,ase,validation
72NoGdKD9DE,UCGoMw1fmVX0m5_qMsYG4A3g,ase,train
72sHRN9euoo,UC5Xzq4Gg6mSNymC4xIaZg1g,ase,train
72yiCSaCbhI,UC-gc7H_gu_IYUAxO2cu6STA,ise,train
73tsqr6Pxnw,UCyD6epypPmiwcb_0n7hofuQ,swl,train
73uKroKek8M,UCWVUF_aLbNrR_ObLwWZcU2Q,fsl,train
750f5tzGBUc,UCWbnHpCljj8MuTeNnCiNVew,ase,train
755kz8iTpzs,UCbt8SycZej80mabDtc-wuEQ,asf,train
75FxA85GrM0,UC4JcJEFJXGgiZwE4zbw2BKg,ase,train
75YaLR8uwEo,UC3D3um9BcGkQzquorcKWQLQ,ssp,test
75bosBW8GFw,UCWif2ls3MB_CDmg4z17y6tA,ils,train
75iciNFxEsM,UCsuBAbMlPGJ95w3mwhz-30g,ase,train
7623LuJiAdU,UComGRElAUtQBt2vXt7t_WQA,ase,train
76Bo7-Wxmqg,UC75cYKm6WbSk-se1deWaD0g,hsh,train
76XaFz1ysIU,UChehpkKGgTGWDQ4xXH31miA,ase,train
77vCh8pvFcw,UCAPKIo9ykV8iShMmG7c-BQA,swl,train
78HhiTvrwQE,UC7PByT-DKjERtGRmxfyWvnw,ssp,train
790x2c1V7eM,UCAPKIo9ykV8iShMmG7c-BQA,swl,train
79bje7bat5w,UCqM5MxgRiFKAsXTQUn2SsQw,bzs,train
7AS2UaFA6UY,UCLq0QAPYJRxb4hN3DlYe2tw,ise,train
7B9D5Qj6W2w,UCe2lcoNfWAp4bc0JySWnkmw,ssp,train
7B9Y-rXqSLA,UCs98soN6aBb6gnfbrLl-W0w,???,train
7BLYEtcb40w,UC7JuChYmxhljc49dE3JG6Zw,ise,validation
7BVyxQECRxM,UCe2lcoNfWAp4bc0JySWnkmw,ssp,train
7Cnw1YlT-VQ,,sls,unassigned
7Cwg5IsdFBA,UCRwPaAUrbOL4X7WgxZzIOpw,ase,test
7CyI8OaIPEg,UCaayieDFpDIZ1b_mspO_Rzg,ase,train
7D2_L72qwgM,UC75cYKm6WbSk-se1deWaD0g,hsh,train
7D2gt5FCeC4,UCQJVI4-q2aT-9pSEmwtrMoA,ase,validation
7DqucE3mzXA,UCRnwGz8hAk9tsmRW3MBHUoA,gsg,train
7E02KEPyxt0,UC5vOvmz7FvgJy047G0kteAA,ase,train
7E4mqnqUzHI,UCszvwqbz04iulT9divgrNHw,ise,train
7EMAdTDM-Oc,UCe2lcoNfWAp4bc0JySWnkmw,ssp,train
7EVZGiR6ik0,UC5H_CO6QGwd9hilVnfujz_w,bfi,train
7EezGCa_8PY,UCe2lcoNfWAp4bc0JySWnkmw,ssp,train
7F4kSiCL-Hw,UCXAivKbEyzTb5tqwEu2ZDcw,ase,train
7FTRL0BXyNQ,UCAPKIo9ykV8iShMmG7c-BQA,swl,train
7FdMtBOZ8X8,UCYnxGaBJ2NrdBhjqjW1mtFQ,kvk,train
7FuLN4IsWgU,UCDbcnd_fVDjP4ttjyqa7lug,ase,train
7G-741kjo0A,UC52H_xHKrwnQRPb25kQtFCQ,ase,train
7G7fdGilj1I,UCXuTK8atuQJiJ-qLHbjgaag,bzs,train
7GDCpPbDlRc,UC9iTjM1LI5k60EhfTwNPO5w,ise,train
7GRPoJSbfYA,UCNMh0csop45XxYU0itusr1Q,jsl,train
7GRfpVA3Bk0,UC099mnC25-pLRxIhcqmS1GQ,fse,train
7HPzuROoVnk,UClyngyD31Bj6fPGCDyobHYA,ase,train
7JR-Z3DB7dY,UCSMZ4td6mZMJVxJ2ow7zY4A,ase,train
7K5B6bzWrNI,UCdKUnIqbQF8GMG-WzlQ6kFg,ase,train
7KODZvoOFlg,UCmzoIHeCQkAa7dWEeGsTRbQ,ase,train
7KbT4OIHTww,UC5H_CO6QGwd9hilVnfujz_w,bfi,train
7KoYUtlnhlk,UCEPuAkI8Fx_dqb2RMoy00CA,asf,validation
7L9_Il0YGXs,UCCL20aoHpdmeftMzcr8eqFQ,ase,train
7LDd-xG768E,UCWif2ls3MB_CDmg4z17y6tA,ils,train
7LmtwmnUmG0,UCCpDqkhqUG70kRKJPuDujdA,ase,train
7LrBrILYctI,UC7PByT-DKjERtGRmxfyWvnw,ssp,train
7MF2KPQJeFU,UCCkAfmCTGkgJi3QlB_6vkqw,jsl,train
7ML3mCyqQJ8,UCFfgJbY2jt4Notzk5M3baOA,asf,test
7Mi7A17DsMI,UCB2TPZ9vox9PvK9arORVtNg,pso,train
7Mvhlt67SKk,UChPXJd3d99m6PcMURMVILuQ,dse,train
7NITc1vKQz0,UCxWc1e4d8SZvxBmk0dIFRNA,ase,train
7OHUQbBmm6U,UC7fVfWv6FL7HeTFeSLz-muQ,ase,train
7OTTbRp8Suc,UCRRJlf5fd93oThu0726SNdw,csc,train
7PW2m9l68dU,UC75cYKm6WbSk-se1deWaD0g,hsh,train
7QI9Q6A2Jcw,UCWif2ls3MB_CDmg4z17y6tA,ils,train
7R-lWo21FdQ,UCxXNQXeKVXcwX3AH7O2l9lg,gsg,test
7RHrr7tKvbg,UCWif2ls3MB_CDmg4z17y6tA,ils,train
7RPhNw37nZo,UCurazHrbu12gGWkbAZre0hg,ase,train
7SHvWO2kcXY,UCAPKIo9ykV8iShMmG7c-BQA,swl,train
7SIpZgRC2bs,UCdpKN7uWNDBy-pA9htNKuoQ,bfi,train
7SRwjRD-crA,UCQ_jW1xLUF7Sg711yXVvQPQ,ise,train
7SXNJs4gYFQ,UC2fTQSA7GccUUtG6RrJq9Hg,pks,train
7SbPdpxxado,UCY_1hb97iVCsgjc6MrE0ICA,bfi,train
7T1umcntZTA,UCsuBAbMlPGJ95w3mwhz-30g,ase,train
7TFuYF-v3tk,UCwzVsKoPqosJOb5qRK_33UA,ase,test
7TcrZtBljGM,UCWif2ls3MB_CDmg4z17y6tA,ils,train
7Uwp7VIlH4k,UC7grq7w27wu0zllsk4kBiFA,ase,validation
7VAx9r5iyKY,UCXuTK8atuQJiJ-qLHbjgaag,bzs,train
7W7HdXz3ZMQ,UCKTApJ78uvyO8ezI809RwlQ,ase,train
7WOJrlJXe_A,UCFcpIA0onxgAkdsh3K0gpeQ,ssp,train
7WhYl74QCjI,UC3D3um9BcGkQzquorcKWQLQ,ssp,test
7WtsMzq9vIQ,UC0ZZN3LHtEp6lkdffjdGAYg,swl,test
7WyodIqKo_E,UC75cYKm6WbSk-se1deWaD0g,hsh,train
7X2_Vm9r4cs,UCWse3FMN976f-URCSpWj9Ww,ase,train
7Y0zXulWFTI,UC99w_Bzj8ikOz8Gpv0prbNg,ins,train
7Y9Q0cgnTac,UC5H_CO6QGwd9hilVnfujz_w,bfi,train
7YJ-Zzuxr3I,UCWPkrOk-WKilNHCrpXa17JQ,ase,train
7Yq3PG6vhWM,UCYWJdRpk2jOOZaqvXGVjkxw,ase,train
7YqeK_6Il4M,UCh517uDkrEdbyV-n6nz6SRg,pso,train
7Z4xEaJFcNc,UCIYyD-O85i1hNkZ8354aX8g,ase,train
7ZPnOwluOrw,UC7fVfWv6FL7HeTFeSLz-muQ,ase,train
7ZhQB40YboA,UC75cYKm6WbSk-se1deWaD0g,hsh,train
7_1niIcqc-I,UC7fVfWv6FL7HeTFeSLz-muQ,ase,train
7_7zNKe-8xQ,UC4SqFeQL9FsN2A-2cBbUS5g,bzs,train
7_aTprEbz88,UCGisGwX9Mh6T6WrJsx-VjDg,pso,validation
7aAUgBs2muk,UCqd6eos5-i46NbDH1uLWdFQ,bfi,train
7aEeb7rmUoM,UC75cYKm6WbSk-se1deWaD0g,hsh,train
7aFzVhAJCE4,UCN-A_lQl6uGuQi8vOvBgrSA,bfi,train
7aUa50q0GcE,UCsuBAbMlPGJ95w3mwhz-30g,ase,train
7ahWYmvvPg0,UCrEqxAhc74bb8ToeCwTE7-w,ase,train
7avbS99zCa0,UClO2hO0t9tWsdgZmi_WQNkg,ise,train
7b6Tlo7uu3w,UCaTMaFNkTiwgsSQ7FYaiaTQ,ins,train
7bb4rlohZ7o,UCuLgHM31H7PmEAY92jBSU_Q,jsl,test
7bhZ6-iYHM0,UC9q3uzbnSWRheUYJRlHfgaA,ase,validation
7bmpSAS0QIY,UC75cYKm6WbSk-se1deWaD0g,hsh,train
7cEtmTiPyyk,UCuseIvrm7VZrcUJipa5yw9g,ase,train
7cnYgHfpa2A,UCDAOYycn4dnAFICIdeYJWwA,bfi,test
7d83hsOUrHc,UCp1ei78EfKnQwthUXjfkjaw,bzs,train
7dWf7aNpFto,UCLULAdF1-hor45QMG5DsjXQ,ase,train
7eEYUNL9c3s,UC0ssa7FTeHexuO6wHhbX9ow,ase,test
7eMzmKdS2GA,UCyAPbimBAxWyMA0t96UTbbg,svk,train
7eOvGvNrbqs,UCWif2ls3MB_CDmg4z17y6tA,ils,train
7fG6L1BE7-c,UCWif2ls3MB_CDmg4z17y6tA,ils,train
7g9ZlafNMLY,UCam4V5NTYm2GzKAP55hs4FQ,ase,test
7gt1CycQTlE,UChTbPO97Nt0OTDvqSBjhrVQ,isr,train
7hS3ib2hM9o,UCWif2ls3MB_CDmg4z17y6tA,ils,train
7hkHDYOvHK0,UCGQ1207d-sBzP6ak1k68qyA,ssp,train
7i8YMslcZL8,UC8uCXPYvQqfhnic2GdpRkJg,ase,train
7iRLbSSQXME,UC5H_CO6QGwd9hilVnfujz_w,bfi,train
7ig0wCl9nSM,UCFAo-MDAZrzLtvORMYUcYZg,bzs,test
7iy1UPxYrcw,UCe2lcoNfWAp4bc0JySWnkmw,ssp,train
7j7NYYJnPUE,UCFJLzd1pDjTJgPPHCpDfAwA,sgg,train
7j8kcWo2x5Q,UCs98soN6aBb6gnfbrLl-W0w,???,train
7jJ_bHQu-bs,UC75cYKm6WbSk-se1deWaD0g,hsh,train
7jy1xWomYwk,,jsl,unassigned
7l2FlmcIlpo,UC9MGNRfXnAFlg_KQWBWQCyg,ase,validation
7lYxSeX1hKk,UCqM5MxgRiFKAsXTQUn2SsQw,bzs,train
7lcE6M_fZz8,UCAPKIo9ykV8iShMmG7c-BQA,swl,train
7lhfNS2-9y4,UCWif2ls3MB_CDmg4z17y6tA,ils,train
7lnpVqQqAy4,UCz6wzawS3NStnjh22q9HOgQ,nsl,train
7mAQG-qoyk4,UC_jrfQqKBu6BOvWpQ1uwOaQ,gsg,train
7mDaZoCHmRs,UC75cYKm6WbSk-se1deWaD0g,hsh,train
7mPRfXp5Zg4,UCl0zbpSiJyHZI2My1xE5pEg,ase,train
7meTiOSHigE,UCDsoH108wJ2A0GWVbv-laWA,bzs,train
7miKmdR_0kk,UCqLGAeTQmlRVfLK6jAWvDxA,ins,train
7noAde5BId4,UC4VHfRJHnbcGVLcr9vQIihQ,bfi,train
7o3Ebcnw3sA,UCWVUF_aLbNrR_ObLwWZcU2Q,fsl,train
7oUzCUIZlDo,UCizGctLgAahGlOvtSAKdq3g,jsl,train
7q-c67W_zhA,UC75cYKm6WbSk-se1deWaD0g,hsh,train
7qVoHLn-DBg,UCQ_jW1xLUF7Sg711yXVvQPQ,ise,train
7qbfpOe2jx4,UCizLq2juCPoWkFbJyoza-nw,ase,train
7r4e0AnFfIA,UC7fVfWv6FL7HeTFeSLz-muQ,ase,train
7rUZO71gBS8,UCSMZ4td6mZMJVxJ2ow7zY4A,ase,train
7s5Xhpf6Yv0,UC75cYKm6WbSk-se1deWaD0g,hsh,train
7s7o6N9Hsh8,UCe2lcoNfWAp4bc0JySWnkmw,ssp,train
7sUxqt27sH8,UCNMh0csop45XxYU0itusr1Q,jsl,train
7sXfDfoOt9U,UCszvwqbz04iulT9divgrNHw,ise,train
7ssszfqbpCM,UCs98soN6aBb6gnfbrLl-W0w,???,train
7t7JsCG3Xdc,UCs98soN6aBb6gnfbrLl-W0w,???,train
7uOzI6hVFTc,UCQqdVfOZmhnIa9AUQKfgijQ,swl,train
7uW1vhp9md0,UCWif2ls3MB_CDmg4z17y6tA,ils,train
7uc4U3LKAnI,UC99w_Bzj8ikOz8Gpv0prbNg,ins,train
7uec_1JqWls,UC75cYKm6WbSk-se1deWaD0g,hsh,train
7v19XbHXVmk,UCtWSKOEuSUkcIjw_l8UjwlQ,ase,train
7vouCzNfICY,UCSMZ4td6mZMJVxJ2ow7zY4A,ase,train
7wLuVSi4-xQ,UChTbPO97Nt0OTDvqSBjhrVQ,isr,train
7wQM9r2c08U,UCyIjlBUwgXeKO6MZ2Ospaxw,jsl,train
7xM6FDzwyb4,UC75cYKm6WbSk-se1deWaD0g,hsh,train
7xmzyTqVfMU,UC99w_Bzj8ikOz8Gpv0prbNg,ins,train
7xpeNMA_H30,UCuyQHJ4y76-i0w9N33vT-kg,ase,validation
7y7lgs7wtic,UCfrYaR1kmCHf8ddHb8O8niw,lls,train
7yYu5s4k8Ig,UCuyQHJ4y76-i0w9N33vT-kg,ase,validation
7y_OtgaSdx4,UCuyQHJ4y76-i0w9N33vT-kg,ase,validation
7yxP5PqAHl0,UCAPKIo9ykV8iShMmG7c-BQA,swl,train
7z3uF03sdtw,UC7fVfWv6FL7HeTFeSLz-muQ,ase,train
7z50-1ZdPFo,UCXuTK8atuQJiJ-qLHbjgaag,bzs,train
7zFEcTmDa3s,UCuyQHJ4y76-i0w9N33vT-kg,ase,validation
7zJP7LYWPuA,UCJzu69TgtBwVc03QEP9gL6A,rsl,train
7zoGAUywMM8,UC75cYKm6WbSk-se1deWaD0g,hsh,train
7zx7IYEgsDA,UC7PByT-DKjERtGRmxfyWvnw,ssp,train
8-8ZUyYqybw,UCWif2ls3MB_CDmg4z17y6tA,ils,train
8-aEeiK2EC0,UCs98soN6aBb6gnfbrLl-W0w,???,train
8-k4P2HJmdQ,UCgGdDZw3Dj8eBkuWOfXfhgg,fsl,test
80IZJBnGs-E,UCizGctLgAahGlOvtSAKdq3g,jsl,train
80Kd5UiT8-M,UCAPKIo9ykV8iShMmG7c-BQA,swl,train
80bUg3P0NfE,UCJqEwbw7MfINS4T-oQ47JuA,ise,train
81PhSaRlucg,UChTbPO97Nt0OTDvqSBjhrVQ,isr,train
81UQXMauK1k,UCseX61Lzx5F-rNQ1YNaWnSw,bfi,train
82MnZzfdEww,UCWif2ls3MB_CDmg4z17y6tA,ils,train
82edaN7PsVQ,,ase,unassigned
82vtz-3Wdvg,UChTbPO97Nt0OTDvqSBjhrVQ,isr,train
836PWGB9c1k,UCNMh0csop45XxYU0itusr1Q,jsl,train
83UBWYEX_54,UC75cYKm6WbSk-se1deWaD0g,hsh,train
83oNhS_bARA,UCsISj8VNUUVr03sV4bkxWWw,pso,train
841bomg5250,UCO9zhhszyR4Av4WxwdBJs-Q,ase,train
84apMcusE7c,UCFfgJbY2jt4Notzk5M3baOA,asf,test
84iu7THCu_A,UCSMZ4td6mZMJVxJ2ow7zY4A,ase,train
85bc3kcK8JY,UClO2hO0t9tWsdgZmi_WQNkg,ssp,train
85k-iOM8hnI,UCe2lcoNfWAp4bc0JySWnkmw,ssp,train
85lluuoJo4A,UCIeFO--ijTiM9q7c3EaDbhA,hsh,train
86Au38PAF5E,UC9iTjM1LI5k60EhfTwNPO5w,ise,train
86BnCGdKq0g,UCJeBnwmzj3tVtS-3-sSOC_w,hsh,train
86vfHoI6V_U,UCuyQHJ4y76-i0w9N33vT-kg,ase,validation
86xGqXhqQDE,UC5Xzq4Gg6mSNymC4xIaZg1g,ase,train
87osR5njsLk,UChRFBJVzl6c9ePdNALpU3yA,ase,test
87pchbjyTkI,UCyIjlBUwgXeKO6MZ2Ospaxw,jsl,train
88gSj_JeBCs,UCFyhiizY8-4GUcAeYQlylMg,jsl,train
88wlTGLWPgk,UCbLIzmvnSXPdpMxWQLebPJQ,ase,train
89A7DN1jUcw,UCR_-CWbo1ZhNsQLyzKJL7DA,bzs,train
89GMXufKDOI,UC7fVfWv6FL7HeTFeSLz-muQ,ase,train
89WXoyaGRec,UChTbPO97Nt0OTDvqSBjhrVQ,isr,train
89Yoaxh8NTM,UCAPKIo9ykV8iShMmG7c-BQA,swl,train
8A6zkoT3_cE,UCY_1hb97iVCsgjc6MrE0ICA,bfi,train
8AgA0b7vfuk,UC-gc7H_gu_IYUAxO2cu6STA,ise,train
8Bxv68WgqzE,UCCF0stJYsaxd4zH-G8NNgDg,ase,train
8C16ozIiwjc,UC7fVfWv6FL7HeTFeSLz-muQ,ase,train
8C1T8hqSM00,UCFcpIA0onxgAkdsh3K0gpeQ,ssp,train
8EIalfK2d_U,UC85LK96DQppcG7tpcqCcvIw,ase,train
8F2tUX0My9Q,UCYogpIfU7-Cy19rDs1WnpaA,aed,train
8FInN_07oxc,UC7fVfWv6FL7HeTFeSLz-muQ,ase,train
8FJ9jNZQk7Y,UC5S1zNP21fnH_xVERzTWuNg,ase,train
8FbtM0aGetM,UCB2TPZ9vox9PvK9arORVtNg,pso,train
8Fief5_jtB8,UCcKetdJqFvXWMkM0WSMKH2w,icl,train
8FwyDFaTlJ0,UCWif2ls3MB_CDmg4z17y6tA,ils,train
8GFchtY79-M,UCl2RAa1jlJz6vWipyebeO-w,ase,validation
8GHzS4zXVzA,UC5brFv_uCw2v-hen_x85NUA,ase,train
8GNAZxoj-qY,UCj4fBIhyQF2YZL6D-QV8LOg,ase,train
8GppAAGAJ6A,UClv1kekXgC4s8Is-f1OBqQg,ase,train
8HKy1ixvvsU,UCT_ibOnQ79FD6UX9nUwl1Fw,ise,train
8HoHmhykQgI,UCWif2ls3MB_CDmg4z17y6tA,ils,train
8HyVRRpzqUg,UC75cYKm6WbSk-se1deWaD0g,hsh,train
8IEass_XuDA,UCwcJIfRFwLcZF_teq6A86dA,ssp,test
8IF65-NLr_A,UCFfAXfuCw-EHNVJgL_WEoQw,pso,train
8IkiPXn74jE,UCMbT7f3uBbPv5dCPu7ND-yA,swl,train
8JUcmGjdzcE,UC7fVfWv6FL7HeTFeSLz-muQ,ase,train
8JmSOFDHSUU,UCnb95mERpmhofHQNPOY42Lw,ase,train
8KImjzmKfOw,UCctnLMs5hWKC_qXO3xZE6XA,ase,train
8LDJjtBxss0,UCizGctLgAahGlOvtSAKdq3g,jsl,train
8LaNiSd1Kd0,UCBlJkjfoJQXiuAzcewG1vMQ,ase,train
8LomSOdkk3Y,UCO5kEsnz9vd3Fm2OMRTZmrA,isr,train
8Lt28zc3n6g,UC6WfyWPlLkx-Hz7L88QaZ3A,jsl,train
8LvJN3m2oow,UCDu0XXRzxz8pvm0PsLpPxFA,ise,train
8LykCTrNO3w,UCizMdOew80fbRcOk8uWUyTA,jsl,train
8MBCA2uNGPI,UCAPKIo9ykV8iShMmG7c-BQA,swl,train
8MDkfB0R2ns,UCAPKIo9ykV8iShMmG7c-BQA,swl,train
8MLO4irMmxA,UCxL5EZmsJbbN-vrvhL2-DJg,ase,train
8MO4eVCNTDI,UCAwUq47FcxxDL68rM4wf2ZQ,asf,train
8MQp060CAC0,UC3N0FthuGXdS-HTtylzYM_w,ase,test
8NJnhPAgHjE,UCMfjVHF5e9FHoXaJzFFcydA,asq,train
8NRDuefNAB8,UCaayieDFpDIZ1b_mspO_Rzg,ase,train
8NmbempJzRI,UCs98soN6aBb6gnfbrLl-W0w,???,train
8NqJiAu9W3Y,UC_i63jO1Mp4TAjJh9gMAscA,ase,train
8NrrsmlzppU,UCuyQHJ4y76-i0w9N33vT-kg,ase,validation
8O3nr1MScmY,UCWS1mN3U8zVLcwu_SEcdkYg,ase,train
8P6roecz9Uw,UC99mR9Uvb6VuIlb4CW4czgg,pso,train
8PBPVKdDuXM,UC-XWx33KnEIZ1uIx_wF9ohA,ase,train
8Pi_2f7GRLM,UCWgT5Ro0AroGs5fb4vHx8aQ,swl,train
8Q7tmXTY-Qs,UCzyev_TJ-jgpqIBhsEn4QDg,ase,train
8QD_DLbUyPU,UCJeBnwmzj3tVtS-3-sSOC_w,hsh,train
8QbLJzSCxA4,UC7mjutpeJU1WVxtkGOvrDRg,ase,train
8R8Gcs3cp4I,UCTXEXMPIWmKFJE61GiT1J6w,ase,train
8RUKk6Ba2Ro,UCK-n3cLst9SuYfxk7oNhrlw,ase,train
8S4CXquFFmQ,UC5H_CO6QGwd9hilVnfujz_w,bfi,train
8T19YCfE_eE,UCYyRpJBseu43EojDdSUcSyA,ase,train
8TuwFlWKIn8,UCs98soN6aBb6gnfbrLl-W0w,???,train
8Ty3gAQrK4w,UClP0YRrEHpWn3_Uv2XYb5Zg,ase,train
8U5bYGriMlQ,UCWif2ls3MB_CDmg4z17y6tA,ils,train
8UIo_M4OJ80,UCizMdOew80fbRcOk8uWUyTA,jsl,train
8USgBXUfK6w,UCFfgJbY2jt4Notzk5M3baOA,asf,test
8UXKhKpFcN4,UCufxp6ZwK8zEstJ4BISgG4A,ase,validation
8UZOIUCsSIM,UCzXNfOVXNYqjFPgMly-1AvQ,isg,train
8UfsCWBnIYw,UCVvaxiyf6XARTEy_I5SSW9Q,dse,train
8UwllGVfwY8,UCoy-NPyMaFCPRIj3fGwcZ0g,ase,train
8V4TvsZwY4Q,UC75cYKm6WbSk-se1deWaD0g,hsh,train
8VjXyddQGTY,UC75cYKm6WbSk-se1deWaD0g,hsh,train
8Vo3P3P_lAE,UCNhIUo0FatL9nXYnm2eeGPw,bfi,train
8WMqOcYzTSc,UC6b1zI_hrSg-1nAndUEapeQ,ssp,train
8WhotMB_78k,UC75cYKm6WbSk-se1deWaD0g,hsh,train
8Xx5j__dnXM,UCuyQHJ4y76-i0w9N33vT-kg,ase,validation
8Xz80ur96sY,UC75cYKm6WbSk-se1deWaD0g,hsh,train
8YCiu1-QXjA,UCx92YHaTWzmfL9trx_jzXNg,bfi,train
8YTHyZ3QSKw,UCQukMGEToh7Dcjsl8ZADaOw,ise,train
8Z16uoZF65w,UC4VHfRJHnbcGVLcr9vQIihQ,bfi,train
8Z49iUKrQ5s,UC7PByT-DKjERtGRmxfyWvnw,ssp,train
8ZCS_2-I7J0,UC5Xzq4Gg6mSNymC4xIaZg1g,ase,train
8ZL4a-npoGU,UCFuu8KsC_I8RUWsRopecLOQ,bzs,validation
8ZhCfdjtCdg,UC3ytPUbu1gJP6oH7FOyRIYQ,jsl,train
8_wTTVpQyb0,UCaayieDFpDIZ1b_mspO_Rzg,ase,train
8aBCxWS5srA,UCRS5b4M9w6acvi44wsG-LPw,ase,test
8aFNCpky3Yw,UCOuE0zw9VItn-Bv71BNeBVQ,fsl,train
8aKfUXJqGaM,UCWif2ls3MB_CDmg4z17y6tA,ils,train
8aZEyOrknYY,UCsdIT7_O3DatK2czrksTKaQ,ase,train
8b6LjgZJhKI,UCtFXZP7uAVr7BBZxvWRLTnw,ase,train
8bxRz7drZZI,UCOLw33E2mAvxk-JMyvVVFaw,ase,train
8c-DbNf_jzI,UCEp0rsZTbruVpumG5NLaNFA,ase,train
8cig8-ycb3o,UC5Xzq4Gg6mSNymC4xIaZg1g,ase,train
8cm2ikO8YrU,UC7G2SGJ1jrEHc8Fc2OQqK4w,asf,train
8d4K6EHmZsM,UCBRYgj8lhwnr9FrETyJbYEA,ise,train
8dZkrDpn9PQ,UCtWSKOEuSUkcIjw_l8UjwlQ,ase,train
8e7O6xGUjoI,UC5H_CO6QGwd9hilVnfujz_w,bfi,train
8eGq7vEPFEo,UC7PByT-DKjERtGRmxfyWvnw,ssp,train
8eX7bg4qcok,UCAPKIo9ykV8iShMmG7c-BQA,swl,train
8egwK6RxXVs,UC99w_Bzj8ikOz8Gpv0prbNg,ins,train
8eyBtYMabJI,UC0gzjUAS4-oRYQ_ty14BqZQ,ase,train
8f4rcs_HnZk,UC99w_Bzj8ikOz8Gpv0prbNg,ins,train
8fIHly7vcxE,UCFfgJbY2jt4Notzk5M3baOA,asf,test
8fNtRbpv6oI,UCFJLzd1pDjTJgPPHCpDfAwA,ssr,train
8fQ9fn7afbY,UC_RoM5lDLDEbdt9KDfmSCCw,ase,validation
8fnI9ipDX3g,UCufxp6ZwK8zEstJ4BISgG4A,ase,validation
8gMt7B2WotQ,UCEPuAkI8Fx_dqb2RMoy00CA,asf,validation
8gNm4gUMQP8,UCvpj5wTU8XRCdmg9sMS2_IA,ase,train
8gS_UnxAFvw,UCCBWup10InaMbVxOwQUQPnA,ase,train
8hHI2Wmo5aQ,UCAPKIo9ykV8iShMmG7c-BQA,swl,train
8i0MZ729qyk,UChTbPO97Nt0OTDvqSBjhrVQ,isr,train
8iGLQ2QFKuc,UCDzZGmxS9fFkhQs3PcJedyA,ase,train
8iZu9v0YHuM,UCZY4hznayzjyylQEj5sD6tg,ase,train
8ioj9vM1sI0,UClf6uXqvt7z6Xr2wqGNxtwg,ase,train
8jUsXqv74I0,UC-8TBU8-W613NU2ysMh8DWQ,ase,train
8jjWexiKjCQ,UCaayieDFpDIZ1b_mspO_Rzg,ase,train
8kUVESLMHHg,UCqd6eos5-i46NbDH1uLWdFQ,bfi,train
8kckSsZOjPA,UCM95hm0xGgVPO2cz2CNxaXA,ase,train
8lfuhF_koTg,UCyIjlBUwgXeKO6MZ2Ospaxw,jsl,train
8li8iQcLnTM,UC4VHfRJHnbcGVLcr9vQIihQ,bfi,train
8lilMlJMCeo,UCAiKU9ZecbzPsU4SA045bVA,ase,train
8lpYpjXBWpE,UCzXNfOVXNYqjFPgMly-1AvQ,isg,train
8lxZHbEpXWM,UCSZXCac1P0Eoz4jGr4bQKCA,ase,train
8mBjzx3suIc,UC5H_CO6QGwd9hilVnfujz_w,bfi,train
8mSVSAd80Uo,UCWif2ls3MB_CDmg4z17y6tA,ils,train
8mXREudl1SA,UC52H_xHKrwnQRPb25kQtFCQ,ase,train
8mp6QYur680,UCLB6I_tLs5ardhO_HRyKN0A,swl,train
8n0_x9mGQG8,UC6afchVrf0mTQOt5Gf-qRhw,bzs,train
8nACMVylMcg,UC-8TBU8-W613NU2ysMh8DWQ,ase,train
8otakNELh5I,UCMZD9P87-3WVUl2-nPOQagg,bzs,test
8pCWxUX81hM,UCAPKIo9ykV8iShMmG7c-BQA,swl,train
8pR5prgV2oA,UCQJVI4-q2aT-9pSEmwtrMoA,ase,validation
8q6BlvFNY0w,UCS7wVohIwd66b95xyuw7DFQ,ase,train
8q8qVca8IJw,UCAPKIo9ykV8iShMmG7c-BQA,swl,train
8qnwpTIuAOw,UCVCtmsq2MwxRAD5fdFeQp2Q,fse,train
8qoaTSwIIz0,UClH-iALhZ2niASkp-XSNGpA,inl,train
8rNehCQbg9Q,UC6AhVjMzrLvPZDB9ifJedDQ,ase,train
8rdavIohVcA,UCgvywbxAcsgJr_gfpqKLXXw,pso,train
8rklD9HM-cA,UCWif2ls3MB_CDmg4z17y6tA,ils,train
8rmu5PRvPfE,UCSWAjWmKu2qNdHxFeLSBgpA,dse,train
8sxd_Y9DHf4,UCcKgLKvPqmphAXnQg7IX-Mg,hsh,train
8t8WzgguGJI,UCe2lcoNfWAp4bc0JySWnkmw,ssp,train
8tYoHm6lYeo,UCFuu8KsC_I8RUWsRopecLOQ,bzs,validation
8trLNhZ5vKQ,UCET0ZgnCFLi1369c3ZWfSFA,ase,train
8ts0PUBRyIo,UCgRotAsrBoYPBdJdq0Hj2MQ,asq,validation
8uHGWY7JVrQ,UCUW9iqeKBSdegW5onoBnx_w,hsh,train
8uwFvn-fopA,UCnZDqotw9dlQaAXGjZCCRZg,ase,train
8vEmhQFW_HM,UC85LK96DQppcG7tpcqCcvIw,ase,train
8vUbd-5NrKs,UCWif2ls3MB_CDmg4z17y6tA,ils,train
8w6JpHvHZDQ,UCCkAfmCTGkgJi3QlB_6vkqw,jsl,train
8wWPKJkzq5M,UC9iTjM1LI5k60EhfTwNPO5w,ise,train
8wnO7UEDO14,UC75cYKm6WbSk-se1deWaD0g,hsh,train
8xzRo-HlDl0,UCpSikih7IbGHYmrHqWusbPA,pso,train
8yP7lcphpXM,UCszvwqbz04iulT9divgrNHw,ise,train
8yyCVzy6vlE,UCTi9woRHA4r8e3oEWF8hxTA,aed,train
8zQ2W1jk86k,UCWif2ls3MB_CDmg4z17y6tA,ils,train
8zWt-FJgMGI,UCXuTK8atuQJiJ-qLHbjgaag,bzs,train
9-IwCvFzT1c,UC7fVfWv6FL7HeTFeSLz-muQ,ase,train
9-Vs2DVBB-o,UC1MaCy_rNO8gaMHvfQhHUIA,tss,train
9-WqgNFsTwA,UCGLOly45we_1ZTXAXF7TZDA,asq,train
9-_HvnIHIV8,UCfSW63gpYNn98Wln-2lOmgQ,ase,train
9-epnvRQAAM,UCx8jxChJznkRPJCE79qldOg,pso,train
90AVl3OU7d0,UCCVPTuK-kHox_Yu_HTwwARw,ase,train
90f9aucjlws,UCCcKya95pnxKXpUqlzHplqA,ase,train
92PBgT-ivXA,UC5H_CO6QGwd9hilVnfujz_w,bfi,train
92XKzYPspng,UCsuBAbMlPGJ95w3mwhz-30g,ase,train
92iBQEHPmv4,UCqtaBrGzW-WzWVdhrjCBQ4g,tsm,train
934jUcffpjY,UCWAVxwEn9KPfQ0exkK1bzkw,ase,train
93zQA7Z700g,UCHxXEdeyNIfqhj3I1RQVEXw,ase,train
94Gl50AyteM,UComGRElAUtQBt2vXt7t_WQA,ase,train
94Z2ddg4B5g,UCTDwXHCeS9x0i13b13F2eGA,ase,train
953f3wXoHFw,UC7fVfWv6FL7HeTFeSLz-muQ,ase,train
95DJ0rJYUYc,UCtWSKOEuSUkcIjw_l8UjwlQ,ase,train
95eFTILK_ew,UCbdRgG-NhSwFlRV3MGVp_cQ,dse,train
95oFAAOtyCc,UC99w_Bzj8ikOz8Gpv0prbNg,ins,train
969xm4nuwv4,UCaayieDFpDIZ1b_mspO_Rzg,ase,train
96fRJrfTWww,UCtjEjgYtRZWFL9pWa4yxtXg,jsl,train
96psXighlAs,UCe2lcoNfWAp4bc0JySWnkmw,ssp,train
96vboZxKP6k,UC4KU3dXQfnJD45axc7vzahA,fsl,test
97B6C_bOIFs,UCYzUa-Jxf5iuMq0i3nMr8Sg,aed,train
97bpJFoGTys,UCYWJdRpk2jOOZaqvXGVjkxw,ase,train
97jkKIsvQYo,UCVhvk-3zL9rFKobC_MTYppg,ase,train
97r9bu-OyjU,UCJ1bzDU4vbuQTXbnOxcSl_g,swl,train
984UEOWMWXw,UCgtGqac0XToRo3iql_TN-mg,ase,train
98AuShAxgwU,UC7rtwOJBv4c4PyIhSFvg3Hg,bzs,train
98fdKlSVRiY,UCwcJIfRFwLcZF_teq6A86dA,ssp,test
98zSpgeQLKM,UCaTMaFNkTiwgsSQ7FYaiaTQ,ins,train
99yZgZ0qbvM,UCR_-CWbo1ZhNsQLyzKJL7DA,bzs,train
9AQqLMQVTbI,UCnKPzfrSqDuUDv5ZIQ4jOHg,ase,test
9ATi6iC14qk,UCCBWup10InaMbVxOwQUQPnA,ase,train
9AeUM12487Y,UCJjkQILWHlhb0xQsDQ_y4Iw,swl,train
9BLF3MbLYAE,UC55C6FrDNkoh1-S8tGHdCDw,ise,train
9BPR2uf_oEs,UCMfjVHF5e9FHoXaJzFFcydA,asq,train
9B_rpw8YtZs,UC1f5xYbrZxLkklmGkow7AgA,asq,train
9Bhcax9qtYc,UCRwPaAUrbOL4X7WgxZzIOpw,ase,test
9C82salEk7w,UCaayieDFpDIZ1b_mspO_Rzg,ase,train
9CIxIF_L3Ak,UC-gc7H_gu_IYUAxO2cu6STA,ise,train
9DKTWzTdA8E,UCChKgcgVNfCT2wO1AJwNkGA,jsl,train
9DYaN4WySX8,UC75cYKm6WbSk-se1deWaD0g,hsh,train
9DftnwURobQ,UC8zNjlSP5xmb2vosAU3yHxw,fse,train
9E94YJJXhxI,UC5H_CO6QGwd9hilVnfujz_w,bfi,train
9EcdUGqMAYQ,UC75cYKm6WbSk-se1deWaD0g,hsh,train
9FgYiv7CDUo,UC7rtwOJBv4c4PyIhSFvg3Hg,bzs,train
9FpbozE86oQ,UC4SqFeQL9FsN2A-2cBbUS5g,bzs,train
9GZHv4t7tW8,UC5H_CO6QGwd9hilVnfujz_w,bfi,train
9IFoMQnFfdY,UCyIjlBUwgXeKO6MZ2Ospaxw,jsl,train
9IHEYDUxPCk,UCWif2ls3MB_CDmg4z17y6tA,ils,train
9ImJxbMHnWw,UCizMdOew80fbRcOk8uWUyTA,jsl,train
9Iz3EWIt-ns,UCAPKIo9ykV8iShMmG7c-BQA,swl,train
9J5HwWHqT0g,UCBjB44dvd2F5MN-fC-eokIg,pso,train
9JMHeAyw824,UC4KyhBCXwO-aSXDN-QyeSmQ,ase,train
9KYjaw-6X2E,UCO9zhhszyR4Av4WxwdBJs-Q,ase,train
9LGwajNgGK8,UC7QNujTpyZqhFrP51eTA8uQ,hsh,train
9LtXzqglf08,UChTbPO97Nt0OTDvqSBjhrVQ,isr,train
9MLE_BAspOw,UCSMZ4td6mZMJVxJ2ow7zY4A,ase,train
9MThM2QMbWQ,UC-gc7H_gu_IYUAxO2cu6STA,ise,train
9MnxkXHAE54,UCuseIvrm7VZrcUJipa5yw9g,ase,train
9MthmAtSwh8,UCAPKIo9ykV8iShMmG7c-BQA,swl,train
9NP-KN6Twzc,UCPNeYbg5gz7AYRCgg8vjhDg,ase,validation
9P2aqTMq1eU,UCn9c-UlaJcoyHJvZH0PQO1A,ase,train
9PvzNYS1dlo,UC3hOdPWDnQBs9NTt3y2fPRg,ase,test
9Q_lyYyMm-w,UC5H_CO6QGwd9hilVnfujz_w,bfi,train
9QixnFfFQ94,UCfaz727ukS3eFYNLysA9rRw,bfi,train
9Qt1K7290cM,UC75cYKm6WbSk-se1deWaD0g,hsh,train
9RGkAaNgHnU,UCDivrtmIu_apkWr5sKMX_aA,ase,train
9RQ5Le0jMkk,UCufxp6ZwK8zEstJ4BISgG4A,ase,validation
9RV8LdfR6Og,UCcmJuUulPHzBUuQbQUN7GzQ,bfi,train
9S9babHPEVY,UCuyQHJ4y76-i0w9N33vT-kg,ase,validation
9SNwyfey-7o,UCheJ6LLZBG2v34_yoCxoCuQ,asf,train
9SxgP1zTjLU,UC7grq7w27wu0zllsk4kBiFA,ase,validation
9UQxJ880buY,UCsP5EujgCYoOw8ttKlwAM0Q,gss,train
9UcCstXmLQY,UC4XpOrAQ0K42vTKUI4mlDbQ,ase,validation
9UnCUbMCTKE,UCJeBnwmzj3tVtS-3-sSOC_w,hsh,train
9VApaL5qTDA,UCdTytgz2Mvb6odTHH9iNv8Q,ase,validation
9VR3nyVl_-0,UCRwPaAUrbOL4X7WgxZzIOpw,ase,test
9VwK4iuUZ38,UCWif2ls3MB_CDmg4z17y6tA,ils,train
9WMUFn9HKOA,UC5H_CO6QGwd9hilVnfujz_w,bfi,train
9WQgq56nE-g,UC2ugWoVg_NVMhBBolELMmog,ase,train
9WSb19pdHh0,UC52_oqwxYEPBaVDcJZEWWfw,ase,test
9WksPil3mrE,UC7PByT-DKjERtGRmxfyWvnw,ssp,train
9Y1SnTIW470,UCnZDqotw9dlQaAXGjZCCRZg,ase,train
9YQ6bjxdUco,UCdXXFQv5sxkdhrhXRyIw1eA,ase,test
9Z55M9pYlOs,UCLpvFB7RtJRApO9TbSsOa7A,ase,train
9ZbxKrS4jdY,UCUW8O6cgrk68VO-ABksF8uw,ssp,train
9_QaubMG2aU,UC1f5xYbrZxLkklmGkow7AgA,svk,train
9a7t2k4Nu28,UC75cYKm6WbSk-se1deWaD0g,hsh,train
9ajy6loFWfY,UC75cYKm6WbSk-se1deWaD0g,hsh,train
9aq5_VzNxvg,UCQJVI4-q2aT-9pSEmwtrMoA,ase,validation
9bJskvzbG5s,UCB2TPZ9vox9PvK9arORVtNg,pso,train
9bcaYTt6rmU,UC99w_Bzj8ikOz8Gpv0prbNg,ins,train
9c2elWRov-c,UCW2WVNg8PCTP17-3S4wAQoQ,asf,train
9c6fy61FDZs,UCaHpmqlbEtpKQSwyUnE9PkA,jsl,train
9d0qMJJSWnc,UCI3aACQE3NTyvlD4ol1m9fA,ase,train
9dNKN19NlJ8,UCoZGOexhoFRMkkng35zMHnA,ase,train
9djH-jcXdbs,UC5H_CO6QGwd9hilVnfujz_w,bfi,train
9e4M8th1Hkc,UCs98soN6aBb6gnfbrLl-W0w,???,train
9e9j0lUUsrw,UCe2lcoNfWAp4bc0JySWnkmw,ssp,train
9eCLsbh5T-s,UC75cYKm6WbSk-se1deWaD0g,hsh,train
9eH-abeZ8-0,UC75cYKm6WbSk-se1deWaD0g,hsh,train
9ePCpdtDf00,UC99w_Bzj8ikOz8Gpv0prbNg,ins,train
9ePhZjPJ9ok,UCufxp6ZwK8zEstJ4BISgG4A,ase,validation
9f2Wz7nOPzo,UCjCBX_ZL4T0nCyq3AgFVsDg,asf,train
9fCPF9GHZyE,UCs98soN6aBb6gnfbrLl-W0w,???,train
9fD8OVT60Q4,UCNMh0csop45XxYU0itusr1Q,jsl,train
9fRg2Uinb7I,UCaY5JjIf6cKZrynK9Oc3SYQ,asq,train
9fUqizPbRwM,UC-gc7H_gu_IYUAxO2cu6STA,ise,train
9gNUVV_Zmfw,UC75cYKm6WbSk-se1deWaD0g,hsh,train
9ggN4p_WhW8,UC55C6FrDNkoh1-S8tGHdCDw,ise,train
9ggkaJlslvw,UC99w_Bzj8ikOz8Gpv0prbNg,ins,train
9haXqpkxgRs,UC5Xzq4Gg6mSNymC4xIaZg1g,ase,train
9i3M5ONuLvQ,UCs98soN6aBb6gnfbrLl-W0w,???,train
9i7fvhuWIAw,UCufxp6ZwK8zEstJ4BISgG4A,ase,validation
9iA5pD-9DXs,UCj4oYRilHPMx97CErna9pXw,ise,train
9iGZfoI7hUA,UChTbPO97Nt0OTDvqSBjhrVQ,isr,train
9iyznkE0FyU,UCsejPeRp2hygZG97V7bMzWQ,ase,train
9jK6XYOsj8M,UC75cYKm6WbSk-se1deWaD0g,hsh,train
9jidnuroo8k,UCXPdhwRDuaqe7GdZbWbrR8g,ase,train
9jpLZ2stGeQ,UCe2lcoNfWAp4bc0JySWnkmw,ssp,train
9jx_4rBxLdk,UClyngyD31Bj6fPGCDyobHYA,ase,train
9jzu1RTlT9g,UC75cYKm6WbSk-se1deWaD0g,hsh,train
9kAZQtx6IUo,UCTv9H7xRwNU4OoFBx3u01ZQ,sls,train
9kSsZajhH9I,UCAUljvSQLJG3lX_K8kfrbWw,tsq,train
9kgmcWThQDk,UC85LK96DQppcG7tpcqCcvIw,ase,train
9koORwv4XCM,UCtCEoFMIllD5aOYneLrP4Vw,ase,validation
9ksEjdlUt50,UC7PByT-DKjERtGRmxfyWvnw,ssp,train
9kzrPBvidW0,UCyIjlBUwgXeKO6MZ2Ospaxw,jsl,train
9lhpCHwJaKc,UC75cYKm6WbSk-se1deWaD0g,hsh,train
9m46m6eI68g,UC75cYKm6WbSk-se1deWaD0g,hsh,train
9mN4Vc4b4AA,UCctnLMs5hWKC_qXO3xZE6XA,ase,train
9mu3OSNXlwc,UCwc0xtGUmoxvjYzaZNYCnEA,ase,train
9nF1tgD8wbk,UCaDrIDvpB0HdFTkpdjTPwSQ,rsl,train
9nxBpEP-kMM,UC2RbTnQ9sr6r1FgbFKf-fOA,ase,train
9oICF2dblok,UC6cIFkGZUkjUMovxdvhaeNg,ase,test
9ov5cuKAPw4,UCXuTK8atuQJiJ-qLHbjgaag,bzs,train
9owMEYg-zJo,UCEPuAkI8Fx_dqb2RMoy00CA,asf,validation
9p6eojPZWu4,UCyl2koki10uOzPU3chYrHuQ,ase,train
9p_xk6lXHOs,UCfSW63gpYNn98Wln-2lOmgQ,ase,train
9q0jwQOSvwQ,UC99w_Bzj8ikOz8Gpv0prbNg,ins,train
9qKwccDh4Uw,,ase,unassigned
9qW6261hgy4,UC6b1zI_hrSg-1nAndUEapeQ,ssp,train
9qXEr3dTwes,UClxAZnsU6AK4pX3dcFdSDPQ,ise,test
9qdDYFGjMmY,UCe3_F2KJ-rJ1I0dN_iDgzfg,ase,train
9qwErCIhvh4,UCBRYgj8lhwnr9FrETyJbYEA,ise,train
9rByhoJylnc,UCQJVI4-q2aT-9pSEmwtrMoA,ase,validation
9rFiMk9OWB8,UC75cYKm6WbSk-se1deWaD0g,hsh,train
9rJ3XFN1NyI,UCDlFWxo74LnVkI2NZrXxByA,ase,train
9rPbdiS1OjM,UC75cYKm6WbSk-se1deWaD0g,hsh,train
9re_3Ex7CGE,UCXAivKbEyzTb5tqwEu2ZDcw,ase,train
9rwoEjv7L78,UCizGctLgAahGlOvtSAKdq3g,jsl,train
9sDIbREGNyc,UCrhE9qxZimz9ozOIOURV6_A,ase,test
9sMSMwz2j10,UCgjLz2aqdeevCEIdrLD1BNQ,ase,train
9se4-NzLWjg,UCufDAfMXMca-RdSxPkosYrg,hsh,train
9smvoy8beak,UCFyhiizY8-4GUcAeYQlylMg,jsl,train
9t4LM5O9Tq4,UC6b1zI_hrSg-1nAndUEapeQ,ssp,train
9tKN8A3K4E0,UC7grq7w27wu0zllsk4kBiFA,ase,validation
9terpSb5uXc,UCDsoH108wJ2A0GWVbv-laWA,bzs,train
9tfYwKG7OzI,UC75cYKm6WbSk-se1deWaD0g,hsh,train
9tpwey1hROc,UC7fVfWv6FL7HeTFeSLz-muQ,ase,train
9uwLxEO1p5I,UC99w_Bzj8ikOz8Gpv0prbNg,ins,train
9vUCjGjxQG0,UC75cYKm6WbSk-se1deWaD0g,hsh,train
9xNhbYwShNU,UCRwPaAUrbOL4X7WgxZzIOpw,ase,test
9xxymFxhbJk,UCQJVI4-q2aT-9pSEmwtrMoA,ase,validation
9yQa5zb7_3k,UC9EJIieu927_-0Ex_SFA-CQ,ase,train
9z78vV_NBLQ,UCWif2ls3MB_CDmg4z17y6tA,ils,train
9zcFFHnNrf8,UClxAZnsU6AK4pX3dcFdSDPQ,ise,test
A-35I0iDEMU,UCY_1hb97iVCsgjc6MrE0ICA,bfi,train
A-L2nsRYIqE,UC3Z-XjH9KLIvQwU9J4-erSg,swl,train
A-PxeFSPDQQ,UCGisGwX9Mh6T6WrJsx-VjDg,pso,validation
A-zWWYKCMAc,UCz1DiTur0a3hfx5zNpxyX3Q,ase,train
A0a9G2XJA4M,UCGQ1207d-sBzP6ak1k68qyA,ssp,train
A0yLFbUE9WE,UCsuBAbMlPGJ95w3mwhz-30g,ase,train
A1-UpxHsDs4,UCLgti7NuK0RuW9wty-fxPjQ,bzs,train
A197rKnDsxs,UC75cYKm6WbSk-se1deWaD0g,hsh,train
A1YuvgjvMhU,UC3etnnsIxGpH89XgojqE0Ng,ase,train
A1rJRHxZScA,UCTi9woRHA4r8e3oEWF8hxTA,aed,train
A2O1-QiAgzE,UC75cYKm6WbSk-se1deWaD0g,hsh,train
A2fkcweHcug,UCqtaBrGzW-WzWVdhrjCBQ4g,tsm,train
A2pR8rCcubw,UCWif2ls3MB_CDmg4z17y6tA,ils,train
A33z5b18iew,UCuyQHJ4y76-i0w9N33vT-kg,ase,validation
A36VodF3BRg,UCWif2ls3MB_CDmg4z17y6tA,ils,train
A3vz_Ymw8Wk,UCqtaBrGzW-WzWVdhrjCBQ4g,tsm,train
A40x1Xle7IQ,UC99w_Bzj8ikOz8Gpv0prbNg,ins,train
A45Pq9mfUmI,UCFJLzd1pDjTJgPPHCpDfAwA,ise,train
A46A0y59mmQ,UCET0ZgnCFLi1369c3ZWfSFA,ase,train
A4A9YPy8smk,UCAwUq47FcxxDL68rM4wf2ZQ,asf,train
A4HXpR7KNFQ,UCOynshZbvM20iHEjrr9UKxQ,ase,train
A4izxOnKnug,UCh2p106l9NmARCpTlRmD8Jg,ase,train
A4tmpRnJVEg,UCe2lcoNfWAp4bc0JySWnkmw,ssp,train
A55TCEqlYKs,UCj2VBoDwp57zJCj2h9FGo7A,ase,train
A561Gtm6EUY,UCUwJIzw7t6M53vWnRsHzzdQ,gsg,train
A5_wqHywuCk,UC5H_CO6QGwd9hilVnfujz_w,bfi,train
A5qyK962yak,UC7fVfWv6FL7HeTFeSLz-muQ,ase,train
A5wV3vmB9-o,UCWif2ls3MB_CDmg4z17y6tA,ils,train
A6LkgFAKlgs,UCseX61Lzx5F-rNQ1YNaWnSw,bfi,train
A6SAt4aOhtk,UCe1KgdaU5TJnj-_f0JTSrAA,ase,train
A6V_idOTwuM,UCAPKIo9ykV8iShMmG7c-BQA,swl,train
A6rOsGXspis,UCe2lcoNfWAp4bc0JySWnkmw,ssp,train
A7U_IGArcC4,UC75cYKm6WbSk-se1deWaD0g,hsh,train
A7cI2xGeSp0,UCIeFO--ijTiM9q7c3EaDbhA,hsh,train
A7iacKC0DeQ,UC3MdmC5QW1ciTDxrgEeKeXg,ase,train
A7mHAymbVoU,UCRLLiAzad5ts5gQGcPwrTFQ,ase,train
A7u-G-HSjGU,UCXoX5aPtcb02mt1LfY-4rOw,ase,train
A83IyAO6iJ4,UCWPkrOk-WKilNHCrpXa17JQ,ase,train
A8E4Gw0jT9E,UCqLGAeTQmlRVfLK6jAWvDxA,ins,train
A8F4Xkwjrv4,UC75cYKm6WbSk-se1deWaD0g,hsh,train
A8HtQy3qUx0,UC_i63jO1Mp4TAjJh9gMAscA,ase,train
A8R7CR4mNhE,UCaTMaFNkTiwgsSQ7FYaiaTQ,ins,train
A8mUrEz_1vc,UCO1t6vamH0Uj1xT7LgK_DvA,vgt,train
A8vduuoncEc,UCJzu69TgtBwVc03QEP9gL6A,rsl,train
A9ScW8a1tzY,UCbLIzmvnSXPdpMxWQLebPJQ,ase,train
A9ZQk5KwE6M,UCDivIPRtPf_EHSiRfkwkfZA,bfi,train
A9sDTI2epns,UCDsoH108wJ2A0GWVbv-laWA,bzs,train
AA8pf4lvnNs,UC-gc7H_gu_IYUAxO2cu6STA,ise,train
AAEgmuj76nM,UC2A1TM4Mxa6CZZ7vitDOAWw,ase,train
AAHiho3UP2c,UCk4LmA-ztfdeSjpbAqSAHNw,ase,train
AAMWt7b9wAI,UCqtaBrGzW-WzWVdhrjCBQ4g,tsm,train
AAUIEzMpDcQ,UCsuBAbMlPGJ95w3mwhz-30g,ase,train
AAeaYufNg2s,UCWif2ls3MB_CDmg4z17y6tA,ils,train
AAgUh_oqImU,UCHdmWfhov7TLmVTRk4ZB3uA,ase,train
AB4K-ssK34k,UCjMNgAHpmS8hDCYZ1tUCPPg,bfi,train
ABC4PIgZAFs,UCNMh0csop45XxYU0itusr1Q,jsl,train
ABa_cT1HZjI,UCuyQHJ4y76-i0w9N33vT-kg,ase,validation
AC7et4ZIgk8,UCpSikih7IbGHYmrHqWusbPA,pso,train
AD3wHJVE3Ao,UCnygFPOSmqp53kAjYA03cnQ,slovenia,train
AD6-dy1erdM,UC75cYKm6WbSk-se1deWaD0g,hsh,train
ADDK0zLiwdw,UCMbT7f3uBbPv5dCPu7ND-yA,swl,train
AD_Gj5v-W3U,UCAPKIo9ykV8iShMmG7c-BQA,swl,train
ADavryDXceI,UCjwxf1XewJ4LeDQ-WqKAD5Q,ase,train
ADbko17YZlM,UCKakac22xPPOWUaiEtm5ZFQ,ase,train
ADcjY0Aabg4,UC75cYKm6WbSk-se1deWaD0g,hsh,train
ADe-Lvn1dE8,UC75cYKm6WbSk-se1deWaD0g,hsh,train
AEB4tVCs2kU,UCaTMaFNkTiwgsSQ7FYaiaTQ,ins,train
AEYi8DKVcI4,UC8D5gJwGJDf7a7CPAroOXeQ,fsl,test
AEcqmqbtHHE,UC85LK96DQppcG7tpcqCcvIw,ase,train
AEvwxHIEDnU,UCYogpIfU7-Cy19rDs1WnpaA,aed,train
AFCmSxEWgf8,UCxE_0ZCAmyFkJf35hOUfzMQ,ase,train
AF_vEnDPg64,UCWif2ls3MB_CDmg4z17y6tA,ils,train
AFkPmqlcskA,UCVx09ilLTKjgNM8Y2hncvrg,ase,train
AFnaBCqKXjY,UCaayieDFpDIZ1b_mspO_Rzg,ase,train
AFrzt_XSR3g,UCXPdhwRDuaqe7GdZbWbrR8g,ase,train
AGA_AJMIys0,UC3hOdPWDnQBs9NTt3y2fPRg,ase,test
AGHcLzVUbhs,UCgPgI0FiLs8v18146Suwo-w,csn,train
AGMV-jrqgos,UC75cYKm6WbSk-se1deWaD0g,hsh,train
AGNgSKHBkaU,UCsuBAbMlPGJ95w3mwhz-30g,ase,train
AGaH6_mc_Eg,UCqd6eos5-i46NbDH1uLWdFQ,bfi,train
AH2cQwb-GQ8,UCrorv-xu76u5ru5nca3bwHQ,ase,train
AHItKGM2RDI,UChTbPO97Nt0OTDvqSBjhrVQ,isr,train
AHppi4FwKj8,UCSMZ4td6mZMJVxJ2ow7zY4A,ase,train
AI-PfGG6fu8,UC55C6FrDNkoh1-S8tGHdCDw,ise,train
AIAEVV6W97w,UCpGP_vwiQtlCed1tJuQRs1g,ase,train
AIEoNLcUQR8,UCheJ6LLZBG2v34_yoCxoCuQ,asf,train
AIoJOojoVjg,,ase,unassigned
AItc9LRAiXQ,UC85LK96DQppcG7tpcqCcvIw,ase,train
AJ0WYtce0xE,UCWif2ls3MB_CDmg4z17y6tA,ils,train
AJLyE0vUB7o,UCSMZ4td6mZMJVxJ2ow7zY4A,ase,train
AJ_LnR4p25o,UCp1ei78EfKnQwthUXjfkjaw,bzs,train
AKAUXWspSno,UCqtaBrGzW-WzWVdhrjCBQ4g,tsm,train
AKBXe8-0zew,UCc9fPwa4-9j9GwRQum1vxPw,ase,train
AKDA1Haai-U,UCLq0QAPYJRxb4hN3DlYe2tw,ise,train
AKnhk5o_gB8,UC85LK96DQppcG7tpcqCcvIw,ase,train
AKzh_rKNqzo,UC3OiN9jnCART5qjoOTr7bgA,ase,train
AL1WGh1yhKE,UClv1kekXgC4s8Is-f1OBqQg,ase,train
AL5l3IK_bcE,UCLZ-LkPh14mi5FAhz4XZovg,asf,train
AL9BNgKnllE,UCKGWL_pjR6PJC2bWAYf04WQ,fsl,train
ALLSkqP_-EY,UCc9fPwa4-9j9GwRQum1vxPw,ase,train
ALM72rI2e_E,UC6ipV-gyyLuPZu4QIOm7Hag,gsg,train
ALRooScHA0E,UC7PByT-DKjERtGRmxfyWvnw,ssp,train
ALnkXxhqaxA,UCn9c-UlaJcoyHJvZH0PQO1A,ase,train
ALpDrq7MWLA,UCufxp6ZwK8zEstJ4BISgG4A,ase,validation
AMDCQesLXE0,UCWif2ls3MB_CDmg4z17y6tA,ils,train
AN1bOmhQa4c,UC6b1zI_hrSg-1nAndUEapeQ,ssp,train
AN4sMiEJ2NU,UCLB6I_tLs5ardhO_HRyKN0A,swl,train
ANbUIaRzmDw,UCjXkxrzoNjqu0Xn3U6UEOiQ,ase,train
ANc9lzGLhv4,UCs-aWvfwfNvlDXguiwDOcXQ,ase,train
AOK2nsPOXgE,UCKabucA3_-NrB7StYIq5rJw,ase,test
AOUM00irpa8,UCIF8joER1Amy-1xUKR-7QcQ,asq,train
AOhmJLBc7us,UCRRD3yalnoHR0ZvXqhiTI4Q,bzs,train
AOoPia9_ofk,UC7PByT-DKjERtGRmxfyWvnw,ssp,train
APAk5HMZ4-Q,UC75cYKm6WbSk-se1deWaD0g,hsh,train
APRwNBt4lMM,UCjCBX_ZL4T0nCyq3AgFVsDg,asf,train
APi5gLA13Aw,UCKTkcQVOr1SCqqM1lX2fv1g,ase,train
AQQ3JHmRhVo,UCs6Th15jBSWSKBnk_hyMkpg,bfi,train
ARV_73RDOSE,UCA4GmzI7pzmEp_8zhzsKWQg,ase,train
ARWuK1Q64hM,UCI4A_xft-8uziHWd1-Q0NWA,ase,train
ARgxctnmR4k,UC9gYAzdzvVld3mEoWajvuTg,ase,train
ARxGdAOFBVc,UCTi9woRHA4r8e3oEWF8hxTA,aed,train
AS7_1RNdDC4,UC75cYKm6WbSk-se1deWaD0g,hsh,train
ASIQ6BZU5-Y,UClP-V-Ie8wrVo1rzP4OTk5A,gsg,train
ASIo-YPv-5w,UCDivIPRtPf_EHSiRfkwkfZA,bfi,train
ASykP3e_N4A,UCSwgy2NOSgP1OCue5lh_vrw,ase,train
AT1hIWgjLF4,UCvbhmqqyhPueDJYJ6Eqvfmg,ase,validation
AT4pSTXxI5U,UCTv9H7xRwNU4OoFBx3u01ZQ,sls,train
ATGNvTgvjIE,UCtxZKNA_A6x1PGmUHpe850A,gsg,train
ATXeGPVHsVo,UCszvwqbz04iulT9divgrNHw,ise,train
ATfIvnxW9Jg,UCKhNyFiW_DM53uWjJdNi7lQ,ase,train
ATnZP3ehz1s,UCGzWwSdhNQpPAATLZjs8lWw,ase,validation
ATr3uWo1V8w,UCqLGAeTQmlRVfLK6jAWvDxA,ins,train
AUe95qCrfw0,UC5RrTOs35gE_w5625uGLSdA,kvk,train
AUmWjgu5zY0,UCSwgy2NOSgP1OCue5lh_vrw,ase,train
AVFWXTA_DQs,UChTbPO97Nt0OTDvqSBjhrVQ,isr,train
AVPl_ac46eA,UCLULAdF1-hor45QMG5DsjXQ,ase,train
AVSaLaV72Aw,UC_9x0YFY3tQhHD1oxDriZ9g,sgg,train
AVd2OklURaE,UC-8TBU8-W613NU2ysMh8DWQ,ase,train
AVgW8rItoUk,UCtCEoFMIllD5aOYneLrP4Vw,ase,validation
AVhrwJUSu4E,UC0jdsYSKy1VNhKw79mw0RsA,ase,train
AWvYxEDYr_Y,UCxPPmHG3QLnRG51CRsD2VPg,nzs,train
AWz18g5r9g4,UCsuBAbMlPGJ95w3mwhz-30g,ase,train
AXTEfTJKfRY,UCDaXsbs4hNm7X1QC_X9aTMA,ase,train
AXW-rc2ia0E,UC7PByT-DKjERtGRmxfyWvnw,ssp,train
AYAwDY_tJ5M,UCyQc-FXsBJ9qF7s7iik4VUA,psp,train
AYPI_Zb_REU,UCfSW63gpYNn98Wln-2lOmgQ,ase,train
AYQMQF7YJoM,UC75cYKm6WbSk-se1deWaD0g,hsh,train
AYUkP1ORH1M,UC7JuChYmxhljc49dE3JG6Zw,ise,validation
AYXMhAwCrXA,UC5Xzq4Gg6mSNymC4xIaZg1g,ase,train
AYePphaHyMs,UChTbPO97Nt0OTDvqSBjhrVQ,isr,train
AZB1dm6Df_A,UCYogpIfU7-Cy19rDs1WnpaA,aed,train
AZQ4LR9ucXU,UCPgIzfHK5zkJXIygSEjxO4Q,icl,train
AZvc5C18TA4,UC75cYKm6WbSk-se1deWaD0g,hsh,train
A_-UuILRk1I,UC-4V3usFsHi0zfJcsKNU3Yg,ase,test
A_7rpBAQDmA,UC313FOvFt7xisV08qelCCKA,ase,test
A_jOTZF1Zxs,UCjQojduPWTvXBNj1RpttqDA,ase,test
A_naDcOo6zo,UC75cYKm6WbSk-se1deWaD0g,hsh,train
Aa58uE8TODo,UCKqWekepRydW1vQIMV0ei8Q,rsl,train
AaD0HpTd63w,UCO9zhhszyR4Av4WxwdBJs-Q,ase,train
AaFI7rD8e8U,UC-GYvbXRH4CgK2Ocn_4srww,ase,train
Aaw85EJgKXQ,UCs98soN6aBb6gnfbrLl-W0w,???,train
Ab4R4573BZU,UCFfgJbY2jt4Notzk5M3baOA,asf,test
AbFtxnHHiwk,UC75cYKm6WbSk-se1deWaD0g,hsh,train
AbIwv5EWtkI,UC75cYKm6WbSk-se1deWaD0g,hsh,train
Abj2Yj4vbtk,UCyl2koki10uOzPU3chYrHuQ,ase,train
Ac0DY5MWRpg,UCDAOYycn4dnAFICIdeYJWwA,bfi,test
AcAjpTutUSQ,UC75cYKm6WbSk-se1deWaD0g,hsh,train
AcEd15pNkVM,UCe2lcoNfWAp4bc0JySWnkmw,ssp,train
AcOCIO6Yvho,UCaayieDFpDIZ1b_mspO_Rzg,ase,train
AcSETxomJxY,UCWif2ls3MB_CDmg4z17y6tA,ils,train
AcoFzlKdRhI,UCKc4tr7djlPn1jc9IUlLw3w,asf,train
AdDxgNZ7nC0,UCaayieDFpDIZ1b_mspO_Rzg,ase,train
AdOUYlWvu4k,UCqLGAeTQmlRVfLK6jAWvDxA,ins,train
AeT8Z9aVvPE,UCsuBAbMlPGJ95w3mwhz-30g,ase,train
Aey2vjnj2dw,UCeAS8hS9G8n27SmQ2h6COCg,ase,train
AgSISCer2m0,UCogNEk_IHkFF0eBlUxFc2IA,ase,train
AglP2dvkQpo,UCe2lcoNfWAp4bc0JySWnkmw,ssp,train
Agz0voALzug,UC75cYKm6WbSk-se1deWaD0g,hsh,train
AgzFWDRt56Y,UCYogpIfU7-Cy19rDs1WnpaA,aed,train
Ah3GCIJVPCI,UCaTMaFNkTiwgsSQ7FYaiaTQ,ins,train
Ah5kVcL-y0w,UCqLGAeTQmlRVfLK6jAWvDxA,ins,train
AhAPl1DnIpE,UCLrN3LrNjn6WP8kLbIyHDjQ,ssp,validation
AhCL6Y7pq7s,UCgvywbxAcsgJr_gfpqKLXXw,pso,train
AhOPvVhBrbg,UC3etnnsIxGpH89XgojqE0Ng,ase,train
AhOmaCbId1E,UCgvywbxAcsgJr_gfpqKLXXw,pso,train
AhVaJ8QJyoU,UCPaQnkq1Vgu4M_BIB8_x_LQ,ase,train
AhqmM_EIG_8,UC6Sbc1vWr5J72WwfAyVMtiQ,bfi,train
Ai0xfK2xQR8,UCyOiQ0B6GkvjaoUCqJZXUEQ,ase,train
Ai6E8ArWukM,UCuyQHJ4y76-i0w9N33vT-kg,ase,validation
AiC7TyVXges,UC75cYKm6WbSk-se1deWaD0g,hsh,train
Aio53GGXSRY,UClH-iALhZ2niASkp-XSNGpA,inl,train
AitsmTZuY9Y,UCTN9_lnXsrHFOiyz3GRQOjA,nzs,train
Aj32GNAU4Wg,UCU-BoMq4MFHlq9QnUMqBfDg,ase,test
Aj33WBV7VVI,UCs98soN6aBb6gnfbrLl-W0w,???,train
Aj5ePlJUs_s,UCqtaBrGzW-WzWVdhrjCBQ4g,tsm,train
AjMmGaoHY9c,UCuanpEILmzKOj6UHQGSk4Qg,bfi,train
AkBZRlOM0wE,UC75cYKm6WbSk-se1deWaD0g,hsh,train
AkFq5EDzymc,UClzfNFWuqWkHC9Sk7JU9eTw,kvk,train
AkW9ZgC-byE,UCky7bYWLr_5JfYNfdiFYxJg,ase,train
AkjGWElYLHI,UCrrUZVfztrpQU1YMMFoIR1A,bfi,test
AkvuWkPWdhI,UCIXUqFKYjIodWEPcBi3xMnA,ase,train
Al6mtsY9SN4,UCVIbI5DOBbWvfeyOv1VmUkQ,ase,train
AlxIHF70gQA,UCWif2ls3MB_CDmg4z17y6tA,ils,train
Am1wlKXeF7Q,UCEPuAkI8Fx_dqb2RMoy00CA,asf,validation
AmGsZaumDYA,UCSwgy2NOSgP1OCue5lh_vrw,ase,train
AmRJ94_hsHY,UC3D3um9BcGkQzquorcKWQLQ,ssp,test
AmvwHgDhTKM,UC7fVfWv6FL7HeTFeSLz-muQ,ase,train
An92Wcs2K30,UClv1kekXgC4s8Is-f1OBqQg,ase,train
Ankzvz9z1l0,UCjCBX_ZL4T0nCyq3AgFVsDg,asf,train
Annxe8N51aQ,UCbLIzmvnSXPdpMxWQLebPJQ,ase,train
AnwxS0sjWiw,UCGyWR1ZtpsJYYgW2iKM9O5w,ase,train
Ao7n8LE038U,UC5H_CO6QGwd9hilVnfujz_w,bfi,train
AoUAGk9JqBo,UCzSpscGflb7C0mMzWUtV1UQ,ase,validation
Aotv72AkrQc,UCCkAfmCTGkgJi3QlB_6vkqw,jsl,train
AovmKzzuzFU,UCGoMw1fmVX0m5_qMsYG4A3g,ase,train
AovweybEmD4,UCaTMaFNkTiwgsSQ7FYaiaTQ,ins,train
Ap8Yf97lSD0,UCA17q6v88p8FOlSDiWFkYyQ,bfi,train
ApSo3HcAANc,UCSWAjWmKu2qNdHxFeLSBgpA,dse,train
AppRbxAJD-Q,UCysnTUZnkNblPOU8b2VZAkQ,ase,train
Apt5RfCZ52g,UCaDrIDvpB0HdFTkpdjTPwSQ,rsl,train
AqO7K4nFHbs,UCjCBX_ZL4T0nCyq3AgFVsDg,asf,train
AqhZUXXlY6s,UC5H_CO6QGwd9hilVnfujz_w,bfi,train
Aqk1NA6G7hE,UCmW6ihZmBKQGruMm4ALmzdw,fss,train
AqkZk6ADiuA,UCFJLzd1pDjTJgPPHCpDfAwA,ssr,train
ArCRaesHpPw,UCcKetdJqFvXWMkM0WSMKH2w,icl,train
ArJ-pN5AXt4,UCfdT0WlvDerbcQ5E0CjJAZA,gsg,train
ArWCghsEdEM,UC93t6PJiqPnAOAxZs2xXf9Q,fcs,train
Ari_r4n7BIM,UCGisGwX9Mh6T6WrJsx-VjDg,pso,validation
ArmaIVZjtXI,UC-8TBU8-W613NU2ysMh8DWQ,ase,train
As2gPXlizCc,UCS_sxPSNGTfpkoa5nYEt-1g,ase,test
As6P9wKcyHE,UCaayieDFpDIZ1b_mspO_Rzg,ase,train
AsOxb6jNC4E,UCTi9woRHA4r8e3oEWF8hxTA,aed,train
Asw-hzCFpsk,UCaayieDFpDIZ1b_mspO_Rzg,ase,train
Asy3ZWgl3to,UCWif2ls3MB_CDmg4z17y6tA,ils,train
AszbK7zEsSE,UCsuBAbMlPGJ95w3mwhz-30g,ase,train
AtEBlHG9eGA,UCRnwGz8hAk9tsmRW3MBHUoA,gsg,train
AteCE9gt2Js,UC_UrP9dLp5R3wYJhqqz2btg,jsl,train
Au3nKx8zwBE,UCHckc4mrMU9b7L4hxQeN5HQ,ssp,test
AuLg9TwUuEk,UCWif2ls3MB_CDmg4z17y6tA,ils,train
AuOilRyLjhA,UCFcpIA0onxgAkdsh3K0gpeQ,ssp,train
AuSaVTeEndU,UCTi9woRHA4r8e3oEWF8hxTA,aed,train
AurcXoK_UNc,UC_9x0YFY3tQhHD1oxDriZ9g,sgg,train
AvMJBcDQls8,UCHBvS1eMuD3sjLKQ3l-nQSQ,ase,train
AvMRRSQcDsQ,UCXoX5aPtcb02mt1LfY-4rOw,ase,train
AvULygeMfWY,UC6OCXcxQ4yKoPfsUPWg99bg,ase,train
AvoBmESOxIk,UCbdRgG-NhSwFlRV3MGVp_cQ,dse,train
AwYQ2_L5XIE,UCvd8SHzSp07_U55qFI0-dDA,ase,train
Awb_q6Hc5aE,UCo8HN7-u9CBBTzgm6X2GCaw,ase,test
AwiKf7K-o6o,UC6b1zI_hrSg-1nAndUEapeQ,ssp,train
Awr8XL5busk,UC5Xzq4Gg6mSNymC4xIaZg1g,ase,train
AwtkU_P2-RY,UCZjcSIqyos6XJ-utaahHkfg,ase,train
AxE9tX0noic,UChzC_xVgG6hNwzeinTWE0DA,gsg,train
Axbh8wzrdYA,UCFJLzd1pDjTJgPPHCpDfAwA,slf,train
AxtPeDmgwlk,UCv2vB1PMjcB_eB0bEFQlqKw,gsg,train
AyP2lEGHXxU,UCGisGwX9Mh6T6WrJsx-VjDg,pso,validation
AyYTAGGu_pw,UCd6unnkoNgKdbvD_WL8qzaw,ase,train
AylNHq-HMV0,UCuyQHJ4y76-i0w9N33vT-kg,ase,validation
AyyFkcBYoAo,UC_9x0YFY3tQhHD1oxDriZ9g,sgg,train
AzONNO5JZqQ,UC01GNVV8aHp9v4CoZi7FcqA,swl,train
AzOQznV0NhM,UC2fTQSA7GccUUtG6RrJq9Hg,pks,train
AzvyO-r223A,UCHsDeQIX8fWO6CkCC6gsIsw,vgt,train
B-5lLb34raY,UCrorv-xu76u5ru5nca3bwHQ,ase,train
B-8oRY3nMdw,UCyD6epypPmiwcb_0n7hofuQ,swl,train
B-XFv50vLLw,UCMlF5Qicaie4REWolnykj0A,ase,train
B-eS57cvUhM,UCjCBX_ZL4T0nCyq3AgFVsDg,asf,train
B-qXKNA2u6E,UC-8TBU8-W613NU2ysMh8DWQ,ase,train
B0Cf5HOvnT0,UCP4HfN514kGkbfx6tGmMHkA,ase,train
B0bE7p0PwSw,UClxAZnsU6AK4pX3dcFdSDPQ,ise,test
B0cWPaLmTpU,UCFfgJbY2jt4Notzk5M3baOA,asf,test
B107-cT0Ir8,UCqLGAeTQmlRVfLK6jAWvDxA,ins,train
B1JHrhpwp-E,UCDWuLgx0vTYBGr1G-diNgSw,jsl,train
B1O_HLOy6_s,UCRLLiAzad5ts5gQGcPwrTFQ,ase,train
B1r08o_-mDA,UC75cYKm6WbSk-se1deWaD0g,hsh,train
B1sREGgeRUg,UC6b1zI_hrSg-1nAndUEapeQ,ssp,train
B2OsfgVJoys,UCcKetdJqFvXWMkM0WSMKH2w,icl,train
B2TAlCHzUIQ,UC75cYKm6WbSk-se1deWaD0g,hsh,train
B2lw6LVsjU8,UCGisGwX9Mh6T6WrJsx-VjDg,pso,validation
B2nDfLnixCE,UC75cYKm6WbSk-se1deWaD0g,hsh,train
B2w9Ifu7ADk,UC8kilde3j1WRzeAaXIhXNVg,ase,train
B3EbG4Pkcuc,UC6OCXcxQ4yKoPfsUPWg99bg,ase,train
B3EgHOZcO50,UCwZMVa2C8Fgz2cyg7u7Tnpg,ase,train
B3Me81Xf2PU,UCqtaBrGzW-WzWVdhrjCBQ4g,tsm,train
B3SUkZG4quc,UCwip9Ak04m9KhzO0IryD1Rw,ase,test
B4ZyBUJfWWA,UCwcJIfRFwLcZF_teq6A86dA,ssp,test
B4q0_HGX9tw,UCaTMaFNkTiwgsSQ7FYaiaTQ,ins,train
B57OYpQ4RN0,UC55C6FrDNkoh1-S8tGHdCDw,ise,train
B5LMH1PiXDM,UCFHkpbh0wCDFk7fAPbh5Suw,ase,train
B5Nt6sXd00U,UCKVvflqgi2vEsFiQKAVzETg,sgg,train
B5hpdwQ5J9Y,UCVrxlDymBXjcCAn25axZc8Q,swl,train
B5sWGucP6M8,UC1f5xYbrZxLkklmGkow7AgA,ise,train
B6EREFQ9ElE,UCuyQHJ4y76-i0w9N33vT-kg,ase,validation
B6LCfQYom_Y,UCe2lcoNfWAp4bc0JySWnkmw,ssp,train
B6mjDhUPHb8,UCWif2ls3MB_CDmg4z17y6tA,ils,train
B7OnzIK0W3M,UCt-XZAi9bVyTbVkDnP1l3yA,ase,train
B7WR-hvYDxc,UCLB6I_tLs5ardhO_HRyKN0A,swl,train
B87Dcmf3WRg,UChTbPO97Nt0OTDvqSBjhrVQ,isr,train
B8DdReip3iw,UCufxp6ZwK8zEstJ4BISgG4A,ase,validation
B8LQK3PgY0k,UCWVUF_aLbNrR_ObLwWZcU2Q,fsl,train
B8g2jPXZXg0,UCO5kEsnz9vd3Fm2OMRTZmrA,isr,train
B91eQSXsWyA,UCgEYcVOHaAhiJV9WpWwtisQ,ase,train
B9LXIV_CXy8,UCnu3PgohA8UbwDRvHvsnl1g,ase,validation
B9UPWDzP6YE,UCcmJuUulPHzBUuQbQUN7GzQ,bfi,train
BAB-W4OCK98,UCUW9iqeKBSdegW5onoBnx_w,hsh,train
BB2uiZTwHsA,UC75cYKm6WbSk-se1deWaD0g,hsh,train
BBFt6AHny9U,UC7QNujTpyZqhFrP51eTA8uQ,hsh,train
BBYoZzhVMXY,UCXlHkhyF8-7-NYRSLy2QjlA,ase,train
BBal1D7TaEo,UCFuu8KsC_I8RUWsRopecLOQ,bzs,validation
BBgXmuGhIzs,UC75cYKm6WbSk-se1deWaD0g,hsh,train
BBtiaXdFEnE,UCkwbOKADhAVxJ5Ku_FqV65w,ase,train
BCP8NZ8cb2Y,UCaayieDFpDIZ1b_mspO_Rzg,ase,train
BCspyBh4_uQ,UC75cYKm6WbSk-se1deWaD0g,hsh,train
BD6SAICsHhA,UCcLRc_9b-3-maYyPM8p1rGg,aed,train
BDDFJU3hmbA,UCqd6eos5-i46NbDH1uLWdFQ,bfi,train
BDNP8gl4oAo,UC4JcJEFJXGgiZwE4zbw2BKg,ase,train
BDOHXxGithU,UCPgIzfHK5zkJXIygSEjxO4Q,icl,train
BDYiK0QZnfU,UCWif2ls3MB_CDmg4z17y6tA,ils,train
BEQOl_IvF5E,UCPgIzfHK5zkJXIygSEjxO4Q,icl,train
BEYKRMu0AAc,UC-gc7H_gu_IYUAxO2cu6STA,ise,train
BEhE6ZRaRSw,UCKki8PhClHFEiaSdKNXxilQ,ase,test
BFRQxAxA_5k,UC5H_CO6QGwd9hilVnfujz_w,bfi,train
BGa5oeZUUbo,UCjCBX_ZL4T0nCyq3AgFVsDg,asf,train
BGkx14Zpk5w,UCwc0xtGUmoxvjYzaZNYCnEA,ase,train
BHHRt5zFfp0,UCqd6eos5-i46NbDH1uLWdFQ,bfi,train
BHLv8-V77P8,UC6OCXcxQ4yKoPfsUPWg99bg,ase,train
BHsDrt4r7sw,UC7JuChYmxhljc49dE3JG6Zw,ise,validation
BI4gHz9gPd8,UCFJLzd1pDjTJgPPHCpDfAwA,ssr,train
BINcH0ZYwZI,UCkoBvuPnb-u4iyKqkmiUEMA,ase,train
BIYiAAoXJTA,UCMDu7pTtVXbxEtKeVj0Y8qA,ase,train
BJ-3jBJqp2s,UCWif2ls3MB_CDmg4z17y6tA,ils,train
BJWHEHD2O3M,UCxL5EZmsJbbN-vrvhL2-DJg,ase,train
BJmM-_aiPDw,UCRRD3yalnoHR0ZvXqhiTI4Q,bzs,train
BJx13J4X6i8,UC5hrKEYa8zJLnYcQoEJmxOw,ase,train
BKAZQyN5hPg,UC5JceFjXJRyp7dzuT96dWiQ,asf,train
BKK9GTves3o,UCLUSM7sbFDJD4EeLCegPB1Q,pso,train
BKLq5kU6p6k,UCj4oYRilHPMx97CErna9pXw,ise,train
BL1y-kqJJK4,UC75cYKm6WbSk-se1deWaD0g,hsh,train
BL7G4YmlMJ8,UClH-iALhZ2niASkp-XSNGpA,inl,train
BLMmZB6JC08,UCNMh0csop45XxYU0itusr1Q,jsl,train
BL_bxqJmsSg,UCGisGwX9Mh6T6WrJsx-VjDg,pso,validation
BM36U3yZt0I,UCVrYey5SZMid_VZk9D8tYmA,ase,train
BMArXzNvTNc,UCsISj8VNUUVr03sV4bkxWWw,pso,train
BMaCsa-v5fQ,UCQukMGEToh7Dcjsl8ZADaOw,ise,train
BMqh29uUw0o,UC-gc7H_gu_IYUAxO2cu6STA,ise,train
BMrnAHEwdyY,UCB2TPZ9vox9PvK9arORVtNg,pso,train
BNPeRAEVCtM,UCFfgJbY2jt4Notzk5M3baOA,asf,test
BNVJ1fl9d_o,UC85LK96DQppcG7tpcqCcvIw,ase,train
BNcw9W_JVyY,UC85LK96DQppcG7tpcqCcvIw,ase,train
BOH1fo7tTXY,UC99w_Bzj8ikOz8Gpv0prbNg,ins,train
BOQYAFQVS8M,UC99w_Bzj8ikOz8Gpv0prbNg,ins,train
BOS4vvfhPhQ,UC4VHfRJHnbcGVLcr9vQIihQ,bfi,train
BOT4M41BaaY,UC7grq7w27wu0zllsk4kBiFA,ase,validation
BP43CxmUyPg,UCXuTK8atuQJiJ-qLHbjgaag,bzs,train
BP4LTlUi5UM,UC55C6FrDNkoh1-S8tGHdCDw,ise,train
BQERjpmJBtw,UCaGw9z5wD70PmLH_V2keTRQ,ase,test
BQGZ_bKER98,UC75cYKm6WbSk-se1deWaD0g,hsh,train
BR1Zvnc-2H8,UC_csKkBXrr9A0-07cAvo_nA,ase,train
BR3fNwwxfmg,UC9wDj2_57e2TlH2UE2OvE8g,ase,train
BSs074tZDVY,UC85LK96DQppcG7tpcqCcvIw,ase,train
BT1B0aC4e1Y,UCqLGAeTQmlRVfLK6jAWvDxA,ins,train
BT5U3XsiWRk,UC0ssa7FTeHexuO6wHhbX9ow,ase,test
BTTzu1oROlo,UCA7yuvsX0I5xX_SSXUJQJ1w,ase,validation
BTaQiLAwwPQ,UC4KyhBCXwO-aSXDN-QyeSmQ,ase,train
BU-p0OXMIYk,UCghRY_2BGhJeZ6cFfOiiC8A,ase,train
BU_Sw89agEQ,UClv1kekXgC4s8Is-f1OBqQg,ase,train
BV1FjsXaLJM,UCejvqj1YPisG_qb3gcjj4nw,ase,train
BVbVgMY7IsA,UCSMZ4td6mZMJVxJ2ow7zY4A,ase,train
BVh0unKCEKQ,UC75cYKm6WbSk-se1deWaD0g,hsh,train
BWApSs8onSM,UCu3IDLpFvh_dSPLyvRcDOEA,ase,test
BWWlHsq1EBY,UC75cYKm6WbSk-se1deWaD0g,hsh,train
BWiagIMPECE,UC75cYKm6WbSk-se1deWaD0g,hsh,train
BX9UM5k4yCg,UC3dDOZWlV-xRz34PFC-Q5BQ,ase,train
BXM5AEAY5LQ,UC-8TBU8-W613NU2ysMh8DWQ,ase,train
BXbGdl4QW3c,UCVZDN579ziaFB3EcxCoyvgA,hks,train
BXgu7fGar3E,UCWVUF_aLbNrR_ObLwWZcU2Q,fsl,train
BYLuc0kwjew,UCWif2ls3MB_CDmg4z17y6tA,ils,train
BYacWW7mN4c,UCQukMGEToh7Dcjsl8ZADaOw,ise,train
BYb_GnS40-A,UCGisGwX9Mh6T6WrJsx-VjDg,pso,validation
BYgk6ECNhT0,UC8dHtefYYC4TmhRS_0qtKTA,bzs,train
BYhv9S5h99A,UCrOuWFZo1V42NXWWjHFqngg,ins,train
BYmThWMdDko,UCGLOly45we_1ZTXAXF7TZDA,asq,train
BYtBxaly7nc,UC5Xzq4Gg6mSNymC4xIaZg1g,ase,train
BZ7kcK_qpgI,UC75cYKm6WbSk-se1deWaD0g,hsh,train
BZkJqlB0fHQ,UC4hKAY36ZwFrW14iaPyOw-g,sls,train
BZvLrET9sy0,UC-gc7H_gu_IYUAxO2cu6STA,ise,train
B_3M4KLfjkA,UCVrxlDymBXjcCAn25axZc8Q,swl,train
B_Q6On0Zuuk,UCrcYjoyYuUQhxwlX69cCn4Q,ase,train
B_s7U1OlqmI,UCUW9iqeKBSdegW5onoBnx_w,hsh,train
B_xcOk3mHk8,UCAPKIo9ykV8iShMmG7c-BQA,swl,train
Ba8eYbqkZFI,UCVCtmsq2MwxRAD5fdFeQp2Q,fse,train
BaF7ps9iAbM,UC55C6FrDNkoh1-S8tGHdCDw,ise,train
BaMqQQIlBbM,UCuyQHJ4y76-i0w9N33vT-kg,ase,validation
Bb5WO3L5Ndw,UCUG55S8guAvcrxLt2yfieag,tsm,train
BbQiNvOPnng,UC75cYKm6WbSk-se1deWaD0g,hsh,train
BbqPN1-UnFM,UCoR6BxrxD9XSRx3UGK1XG1A,aed,train
BbvfjLrcQdk,UCxjowJzFb1xWDhcmbzs4AZA,bfi,train
Bc1qoZY-HWg,UCDWuLgx0vTYBGr1G-diNgSw,jsl,train
Bcco2hDbUr4,UC7fVfWv6FL7HeTFeSLz-muQ,ase,train
BdK9eKZehvE,UCDAOYycn4dnAFICIdeYJWwA,bfi,test
BdSpApd9zNM,UCfLul2uPakgQyTab23cYB7Q,ise,train
BdXZQEI90nk,UChTbPO97Nt0OTDvqSBjhrVQ,isr,train
BdeQCD1Z43U,UCziQtDCnrKbqqe7_P7hpEAw,ase,test
Bdj5MUf_3Hc,UCs98soN6aBb6gnfbrLl-W0w,???,train
BdxiUVwmL1Q,UCj4oYRilHPMx97CErna9pXw,ise,train
BeETZjhLU8o,UCQJVI4-q2aT-9pSEmwtrMoA,ase,validation
Belymla42OE,UCLZGWvbf2690aJHnVYPvP7Q,ase,validation
Bf4DY2onKh8,UCsISj8VNUUVr03sV4bkxWWw,pso,train
BfUPRI3h4vo,UCaayieDFpDIZ1b_mspO_Rzg,ase,train
BgKuy06KhYg,UCJzu69TgtBwVc03QEP9gL6A,rsl,train
BgN59No75sE,UCGisGwX9Mh6T6WrJsx-VjDg,pso,validation
Bgsh1CpP-mg,UCiawIaoh8sdgcGenM88NkHA,pso,train
Bgw9XB026hU,UCfEalJW91FE9BDH9xUVDvvg,ase,train
Bh5EWTS4oKw,UCGisGwX9Mh6T6WrJsx-VjDg,pso,validation
BhMdR8mDZAk,UC75cYKm6WbSk-se1deWaD0g,hsh,train
BhZQkO4m8HM,UCWif2ls3MB_CDmg4z17y6tA,ils,train
Bhm7C5dcp80,UCEPuAkI8Fx_dqb2RMoy00CA,asf,validation
BiMQBiGjDUM,UCWif2ls3MB_CDmg4z17y6tA,ils,train
Bij4A7nWUrc,UC7PByT-DKjERtGRmxfyWvnw,ssp,train
Bjdo39XvpY0,UC_9x0YFY3tQhHD1oxDriZ9g,sgg,train
BjktJ_xc1EQ,UCKki8PhClHFEiaSdKNXxilQ,ase,test
BjoAgMiE4H8,UCcD4ou_0CcbWTRPtNhX43_g,psp,train
Bk18xlL2iew,UC75cYKm6WbSk-se1deWaD0g,hsh,train
Bk1IqPUHEAU,UCUW9iqeKBSdegW5onoBnx_w,hsh,train
Bk1sNz02zjg,UCFcpIA0onxgAkdsh3K0gpeQ,ssp,train
BknR7SEOMHw,UC2p2RydZ3KZjtCw4sAYh30w,ase,train
BlOnEngKeME,UCqtaBrGzW-WzWVdhrjCBQ4g,tsm,train
BlTxeDwBmZA,UCWif2ls3MB_CDmg4z17y6tA,ils,train
BlwUmu9sYM0,UCPgIzfHK5zkJXIygSEjxO4Q,icl,train
Blx-bd_E0g4,UCXAivKbEyzTb5tqwEu2ZDcw,ase,train
BlzpvIPLg1w,UCuyQHJ4y76-i0w9N33vT-kg,ase,validation
BmFo4Th6jqg,UC9iTjM1LI5k60EhfTwNPO5w,ise,train
BmLQ5GDLITQ,UCWgT5Ro0AroGs5fb4vHx8aQ,swl,train
BmW55kjatRw,UC55C6FrDNkoh1-S8tGHdCDw,ise,train
BmqNxqw1le8,UC0sY0BlkHyM81CyH0N_95bg,ase,train
BmqnX-zFrdk,UCRRD3yalnoHR0ZvXqhiTI4Q,bzs,train
BmsXqw-MaGs,UChTbPO97Nt0OTDvqSBjhrVQ,isr,train
Bmt8a8KEyNQ,UC6IwTu3DmTe5bsElEqO4rdA,fsl,validation
BnnkQNjaqgo,UCs98soN6aBb6gnfbrLl-W0w,???,train
BnxtnLeTe1o,UC75cYKm6WbSk-se1deWaD0g,hsh,train
BoGxaRdm_iI,UCWif2ls3MB_CDmg4z17y6tA,ils,train
BoZoWhuQ5E0,UCIeEC8gGm-UeNHP309VO9_w,ase,train
BohRbXp2n1Q,UCWif2ls3MB_CDmg4z17y6tA,ils,train
BpQ14rq1UQI,UCDivIPRtPf_EHSiRfkwkfZA,bfi,train
BpzznbJO0t8,UC-8TBU8-W613NU2ysMh8DWQ,ase,train
BqNIBMB-PGE,UCPTbovTtAz9LaZOSHLkpq-A,aed,train
BqVcUf-np3A,UC52H_xHKrwnQRPb25kQtFCQ,ase,train
BqwQz2loERw,UCgEYcVOHaAhiJV9WpWwtisQ,ase,train
BriVs6FnN9Y,UC75cYKm6WbSk-se1deWaD0g,hsh,train
Brl8-d-lTdU,UCsuBAbMlPGJ95w3mwhz-30g,ase,train
BrlaGWeFHuY,UCIeEC8gGm-UeNHP309VO9_w,ase,train
Brzn8NewEaY,UCPNeYbg5gz7AYRCgg8vjhDg,ase,validation
BsiYCzSSQK4,UCS7wVohIwd66b95xyuw7DFQ,ase,train
Bt5kMjAHSWE,UCo-gfpHpOoytC793Ahvtm0Q,ase,train
BtILfd2OdV0,UCRwIJNhbnttAA2eJtUBmiAg,ase,train
Bt_FNR1xyyY,UCqtaBrGzW-WzWVdhrjCBQ4g,tsm,train
Bu7fPDWlBWo,UCvd8SHzSp07_U55qFI0-dDA,ase,train
Bu8ZlW-2Nfc,UCvviMLDDMjbRi_kDVlnjWVA,ase,validation
BuBuQaawLIs,UCx8jxChJznkRPJCE79qldOg,pso,train
Buo5js0xrUk,UC99w_Bzj8ikOz8Gpv0prbNg,ins,train
BupBY8kIABo,UCXAivKbEyzTb5tqwEu2ZDcw,ase,train
BuueWp_3ngM,UCe2lcoNfWAp4bc0JySWnkmw,ssp,train
BvAUuRx5esk,UCGisGwX9Mh6T6WrJsx-VjDg,pso,validation
BvAd_03gejk,UC75cYKm6WbSk-se1deWaD0g,hsh,train
Bv_bkAGQab4,UC3hOdPWDnQBs9NTt3y2fPRg,ase,test
BvgjplVcXtI,UCVrxlDymBXjcCAn25axZc8Q,swl,train
BvlR43fQBjs,UCQJVI4-q2aT-9pSEmwtrMoA,ase,validation
BwPh3NZchxw,UCQukMGEToh7Dcjsl8ZADaOw,ise,train
BwkatIg9xDc,UC75cYKm6WbSk-se1deWaD0g,hsh,train
BwppKOtoK4A,UCSMZ4td6mZMJVxJ2ow7zY4A,ase,train
BxkVai8tLKM,UC-_uxJSqfBKmSWcz4jeiY4w,ase,train
BxrOaOJqrio,UC7JuChYmxhljc49dE3JG6Zw,ise,validation
Bz25rTr3Hk0,UC5Xzq4Gg6mSNymC4xIaZg1g,ase,train
Bz6t4_Mci08,UC8dHtefYYC4TmhRS_0qtKTA,bzs,train
Bz74Qkl9J18,UCWif2ls3MB_CDmg4z17y6tA,ils,train
Bz9XJTkNx18,UC7QNujTpyZqhFrP51eTA8uQ,hsh,train
BzSsTIgKfus,UCizGctLgAahGlOvtSAKdq3g,jsl,train
BzZMj688UoY,UC7rtwOJBv4c4PyIhSFvg3Hg,bzs,train
BzfKk_I3zFs,UCWif2ls3MB_CDmg4z17y6tA,ils,train
Bzkyq9SupIs,UCjCBX_ZL4T0nCyq3AgFVsDg,asf,train
C-0aUhVPiTw,UCuLgHM31H7PmEAY92jBSU_Q,jsl,test
C-PrRgb-lck,UCZy9xs6Tn9vWqN_5l0EEIZA,ase,train
C0ZIp1slUdM,UCs98soN6aBb6gnfbrLl-W0w,???,train
C19CjdCfpMA,UCWif2ls3MB_CDmg4z17y6tA,ils,train
C1JWKpQoeRM,UCT_ibOnQ79FD6UX9nUwl1Fw,ise,train
C1N-4uK-awc,UClyngyD31Bj6fPGCDyobHYA,ase,train
C2JWWdcHwP4,UCXAivKbEyzTb5tqwEu2ZDcw,ase,train
C2bJlnzs7Sc,UCJknGXIBPnjM5wLWb3QBmYA,ase,train
C2h1rC0wfmY,UChTbPO97Nt0OTDvqSBjhrVQ,isr,train
C2ntaYGQHi0,UC6OCXcxQ4yKoPfsUPWg99bg,ase,train
C38G0AXAIl0,UC5Xzq4Gg6mSNymC4xIaZg1g,ase,train
C3ElvcjM_ss,UClOsOkZV-sLcukLWWMRfW7A,ase,train
C3O2pPJvxDc,UC8dHtefYYC4TmhRS_0qtKTA,bzs,train
C3sgyr02deg,UCyAPbimBAxWyMA0t96UTbbg,svk,train
C3yAWd8OUE4,UCe2lcoNfWAp4bc0JySWnkmw,ssp,train
C4JpYx8b6Mo,UCST0jMJxGii_SsttkQxOVkQ,ase,validation
C4rraCk26f8,UCUW9iqeKBSdegW5onoBnx_w,hsh,train
C5_riSyWZjE,UC8dHtefYYC4TmhRS_0qtKTA,bzs,train
C6P0FKbXx2o,UCFcpIA0onxgAkdsh3K0gpeQ,ssp,train
C79Sqik9z8g,UCjCBX_ZL4T0nCyq3AgFVsDg,asf,train
C7F14MYoWgY,UChrtMAU1ZirqIlTNlR5cRcQ,ase,train
C7_0LauoL18,UCrrUZVfztrpQU1YMMFoIR1A,bfi,test
C7gx9Yusvvo,UCaY5JjIf6cKZrynK9Oc3SYQ,asq,train
C83Xq0u0bU8,UC75cYKm6WbSk-se1deWaD0g,hsh,train
C8KqBS64Z64,UCHYhDUKzFJYtxa1aGB3cpmw,ase,train
C8YufrACB_4,UC75cYKm6WbSk-se1deWaD0g,hsh,train
C952R-0hwhM,UC75cYKm6WbSk-se1deWaD0g,hsh,train
C9BJzdyQYPo,UCjVpsnDflFe9dOWZWlnxUrA,ase,train
C9UI-FROzVE,UCMbT7f3uBbPv5dCPu7ND-yA,swl,train
C9dyFAX1Iuo,UCE1SMWSCK5XIOyvPmw9ttDg,ase,train
CA6q4MYIDYU,UCyIjlBUwgXeKO6MZ2Ospaxw,jsl,train
CBIrMwQvppA,UC7fVfWv6FL7HeTFeSLz-muQ,ase,train
CBJ5UP-vxjI,UC5Xzq4Gg6mSNymC4xIaZg1g,ase,train
CBNeSzwukmU,UCAPKIo9ykV8iShMmG7c-BQA,swl,train
CBs9wKUl0bI,UClH-iALhZ2niASkp-XSNGpA,inl,train
CC42J0l3XY4,UC52H_xHKrwnQRPb25kQtFCQ,ase,train
CCOxJ5GCOtI,UCGkggeR449U_G_ULi-Y0G0A,hsh,train
CCezOxy61_E,UCufxp6ZwK8zEstJ4BISgG4A,ase,validation
CCja90IYSro,UC01GNVV8aHp9v4CoZi7FcqA,swl,train
CCuWBR3tw2w,UChTbPO97Nt0OTDvqSBjhrVQ,isr,train
CDIgpswCkvQ,UC99w_Bzj8ikOz8Gpv0prbNg,ins,train
CDXvJH3PE48,UCgSwCawfopWlRFmD9PRaVdA,ase,train
CDassiafLP8,UCYWJdRpk2jOOZaqvXGVjkxw,ase,train
CDteZewJDYQ,UC75cYKm6WbSk-se1deWaD0g,hsh,train
CEXBTe2yoSQ,UCvu5Mf3Yzi5DZBvCyjPqNVA,ase,train
CFarnh7mDGk,UCufxp6ZwK8zEstJ4BISgG4A,ase,validation
CFbXC1QBV30,UC-gc7H_gu_IYUAxO2cu6STA,ise,train
CFyEvF6wkEQ,UCuseIvrm7VZrcUJipa5yw9g,ase,train
CGX3yiHOW1U,UClO2hO0t9tWsdgZmi_WQNkg,ise,train
CGlWQbj-NsQ,UCapFShgxytRPexLxwUiXGVw,asq,train
CGvgTEg1oA8,UCqLGAeTQmlRVfLK6jAWvDxA,ins,train
CHC_UuD6XDI,UC75cYKm6WbSk-se1deWaD0g,hsh,train
CHDaCHZkn9s,UCNNd2exV4cab-3j5-gwKs1g,ase,train
CHP2uVmY6II,UC75cYKm6WbSk-se1deWaD0g,hsh,train
CHWyMLHJtUA,UC75cYKm6WbSk-se1deWaD0g,hsh,train
CH_AUk_c7-I,UCLq0QAPYJRxb4hN3DlYe2tw,ise,train
CHqju-5hWhw,UCK-n3cLst9SuYfxk7oNhrlw,ase,train
CHvdRy9InDo,UCQukMGEToh7Dcjsl8ZADaOw,ise,train
CI0Wmo8K9uQ,UC7Xrjp95yDyXS8btuiY6NsA,csg,train
CIFgRPiLeII,UC5H_CO6QGwd9hilVnfujz_w,bfi,train
CIek3BLP6QE,UCPgIzfHK5zkJXIygSEjxO4Q,icl,train
CJDYckF_cG8,UC75cYKm6WbSk-se1deWaD0g,hsh,train
CK7h7IjZH_8,UCGV-ufMbl_OxY8OJgXy_8kA,asf,train
CKBN8K5Noxg,UC_UrP9dLp5R3wYJhqqz2btg,jsl,train
CKj3_gxVyEQ,UCvDoPmXCGQ_RpWiNtNDUe4Q,ase,train
CKtcB2-19XY,UCTKsrvPypyh3flFdEWqo53A,ase,train
CL9zmOinqrk,UCDaXsbs4hNm7X1QC_X9aTMA,ase,train
CLGFWJEo9bg,UCGu8KKKnkOAsIAprOFAvJzg,ase,train
CLNlyUZyCjE,UC99w_Bzj8ikOz8Gpv0prbNg,ins,train
CLm0bktArGA,UC5RrTOs35gE_w5625uGLSdA,kvk,train
CMAfWWzGG3o,UC5Xzq4Gg6mSNymC4xIaZg1g,ase,train
CMXFaC6I3O0,UC75cYKm6WbSk-se1deWaD0g,hsh,train
CN0-cebNUkQ,UCEPuAkI8Fx_dqb2RMoy00CA,asf,validation
CNgexguDBA8,UCm-yy-rUIBQHhSG5RJE_wzg,ase,train
CNsZ9eOhAPg,UCWif2ls3MB_CDmg4z17y6tA,ils,train
CO87CRxnssw,UCIG1k8umaCIIrujZPzZPIMA,ase,train
COJX9T3Dg2g,UCqd6eos5-i46NbDH1uLWdFQ,bfi,train
COKwRiFPG0s,UCSMZ4td6mZMJVxJ2ow7zY4A,ase,train
CPTMseGLuVA,UCrRAKh288SwaKGMNrX4ppLA,ase,train
CPgSx_amuoA,UCFDHIbOJm50fmRrZT9DLD0g,ase,train
CQWwNw2HCjY,UCHckc4mrMU9b7L4hxQeN5HQ,ssp,test
CR98wRNsXKI,UC4YIkyipvSWH51CYnKgvHbg,jsl,train
CRAFNTKJuSc,UCaxFd-q8EuAwFDMsnSHQNJg,ase,test
CRJSZ2e7BU0,UC99w_Bzj8ikOz8Gpv0prbNg,ins,train
CRnYY8nE0qM,UClxAZnsU6AK4pX3dcFdSDPQ,ise,test
CS-5JN7wPkE,UC7PByT-DKjERtGRmxfyWvnw,ssp,train
CS1vZBOtkZI,UCDu0XXRzxz8pvm0PsLpPxFA,ise,train
CSNhzuFoUPQ,UCwc0xtGUmoxvjYzaZNYCnEA,ase,train
CSm4XiFlbb8,UCxL5EZmsJbbN-vrvhL2-DJg,ase,train
CTECoTMhtbE,UCjCBX_ZL4T0nCyq3AgFVsDg,asf,train
CTNS5NLtbPI,UC_wh7CAHsakVopKtr8NnXsA,jsl,train
CTcxA-VFK8U,UCXAivKbEyzTb5tqwEu2ZDcw,ase,train
CTdugvFRO8U,UCuLgHM31H7PmEAY92jBSU_Q,jsl,test
CTtsphDUTUw,UC7PByT-DKjERtGRmxfyWvnw,ssp,train
CTuYoL9FzGY,UC75cYKm6WbSk-se1deWaD0g,hsh,train
CUFH-60pJ7Q,UCpC_MAQBXO_TuX6rkOjY6qw,ase,train
CUIp1T0qhWs,UCaayieDFpDIZ1b_mspO_Rzg,ase,train
CV9DY5orRbM,UCaY5JjIf6cKZrynK9Oc3SYQ,asq,train
CVO2ozU6DYc,UCDivIPRtPf_EHSiRfkwkfZA,bfi,train
CVje5obK8JM,UC75cYKm6WbSk-se1deWaD0g,hsh,train
CWPlI4KcMoI,UCfL6U4UzfPenj-GNIKLp2-A,ase,train
CWQC0yVs0ks,UCWif2ls3MB_CDmg4z17y6tA,ils,train
CX5tJIGtByk,UCcmJuUulPHzBUuQbQUN7GzQ,bfi,train
CXHkUNfkGGI,UCwW377-H1o4dNvMUJMJ4CCQ,ase,train
CX_paUM2l44,UC4SqFeQL9FsN2A-2cBbUS5g,bzs,train
CXoyt2NNeQ8,UC7fVfWv6FL7HeTFeSLz-muQ,ase,train
CXwyq9fSjhI,UCo7TejyH1kOQ9_AXgYFx2Cg,ase,train
CYhe6-RGUTQ,UC1rYYrVN26yA1p_jBmbamSA,ase,train
CYki_ZduM4o,UCFJLzd1pDjTJgPPHCpDfAwA,ils,train
CYryRQ76a6E,UCFJLzd1pDjTJgPPHCpDfAwA,ssr,train
CZxE1-R--ZY,UCUW9iqeKBSdegW5onoBnx_w,hsh,train
Ca-Kuat7Nlc,UChTbPO97Nt0OTDvqSBjhrVQ,isr,train
Ca5rQokOZsg,UCuyQHJ4y76-i0w9N33vT-kg,ase,validation
Ca8XZ4Uc1hk,UCs98soN6aBb6gnfbrLl-W0w,???,train
CaQIzcqWUmg,UC5H_CO6QGwd9hilVnfujz_w,bfi,train
CajC7BYzHOc,UC-gc7H_gu_IYUAxO2cu6STA,ise,train
CalHt1YA5M8,UCB2rLX8TQMP6RAvRRIoECzQ,ase,train
CbtjmHMBB8M,UCWif2ls3MB_CDmg4z17y6tA,ils,train
Cc_LlC0Omw4,UCQuwujfqdfDDY3cLU3nyH_w,ase,train
Ccir_flOAfU,UC5H_CO6QGwd9hilVnfujz_w,bfi,train
CcmEHcsco1s,UC5H_CO6QGwd9hilVnfujz_w,bfi,train
CcqVc1Oo2bc,UChTbPO97Nt0OTDvqSBjhrVQ,isr,train
Cd2t9uLeLN8,UCOuE0zw9VItn-Bv71BNeBVQ,fsl,train
CdJ0dPjl-JU,UCmnrzYh93sxxLB5bw4Fz10A,ase,test
CdKYKlVf-3s,UCebxTPa7CYOA1g_TsvHn5Jw,ase,test
CdNO0QmgQyI,UCFcpIA0onxgAkdsh3K0gpeQ,ssp,train
CdZ6jTw4Byg,UCufxp6ZwK8zEstJ4BISgG4A,ase,validation
Cdzzhl52p2U,UC7PByT-DKjERtGRmxfyWvnw,ssp,train
Ce8NC3bitp0,UCCZ_femzSxK1e936MTU9TaQ,asq,validation
Ce_zrNLad7g,UCWif2ls3MB_CDmg4z17y6tA,ils,train
Ced8L39L5FU,UCLULAdF1-hor45QMG5DsjXQ,ase,train
CenAwKquqE0,UCe2lcoNfWAp4bc0JySWnkmw,ssp,train
CfYmLMs_lFs,UC5H_CO6QGwd9hilVnfujz_w,bfi,train
Cf_F2LLT2UY,UCSMZ4td6mZMJVxJ2ow7zY4A,ase,train
ChCAbyl7hnA,UCQhOtzmEDcf4XZk-vYf9hYQ,ase,train
ChkUSvmk6u4,UC5H_CO6QGwd9hilVnfujz_w,bfi,train
Ci8Ol8ms6k8,UCFuu8KsC_I8RUWsRopecLOQ,bzs,validation
CiUd1fCq3m0,UCyxmIWJ8ddzJ2Ct89DlTAIA,asf,train
Cizfm_Imt0M,UC6EgT1RmPdLAyycXh-m0rqQ,ase,train
CjnS_fPFtEk,UC5Xzq4Gg6mSNymC4xIaZg1g,ase,train
CkU6Zsxi3Ms,UCWbnHpCljj8MuTeNnCiNVew,ase,train
Cklkib9tVFk,UClxAZnsU6AK4pX3dcFdSDPQ,ise,test
CkylGr2azOI,UCizGctLgAahGlOvtSAKdq3g,jsl,train
Cl7C9_EePm0,UCm-cLN9VreBJm7EMmX7VRVg,ase,train
Clg-izhi4D0,UCOM_JRuoDUSKu68gp3-3IEQ,ase,train
Cn9eJX6os0g,UCDRIKox5aKmzAMnWj4pAfOA,bzs,train
CnGhzcm339Y,UC1G3g-bBbvVR5oyJO3QIV0w,jsl,train
CnOQw-TCt_w,UC75cYKm6WbSk-se1deWaD0g,hsh,train
CnQmhUa5dW8,UCsuBAbMlPGJ95w3mwhz-30g,ase,train
CnRwu5wXwDU,UCaDrIDvpB0HdFTkpdjTPwSQ,rsl,train
CnUajCRzdfA,UC3Z-XjH9KLIvQwU9J4-erSg,swl,train
Cn_i-FVD1ws,UCC4RZThTgaepMZZS1CAHxwA,ase,train
Co23M0p22xw,UCAPKIo9ykV8iShMmG7c-BQA,swl,train
Co5pu_OyAcg,UCWif2ls3MB_CDmg4z17y6tA,ils,train
Co7M62I-x-o,UCGisGwX9Mh6T6WrJsx-VjDg,pso,validation
Co7QhphNWq8,UCRRD3yalnoHR0ZvXqhiTI4Q,bzs,train
CoLpws0TzNE,UC4rj7Ns8MtIqoI7i0Lagkng,jsl,train
Cp4z3winI7E,UCDiNP0Cghn8iKQoK30GtQZw,ase,test
CpmddJhyeac,UCWif2ls3MB_CDmg4z17y6tA,ils,train
CppCf8sjOKc,UCVrxlDymBXjcCAn25axZc8Q,swl,train
CqTl8hw8E4U,UCqd6eos5-i46NbDH1uLWdFQ,bfi,train
CqxMTCtW9QU,UCGisGwX9Mh6T6WrJsx-VjDg,pso,validation
CrDIFR5O3F0,UC06x8dmyw6x_HcttC8gcvxw,ase,train
CrIt01Knt7I,UCFfgJbY2jt4Notzk5M3baOA,asf,test
CsPu3ZcGlA8,UCWif2ls3MB_CDmg4z17y6tA,ils,train
Csk2holInew,UC75cYKm6WbSk-se1deWaD0g,hsh,train
CtMXHPo5Zl0,UCQ_jW1xLUF7Sg711yXVvQPQ,ise,train
CteK1wTRRck,UCUW9iqeKBSdegW5onoBnx_w,hsh,train
Ctna-GMK5Dc,UC9FMiJybd6Wlf5f_HPKX9ag,ase,train
CtvQxf4_vVs,UC99w_Bzj8ikOz8Gpv0prbNg,ins,train
CuCYtmZ3pGY,UCMZD9P87-3WVUl2-nPOQagg,bzs,test
CvHZIcsDknw,UCK-n3cLst9SuYfxk7oNhrlw,ase,train
Cv_VBw-3Y58,UC4YIkyipvSWH51CYnKgvHbg,jsl,train
Cw1tLhzEQrw,UCIF8joER1Amy-1xUKR-7QcQ,tsm,train
CwA-zJhxcqk,UCXuTK8atuQJiJ-qLHbjgaag,bzs,train
CwKHPZti8NE,UC99w_Bzj8ikOz8Gpv0prbNg,ins,train
CwMIXD519aU,UCXAivKbEyzTb5tqwEu2ZDcw,ase,train
CwqBLHlbla8,UCMHI7Qjro6J8VWFPHlcpyyQ,pso,train
CxhClo3VZEs,UCt91xT0CEmOBohy3k7HOdJQ,ase,train
CxtDtTDc9M4,UCx8jxChJznkRPJCE79qldOg,pso,train
Cy7pzyks5B8,UC-gc7H_gu_IYUAxO2cu6STA,ise,train
CyJcEOOooCQ,UC3p9-cdApmRUOgQ4-M4P01w,ase,train
CyZxn0Wgpx0,UCtCEoFMIllD5aOYneLrP4Vw,ase,validation
Cz7uuKCHZms,UClf6uXqvt7z6Xr2wqGNxtwg,ase,train
CzDB5KkLDyM,UCjCBX_ZL4T0nCyq3AgFVsDg,asf,train
CzFAqNN7ke0,UC6b1zI_hrSg-1nAndUEapeQ,ssp,train
D-PD7dPv0Yw,UCtXbJJypKbI95GChK9nCg1Q,ase,train
D-Rf0tguWjQ,UCAPKIo9ykV8iShMmG7c-BQA,swl,train
D01q_n5vp5g,UC1f5xYbrZxLkklmGkow7AgA,gsg,train
D04vbRn9hmg,UCs98soN6aBb6gnfbrLl-W0w,???,train
D05UadiwECA,,ase,unassigned
D0Z2qtKFn80,UC1MaCy_rNO8gaMHvfQhHUIA,tss,train
D1FyfIM1cic,UCQMjAITRLqEs98Ux4kW5_Yw,ase,train
D1OAMbLbETo,UC3hOdPWDnQBs9NTt3y2fPRg,ase,test
D2Ly81KJRgw,UClP0YRrEHpWn3_Uv2XYb5Zg,ase,train
D34D6X-yPkY,UCK-n3cLst9SuYfxk7oNhrlw,ase,train
D3nturQl4k8,UCoA3JvRkP1z3GE6x5jo6OzA,rsl,train
D3vS0TafyOQ,UCsuBAbMlPGJ95w3mwhz-30g,ase,train
D4CQJUIVyAI,UC75cYKm6WbSk-se1deWaD0g,hsh,train
D4KHzc_0o6s,UC75cYKm6WbSk-se1deWaD0g,hsh,train
D4hy0ULnw7U,UC8dHtefYYC4TmhRS_0qtKTA,bzs,train
D4mMrxIk8kU,UCSwgy2NOSgP1OCue5lh_vrw,ase,train
D4ssKEFXo5Q,UC4KyhBCXwO-aSXDN-QyeSmQ,ase,train
D53jkDdM12Q,UCx8jxChJznkRPJCE79qldOg,pso,train
D5ELpT4FJzA,UCYyRpJBseu43EojDdSUcSyA,ase,train
D5jdts5VISg,UCTwn0S3x3B8LKuPFN3ooAyw,ise,validation
D6-QlIzOniY,UCsuBAbMlPGJ95w3mwhz-30g,ase,train
D6HFeHVo8Qc,UCzXNfOVXNYqjFPgMly-1AvQ,isg,train
D6rjBquhEcM,UC1f5xYbrZxLkklmGkow7AgA,ise,train
D6wNJyGwaYk,UCyD6epypPmiwcb_0n7hofuQ,swl,train
D77bhovjEBM,UC7PByT-DKjERtGRmxfyWvnw,ssp,train
D7Pd684wU3Y,UCGwbMJ7VyxeCFCDTzy3UTIw,ase,test
D8TzPjxW9S4,UCXoX5aPtcb02mt1LfY-4rOw,ase,train
D8UCrdzV4aU,UCapFShgxytRPexLxwUiXGVw,asq,train
D8gFX8hiM3Y,UC75cYKm6WbSk-se1deWaD0g,hsh,train
D8ytdxgrUlo,UCuLgHM31H7PmEAY92jBSU_Q,jsl,test
D9DYUONNjNU,UCctnLMs5hWKC_qXO3xZE6XA,ase,train
D9owjjaOa0Q,UC55C6FrDNkoh1-S8tGHdCDw,ise,train
D9t7Gohd-qM,UCd7LgVJ9KSWOybh8g5csEpQ,ase,train
DAb015q_t64,UChTbPO97Nt0OTDvqSBjhrVQ,isr,train
DAyYByOoRL4,UC75cYKm6WbSk-se1deWaD0g,hsh,train
DC0COosTPBE,UCqd6eos5-i46NbDH1uLWdFQ,ils,train
DCLwaEvMBdw,UCfOEKptH0aJiec0Z7kpKDrA,ase,train
DDJbQPdMiCQ,UC99w_Bzj8ikOz8Gpv0prbNg,ins,train
DDMQBONoxrI,UCzywhRXMov4YY0I2-el0ruw,ase,validation
DDTcMKQb7J8,UC7JuChYmxhljc49dE3JG6Zw,ise,validation
DDeJ-1eZz4s,UC1G3g-bBbvVR5oyJO3QIV0w,jsl,train
DEvB7pUydnE,UCe2lcoNfWAp4bc0JySWnkmw,ssp,train
DF-tsmq5e8Q,UC7fVfWv6FL7HeTFeSLz-muQ,ase,train
DFUKmzzM3-E,UCaTMaFNkTiwgsSQ7FYaiaTQ,ins,train
DFUyjBB4Wxk,UC75cYKm6WbSk-se1deWaD0g,hsh,train
DFV8f6AYOls,UCWif2ls3MB_CDmg4z17y6tA,ils,train
DFzI90YSk-I,UCXuTK8atuQJiJ-qLHbjgaag,bzs,train
DG6tX0E8NXw,UC75cYKm6WbSk-se1deWaD0g,hsh,train
DG7gR60bxa0,UCsuBAbMlPGJ95w3mwhz-30g,ase,train
DGg-cwZ4l-s,UCS79w2io2UfBoRijRrpN_kQ,ase,validation
DGrm6RF5dZM,UC4SqFeQL9FsN2A-2cBbUS5g,bzs,train
DHHYL0jA0sk,UCe2lcoNfWAp4bc0JySWnkmw,ssp,train
DHRjvBLkQh0,UCnygFPOSmqp53kAjYA03cnQ,slovenia,train
DHS1IQSx_lY,UCDsoH108wJ2A0GWVbv-laWA,bzs,train
DHT8y3P2GSg,UCLzz9KVBGzJKUQ-CyIRmXoA,ise,train
DHY9Cn_jumg,,asf,unassigned
DHteqH7KeUI,UChTbPO97Nt0OTDvqSBjhrVQ,isr,train
DIVfz_CmVA4,UCGisGwX9Mh6T6WrJsx-VjDg,pso,validation
DIZyvAegRmE,UC75cYKm6WbSk-se1deWaD0g,hsh,train
DJf6Lgqfhu4,UC5Xzq4Gg6mSNymC4xIaZg1g,ase,train
DJjqxV8p-ZY,UClv1kekXgC4s8Is-f1OBqQg,ase,train
DJlSdMRvdEA,UCQ-cTIHnx9gpTnuHQG5HYSA,ssp,train
DKEIfOqQMx4,UCuyQHJ4y76-i0w9N33vT-kg,ase,validation
DKORel6eLro,UC75cYKm6WbSk-se1deWaD0g,hsh,train
DKTOGil13So,UCDivIPRtPf_EHSiRfkwkfZA,bfi,train
DKlshhC5xG0,UC-gc7H_gu_IYUAxO2cu6STA,ise,train
DKtOA8muAnw,UC7fVfWv6FL7HeTFeSLz-muQ,ase,train
DKwG5N3DF_Q,UC7JuChYmxhljc49dE3JG6Zw,ise,validation
DLCzS2LR4oQ,UCl460yO1qxwOiU1KmjW9tdQ,ase,train
DLSKUtb3jF4,UC6kmVFZQz8k-J4neORzjO7A,ase,train
DLjnzPr6Qh0,UCnqWpxpJYd4YOqAocyiesLQ,ase,validation
DMACyz5KPb4,UC3bey1_Xwz05eqVmsHSexOw,bfi,train
DMTON9WVb0g,UCrHpt5tgM33jXiIs8_F1VgQ,ase,test
DMc9iSm8Cek,UCuyQHJ4y76-i0w9N33vT-kg,ase,validation
DMhWcAx007U,UCEPuAkI8Fx_dqb2RMoy00CA,asf,validation
DN5Uy3DAtuQ,UC75cYKm6WbSk-se1deWaD0g,hsh,train
DNPqBDe7pAY,UCSMZ4td6mZMJVxJ2ow7zY4A,ase,train
DOFyVh0zaHY,UCMbT7f3uBbPv5dCPu7ND-yA,swl,train
DOzB5ctJ3Rg,UCAPKIo9ykV8iShMmG7c-BQA,swl,train
DQX2ogTJH7U,UC75cYKm6WbSk-se1deWaD0g,hsh,train
DQgYkQwi-qo,,ase,unassigned
DRDAwYJtra0,UCTi9woRHA4r8e3oEWF8hxTA,aed,train
DRmzkzTqKro,UCapFShgxytRPexLxwUiXGVw,asq,train
DT6E2wEkBQo,UC7fVfWv6FL7HeTFeSLz-muQ,ase,train
DT7QmIe03dc,UC99w_Bzj8ikOz8Gpv0prbNg,ins,train
DTAOXhL2fYs,UCBdpdF0Q7UVBrJRrGgN1PeA,ase,train
DTf04QKaOKo,UCs98soN6aBb6gnfbrLl-W0w,???,train
DTjOuUmGx5Y,UCoA3JvRkP1z3GE6x5jo6OzA,rsl,train
DTv9v9YILf4,UCfaz727ukS3eFYNLysA9rRw,bfi,train
DU_cbVWSw54,UCuwggFCQ8GUdJRGrdydi8Ww,kvk,train
DUjttWRVKBs,UCaSEiX0MrVi5-IBsgCgwqPw,ase,train
DVCNvsaNIWw,UCXuTK8atuQJiJ-qLHbjgaag,bzs,train
DVdH1PW3R90,UCuyQHJ4y76-i0w9N33vT-kg,ase,validation
DWSdjLmHJ7w,UC2fTQSA7GccUUtG6RrJq9Hg,pks,train
DWZ3ODhREUw,UCaTMaFNkTiwgsSQ7FYaiaTQ,ins,train
DXGx69YkVvY,UC6IQw8e_XOfCrl9Yk6H_M6w,ase,train
DXL6_FUjHaA,UCFfgJbY2jt4Notzk5M3baOA,asf,test
DXjqEdiKe_E,UChTbPO97Nt0OTDvqSBjhrVQ,isr,train
DY-6tw_HfqI,UC5H_CO6QGwd9hilVnfujz_w,bfi,train
DYEQgumlRJk,UCuyQHJ4y76-i0w9N33vT-kg,ase,validation
DYcK2Xygw8g,UCBRYgj8lhwnr9FrETyJbYEA,ise,train
DYuWYB_2vNU,UC75cYKm6WbSk-se1deWaD0g,hsh,train
DZEBlV81cng,UC55C6FrDNkoh1-S8tGHdCDw,ise,train
Da07pGkhC1k,UCWif2ls3MB_CDmg4z17y6tA,ils,train
DaGEn8pfut4,UCBdpdF0Q7UVBrJRrGgN1PeA,ase,train
Dap04Mo9IGI,UC5H_CO6QGwd9hilVnfujz_w,bfi,train
DbFVDJPw9oM,UCTGJiY5brn-4Jf-0HvvqX5w,pso,train
DbPDpfGQeew,UCAPCkAp4wRr6Zky3hg7Y46w,ase,train
DbXegzvuIYY,UC75cYKm6WbSk-se1deWaD0g,hsh,train
DbkDGUgSKR4,UCzRCa1CaqSk2zGn0LlLHnlQ,asq,train
DbmT6thqYk8,UC-_uxJSqfBKmSWcz4jeiY4w,ase,train
Dbwb7-DRNW8,UCs98soN6aBb6gnfbrLl-W0w,???,train
DbyNfBwPGtk,UCsuBAbMlPGJ95w3mwhz-30g,ase,train
DcBHbsBRU08,UCQbhiOgoavwD8D-W2fVXQTA,ase,test
DcVJny_CZjQ,UCwcJIfRFwLcZF_teq6A86dA,ssp,test
DcganDYNXNs,UC4J9WipY451vCUzCPCih2fw,ase,train
DctWhBJwLLA,UCwptzr0lieZ1EYpDWtyMIjg,ase,train
Dd6LJJyyyu4,UCaY5JjIf6cKZrynK9Oc3SYQ,asq,train
DdN7vzx0sh4,UCNMh0csop45XxYU0itusr1Q,jsl,train
DdULQWw54lE,UCBRYgj8lhwnr9FrETyJbYEA,ise,train
DdWAboxlxqY,UCGisGwX9Mh6T6WrJsx-VjDg,pso,validation
DdYQukr7OQw,UCWif2ls3MB_CDmg4z17y6tA,ils,train
DdYfeMR7k3A,UCsuBAbMlPGJ95w3mwhz-30g,ase,train
De0jUgC8IBM,UCwzVsKoPqosJOb5qRK_33UA,ase,test
DeKP5nEvKkA,UCTwn0S3x3B8LKuPFN3ooAyw,ise,validation
DejkixlDI28,UC7JuChYmxhljc49dE3JG6Zw,ise,validation
DelMxOs3t4A,UCFfgJbY2jt4Notzk5M3baOA,asf,test
DgCGN0vd1gg,UC9MGNRfXnAFlg_KQWBWQCyg,ase,validation
DgGnYsQRRqY,UC7fVfWv6FL7HeTFeSLz-muQ,ase,train
DgHrDoLjeyM,UCHckc4mrMU9b7L4hxQeN5HQ,ssp,test
DgPYCASAsro,UCe2lcoNfWAp4bc0JySWnkmw,ssp,train
DhPf09HepCo,UCqLGAeTQmlRVfLK6jAWvDxA,ins,train
DhdfFbjYncE,UCgEQpjwvzrMFPEnLlRmdtWw,ase,validation
DhlLpyCNyvo,UC75cYKm6WbSk-se1deWaD0g,hsh,train
DhruFdLqqms,UC75cYKm6WbSk-se1deWaD0g,hsh,train
DiLDSKKMMD8,UCyCn7hXN9_GNAxGWpSVOSRw,ase,train
DiZ4JTN0wec,UCXuTK8atuQJiJ-qLHbjgaag,bzs,train
Dje46UpPvFE,UC75cYKm6WbSk-se1deWaD0g,hsh,train
DjpGq44mweA,UC88JBSJXqFvqwtC0Iz3Z5wA,ase,train
Dk41eCFQV3A,UCU0B1BdnB9QFKh83f-xLL6w,ase,train
Dk5dekIPFyE,UCgATVQ6d1exoEw4aSK--i5w,ase,train
DkZUAr3WWqs,UCFuu8KsC_I8RUWsRopecLOQ,bzs,validation
Dkci6s1mTB0,UC7JuChYmxhljc49dE3JG6Zw,ise,validation
DlK2I4gpPW4,UCmbXh-ebtxef9nSfYL_8wSg,ase,test
DlWiZoSYKLQ,UCDAOYycn4dnAFICIdeYJWwA,bfi,test
DldtRxrs2Eo,UC_9x0YFY3tQhHD1oxDriZ9g,sgg,train
DlgWLK8rMcM,UCTv9H7xRwNU4OoFBx3u01ZQ,sls,train
DmgPkkJIHH4,UC7PByT-DKjERtGRmxfyWvnw,ssp,train
DmiCg5b5cYg,UCQqlp5pbCtnZFG22SvA8rrQ,ase,train
DmoXpkzLZ9U,UCePcoCDG1AhVsJjALsK94DQ,ase,train
Dmvi3_q3gMc,UCZY4hznayzjyylQEj5sD6tg,ase,train
DnE6VBPhG6o,UC3rpgiQQqutRRgdCXsSJIJA,ase,train
DnqHxr6YD5U,UCMfjVHF5e9FHoXaJzFFcydA,asq,train
Do0IxYHThcM,UCYCp9K52rwatFrl5JOO_2Tw,ase,train
Do181qa9yfA,UClxAZnsU6AK4pX3dcFdSDPQ,ise,test
DoJe-4c7WmE,UC3hOdPWDnQBs9NTt3y2fPRg,ase,test
DoVt5EwvHdg,UCYnxGaBJ2NrdBhjqjW1mtFQ,kvk,train
DoagGPqMKa4,UCUW9iqeKBSdegW5onoBnx_w,hsh,train
DoenUd1_QGQ,UCDsoH108wJ2A0GWVbv-laWA,bzs,train
DohhifqDR3U,UC7omBpDPHkjTy_2kFMHc7fg,ase,validation
DomG6YPANlA,UCGoMw1fmVX0m5_qMsYG4A3g,ase,train
DpC5_2ieYcE,UCBRYgj8lhwnr9FrETyJbYEA,ise,train
DpL_g5jE4Ek,UChTbPO97Nt0OTDvqSBjhrVQ,isr,train
DpxZu-kZ_iY,UCGoMw1fmVX0m5_qMsYG4A3g,ase,train
DqI4YFN0VAY,UCuyQHJ4y76-i0w9N33vT-kg,ase,validation
DqMkvClgvis,UCcmJuUulPHzBUuQbQUN7GzQ,bfi,train
DqU0ZbhNrn0,UCqtaBrGzW-WzWVdhrjCBQ4g,tsm,train
DqpVyPZIi34,UCAPKIo9ykV8iShMmG7c-BQA,swl,train
Dr9S9FIyUxY,UCSEb5to-ht-mITMF_VP4zqw,ase,train
DrCn8PF0N_4,UC7Xrjp95yDyXS8btuiY6NsA,csg,train
DsgMcPXnruc,UCuyQHJ4y76-i0w9N33vT-kg,ase,validation
Dsro6wONM4k,UC2fTQSA7GccUUtG6RrJq9Hg,pks,train
DsvocWRRcqs,UCs98soN6aBb6gnfbrLl-W0w,???,train
Dud6KEMLZJk,UCVIbI5DOBbWvfeyOv1VmUkQ,ase,train
Dush6i9MR3Q,UCXuTK8atuQJiJ-qLHbjgaag,bzs,train
DvPkxFHwj2Y,UC75cYKm6WbSk-se1deWaD0g,hsh,train
DvSgwr5Vaac,UC1f5xYbrZxLkklmGkow7AgA,asq,train
DvY3NqQ_idc,UCyl2koki10uOzPU3chYrHuQ,ase,train
DvkEzyzuEb0,UC5Xzq4Gg6mSNymC4xIaZg1g,ase,train
Dvwb3mNxoCw,UC7QNujTpyZqhFrP51eTA8uQ,hsh,train
DwecWmXTE00,UC8dHtefYYC4TmhRS_0qtKTA,bzs,train
DwurBf4lpYE,UCg1kLT0DEJt_2SL8Lw9h7oQ,gsg,train
DyEd4p9YR4U,UC2fTQSA7GccUUtG6RrJq9Hg,pks,train
DyKiIOpJ3XQ,UCx2EyC53NmU31z8Wpb0C1Kw,ase,test
DyN91wOW2yY,UCT_ibOnQ79FD6UX9nUwl1Fw,ise,train
DyWYgIxy9CA,UCV3oFuGgTcF_ENHFVrQJ-Sg,ase,test
DzHnV5JQo0Y,UCbdRgG-NhSwFlRV3MGVp_cQ,dse,train
E-pF2-Fs_-w,UCDsoH108wJ2A0GWVbv-laWA,bzs,train
E01KUdarKlM,UCs98soN6aBb6gnfbrLl-W0w,???,train
E06rqgV9ZxA,UC4SqFeQL9FsN2A-2cBbUS5g,bzs,train
E0Kcsli-Am0,UCjeqviBoLp-rsvPaelT8b5Q,ase,train
E0NWHcljyI4,UCSMZ4td6mZMJVxJ2ow7zY4A,ase,train
E1AqzgcAfp0,UCyDdBLsg2-ydMvHy9SEiqmw,ase,train
E1wZjj2k2jw,UCtFXZP7uAVr7BBZxvWRLTnw,ase,train
E24am7ihLpo,UC75cYKm6WbSk-se1deWaD0g,hsh,train
E29y3STUInA,UCc5D_HEjC_TWc7ux5Smw8IA,ils,train
E2B-4ob7fz8,UCl0zbpSiJyHZI2My1xE5pEg,ase,train
E2KrSqF-gcc,UCWPkrOk-WKilNHCrpXa17JQ,ase,train
E3J-mn2kWd8,UCfdT0WlvDerbcQ5E0CjJAZA,gsg,train
E3MKo_aA1A4,UCYWJdRpk2jOOZaqvXGVjkxw,ase,train
E3sU1OzjRR4,UC75cYKm6WbSk-se1deWaD0g,hsh,train
E5LIONZL2E4,UCEPuAkI8Fx_dqb2RMoy00CA,asf,validation
E5Lt2344PC8,UCPNeYbg5gz7AYRCgg8vjhDg,ase,validation
E5QO_jysR-U,UCWif2ls3MB_CDmg4z17y6tA,ils,train
E5WDP1k_sI8,UCNZIotlmemCpO1fs8uLWCeQ,ase,train
E5n1QiYj_1g,UC2KiaiFBcd9f5OMKO72uAaw,bfi,train
E5noG24U_Zg,UCK-n3cLst9SuYfxk7oNhrlw,ase,train
E6dGdXEYigc,UCVCtmsq2MwxRAD5fdFeQp2Q,fse,train
E7CPwp8-vDM,UCLUwomaXjHGKse8GYaXzTxQ,isr,train
E7GtWdW8uSk,UC9ZRVOEZQAay8Bzsdtu2n3w,ase,train
E7Y0bpnOepo,UCBERhpWcbrcDEsM0A0D36rg,ase,train
E8X4-bgPMbs,UCpSikih7IbGHYmrHqWusbPA,pso,train
E8kIc46MZ0g,UCzXNfOVXNYqjFPgMly-1AvQ,isg,train
E9Wyg7DHz8g,UC75cYKm6WbSk-se1deWaD0g,hsh,train
E9aV5Wt5PWA,UC4KyhBCXwO-aSXDN-QyeSmQ,ase,train
EAdegUx3mlU,UC7fVfWv6FL7HeTFeSLz-muQ,ase,train
EAvEanSCnq8,UC7QNujTpyZqhFrP51eTA8uQ,hsh,train
EB8sb3_Hl3Q,UCrrUZVfztrpQU1YMMFoIR1A,bfi,test
EBARbFY_U8Q,UCqLGAeTQmlRVfLK6jAWvDxA,ins,train
EC3ScXxUjAE,UCqd6eos5-i46NbDH1uLWdFQ,bfi,train
ECGSyW65ZoM,UCWif2ls3MB_CDmg4z17y6tA,ils,train
ED6EjB1H_o0,UCQukMGEToh7Dcjsl8ZADaOw,ise,train
EDCl5ZX_zdA,UCuseIvrm7VZrcUJipa5yw9g,ase,train
EDDQnj0kF5Y,UCYWJdRpk2jOOZaqvXGVjkxw,ase,train
EDVlHXXZuV0,UCSMZ4td6mZMJVxJ2ow7zY4A,ase,train
EDyqJvRgNdU,UCtM6Nb9aIcgC9sMbEKXZvMg,ase,train
EF2o07wuDxA,UC75cYKm6WbSk-se1deWaD0g,hsh,train
EFAA-WDVjgs,UCV0oVFn9phFSRou7ydGGMGA,ase,train
EFOXU0PjRO8,UCWif2ls3MB_CDmg4z17y6tA,ils,train
EGAzi-UtlkM,UCuseIvrm7VZrcUJipa5yw9g,ase,train
EGT0qZrR28Y,UC7QNujTpyZqhFrP51eTA8uQ,hsh,train
EH3OxaAW0kM,UCWif2ls3MB_CDmg4z17y6tA,ils,train
EHN2hMsDf-w,UCWif2ls3MB_CDmg4z17y6tA,ils,train
EHtxJYpuTXw,UCjVpsnDflFe9dOWZWlnxUrA,ase,train
EI1R_J4finE,UCJzu69TgtBwVc03QEP9gL6A,rsl,train
EIOUiGGmX_4,UC7QNujTpyZqhFrP51eTA8uQ,hsh,train
EISG11LIw84,UC-TZ3ULMaH212zyqtLfiBAQ,ase,train
EIShuCthYX4,UCy18AV0QuinNY1JQG4jcy4Q,ase,train
EIXJBK7YCr4,UC5Xzq4Gg6mSNymC4xIaZg1g,ase,train
EJD77ODP8Hc,UCctnLMs5hWKC_qXO3xZE6XA,ase,train
EJQq5zDtCjk,UCBRYgj8lhwnr9FrETyJbYEA,ise,train
EKdI-1pbJGs,UCJshVKXPVp-YDQ5X583NnKQ,sls,train
EL0lXGrXFJg,UCyl2koki10uOzPU3chYrHuQ,ase,train
ELibSn79UD4,UCTi9woRHA4r8e3oEWF8hxTA,aed,train
EM2Dxm1KttU,UCjCBX_ZL4T0nCyq3AgFVsDg,asf,train
EMAWfDS30jI,UC5H_CO6QGwd9hilVnfujz_w,bfi,train
EMDKHUcIJtw,UC7JuChYmxhljc49dE3JG6Zw,ise,validation
EMV8TtOk0AE,UCBjB44dvd2F5MN-fC-eokIg,pso,train
EMqOLXi0nmw,UCqd6eos5-i46NbDH1uLWdFQ,bfi,train
EMtSwvRflJk,UCQukMGEToh7Dcjsl8ZADaOw,ise,train
EN01BFwFU_M,UC7JuChYmxhljc49dE3JG6Zw,ise,validation
ENQ4GQdL10g,UC5H_CO6QGwd9hilVnfujz_w,bfi,train
ENZJVEa31Z0,UC5H_CO6QGwd9hilVnfujz_w,bfi,train
ENlDoJ3dY74,UClxAZnsU6AK4pX3dcFdSDPQ,ise,test
ENlmzMl4DM0,UCYWJdRpk2jOOZaqvXGVjkxw,ase,train
ENqxUevh1is,UCapFShgxytRPexLxwUiXGVw,asq,train
EOWKcjcZveY,UCAPKIo9ykV8iShMmG7c-BQA,swl,train
EOoS2kVS72c,UCs98soN6aBb6gnfbrLl-W0w,???,train
EPe9gTdzy4w,UCEPuAkI8Fx_dqb2RMoy00CA,asf,validation
EPwcBZMhX9A,UCLZGWvbf2690aJHnVYPvP7Q,ase,validation
EPxZy4BO4OE,UCA17q6v88p8FOlSDiWFkYyQ,bfi,train
EQC-S7B1HC8,UC75cYKm6WbSk-se1deWaD0g,hsh,train
EQONDV21eWg,UClH-iALhZ2niASkp-XSNGpA,inl,train
EQc_-3BHhps,UCGLOly45we_1ZTXAXF7TZDA,asq,train
EQfwBF6CbJU,UCl460yO1qxwOiU1KmjW9tdQ,ase,train
EQkqk2iomiU,UC99w_Bzj8ikOz8Gpv0prbNg,ins,train
EQmvmn1B500,UCGLOly45we_1ZTXAXF7TZDA,asq,train
EQwAKxHjnDg,UCizGctLgAahGlOvtSAKdq3g,jsl,train
EQxe9Zyp1A0,UC-_uxJSqfBKmSWcz4jeiY4w,ase,train
EQyabfimi1I,UCEPuAkI8Fx_dqb2RMoy00CA,asf,validation
ERE0oRVml_I,UC-8TBU8-W613NU2ysMh8DWQ,ase,train
ERGBPpPNvb8,UC4SqFeQL9FsN2A-2cBbUS5g,bzs,train
ERMJ5g-IYBo,UCAPKIo9ykV8iShMmG7c-BQA,swl,train
ERSB5fbmNJU,UCu2tzqiuf92J2M_zaJK6_eg,ase,train
ERytJaEKyXk,UCocbsxARU5NCW7bQ7pBZu2A,ase,train
ES0Ea8622Tg,UCNeG5kkoTRuv7JFysCSdh_A,ase,train
ETA9MysocEQ,UChTbPO97Nt0OTDvqSBjhrVQ,isr,train
ETVwAwKgCVU,UCT_ibOnQ79FD6UX9nUwl1Fw,ise,train
EUh4xAQb1I4,UCLZ-LkPh14mi5FAhz4XZovg,asf,train
EUik7Khxvhc,UCAPKIo9ykV8iShMmG7c-BQA,swl,train
EV2qriEpKME,UC5H_CO6QGwd9hilVnfujz_w,bfi,train
EVQLXlDva8o,UC7grq7w27wu0zllsk4kBiFA,ase,validation
EVl3ocTIL9o,UCQJVI4-q2aT-9pSEmwtrMoA,ase,validation
EVsjO7fGUvY,UCxie1H5Lzl5NFsMmAjzs9qQ,fse,train
EVvg5C5aC60,UCDiTpgrS3s-h0fDZbLvoN-A,ase,train
EWDVrdO79m8,UCAPKIo9ykV8iShMmG7c-BQA,swl,train
EWi6XZOSGxU,UCe2lcoNfWAp4bc0JySWnkmw,ssp,train
EX6Jm7L0W-0,UCWVVuVtc1OgVOtzrXtcLWcQ,ase,train
EY3u5CFc31s,UC75cYKm6WbSk-se1deWaD0g,hsh,train
EYCFnl2H_3s,UCqSIS3TdX93leO1wusYA7eA,ase,train
EYRa2c1mDGM,UC7JuChYmxhljc49dE3JG6Zw,ise,validation
EYc-QQb7r4k,UCk1VoxHx-HDqpTG4qUfCsnQ,asf,train
EZWetzZSijM,UCXoX5aPtcb02mt1LfY-4rOw,ase,train
EZsP26efN8o,UCBcFbDdDcFnjQIjS3zt4fTQ,ase,train
EZzWhvHaBTc,UCxL5EZmsJbbN-vrvhL2-DJg,ase,train
E_Dp8Q_pOtA,UCLf1qV5O_tnNrwJxvqf8iPg,ase,train
E_XyQaPqDbM,UCLzz9KVBGzJKUQ-CyIRmXoA,ise,train
E_aUmjXnP2U,UCCZ_femzSxK1e936MTU9TaQ,asq,validation
E_rPQt5oWzw,UC6b1zI_hrSg-1nAndUEapeQ,ssp,train
EaFSDOSxODU,UCWif2ls3MB_CDmg4z17y6tA,ils,train
EaJUNKeCmlc,UCVyZscdRvSNmdgMunC174MA,ase,train
EabGGXEWXKU,UCEPuAkI8Fx_dqb2RMoy00CA,asf,validation
EbLYPQ3mBig,UC55C6FrDNkoh1-S8tGHdCDw,ise,train
EbNFyqUEh_0,UCqtaBrGzW-WzWVdhrjCBQ4g,tsm,train
Ebca2omv598,UCQukMGEToh7Dcjsl8ZADaOw,ise,train
Ebd0gT6Ke7c,UCNwQV9aYkwmPaSrFXgrReiw,svk,train
EbiV7j2ltXg,UCszvwqbz04iulT9divgrNHw,ise,train
EbouLdWEJ8U,UCS7wVohIwd66b95xyuw7DFQ,ase,train
Ec0S_xxdzL0,UCizGctLgAahGlOvtSAKdq3g,jsl,train
EcZnz_7EIhw,UCwwwKsXYBZf5VsdJ-kK6zTg,rsl,train
EchfG27FTo0,UClxAZnsU6AK4pX3dcFdSDPQ,ise,test
EciqB0IV7jU,UCpA0-zj2rN6VlSio_P9bnOA,ase,train
Ecx3CLR5O28,UC75cYKm6WbSk-se1deWaD0g,hsh,train
EdB-D97ux9s,UCMbT7f3uBbPv5dCPu7ND-yA,swl,train
EdkHsbdsmSY,UC75cYKm6WbSk-se1deWaD0g,hsh,train
EeG2NnbDwdY,UC7fVfWv6FL7HeTFeSLz-muQ,ase,train
Eedx4mNy8u8,UC_FtDNk-CXvhxozh6BVlEBg,ase,train
EfWZSl9eboU,UCeeO_lMTs0iW3H3AHb3Hykg,ase,train
EfsMF2uUEkM,UCrdYVJMiz9i3wCY1oueNQbw,aed,train
EgE6mBn_JtE,UCSMZ4td6mZMJVxJ2ow7zY4A,ase,train
EgEEO-YhYNs,UCe2lcoNfWAp4bc0JySWnkmw,ssp,train
EgkQi6sQ-6o,UCAPKIo9ykV8iShMmG7c-BQA,swl,train
EgsptUvzYhw,UCaTMaFNkTiwgsSQ7FYaiaTQ,ins,train
Eh3k6oJrFgY,UCaayieDFpDIZ1b_mspO_Rzg,ase,train
EhWOBsm_XxA,UCTi9woRHA4r8e3oEWF8hxTA,aed,train
Ei6yJXq94pE,UCWif2ls3MB_CDmg4z17y6tA,ils,train
Eivd-fmxcok,UCWgT5Ro0AroGs5fb4vHx8aQ,swl,train
Ej45nEBdD8s,UCtjEjgYtRZWFL9pWa4yxtXg,jsl,train
EjPjMbSljhM,UCGisGwX9Mh6T6WrJsx-VjDg,pso,validation
EjZPyx4Ii30,UCM4pnQ1jk6UCyGDfvakbFpg,ase,train
EjcycpR1v44,UCFcpIA0onxgAkdsh3K0gpeQ,ssp,train
EjnHx8-O9HI,UCmzoIHeCQkAa7dWEeGsTRbQ,ase,train
Ek49UQc2IGk,UC3hOdPWDnQBs9NTt3y2fPRg,ase,test
Ek5ClY1G_no,UC7fVfWv6FL7HeTFeSLz-muQ,ase,train
EkgWf8MNZNo,UCVCtmsq2MwxRAD5fdFeQp2Q,fse,train
Ekuf5cV6QKo,UC75cYKm6WbSk-se1deWaD0g,hsh,train
El4nbBrs7y4,UCwcJIfRFwLcZF_teq6A86dA,ssp,test
El5sj7U-Nnw,UC7rtwOJBv4c4PyIhSFvg3Hg,bzs,train
ElFeZ8vwdeI,UCWoiDS_jsOCTTB1TvkWkgaw,ase,test
ElaPk8M5GT4,UCDzZGmxS9fFkhQs3PcJedyA,ase,train
Emhk0IihS_Q,UCizGctLgAahGlOvtSAKdq3g,jsl,train
En2B6nKl_Vg,UCs98soN6aBb6gnfbrLl-W0w,???,train
EnAxlpXrJgg,UCOBtq5QGnsbZ-MM8oTX4wXg,ase,train
EnFquNKD_10,UCNMh0csop45XxYU0itusr1Q,jsl,train
EnIJhX9lGe4,UC75cYKm6WbSk-se1deWaD0g,hsh,train
Enp06Nz7VDU,UCMzI0ghXyfubsS0c0nN2aew,ase,test
Eo99TK5r8uU,UCrHpt5tgM33jXiIs8_F1VgQ,ase,test
EoByRQldF-4,UCXoX5aPtcb02mt1LfY-4rOw,ase,train
EoCQNM0MJ5k,UCFfgJbY2jt4Notzk5M3baOA,asf,test
Ep9dPf7RhjQ,UCxUAcyKFZmda2JS9YjhgIeQ,ase,validation
EpCRzMGFFPA,,ase,unassigned
EpFUgzKr1Tg,UC75cYKm6WbSk-se1deWaD0g,hsh,train
EpGcZRLaoDk,UCLZ-LkPh14mi5FAhz4XZovg,asf,train
EpjBww6l3ms,UC7fVfWv6FL7HeTFeSLz-muQ,ase,train
EqAlM7Z3HQQ,,ase,unassigned
EqFUdiOOf0Y,UCT_ibOnQ79FD6UX9nUwl1Fw,ise,train
EqK-7ta6w8Y,UCLB6I_tLs5ardhO_HRyKN0A,swl,train
EqwTb1XLPh4,UCAPKIo9ykV8iShMmG7c-BQA,swl,train
ErCpoWh22yo,UC2fTQSA7GccUUtG6RrJq9Hg,pks,train
ErKALw8Wouo,UCZyrLftnSXKBfzvPtqWn5Hw,ins,train
ErWjy4G2fZI,UCgvywbxAcsgJr_gfpqKLXXw,pso,train
Ero9xgeN5LQ,UC7WuixPW87ggqY0lZa4rk_Q,ase,train
Erw_s1cP_zA,UC7PByT-DKjERtGRmxfyWvnw,ssp,train
EslM2a0IKw8,UCWLCZ3lC9h2SN4bUu2_Ho3Q,ase,test
EsxPFfgNlY4,UCDsoH108wJ2A0GWVbv-laWA,bzs,train
Et9GyR_sMaM,UCMbT7f3uBbPv5dCPu7ND-yA,swl,train
EtFa0QA5Kq8,UC2PR8qRUoSfHTpSW80CRajQ,ase,train
EtI_RwCovsw,UCWif2ls3MB_CDmg4z17y6tA,ils,train
Et_C6tLF13I,UC3Z-XjH9KLIvQwU9J4-erSg,swl,train
Et_kfOiESyU,UC7fVfWv6FL7HeTFeSLz-muQ,ase,train
EuOpiBjvrVI,UCWbnHpCljj8MuTeNnCiNVew,ase,train
EuXi7pGfcW4,UC55C6FrDNkoh1-S8tGHdCDw,ise,train
Euq9aZFhqGI,UCQJVI4-q2aT-9pSEmwtrMoA,ase,validation
Ev6Ta3AwKl0,UCDL2Ug9aPMTAK0FDfWopZMw,ase,test
EvUStzyNKhQ,UC55C6FrDNkoh1-S8tGHdCDw,ise,train
Ew1-M21plzU,UCvteswRL6DkU6vCeG_e7EPQ,ase,train
EwSYXeLCZZA,UCTi9woRHA4r8e3oEWF8hxTA,aed,train
EwUcSv1O0dI,UCtn3mYgUSQ3vmaTOjDKKM7g,cse,train
Ew_AniDrk_o,UC7PByT-DKjERtGRmxfyWvnw,ssp,train
EwlDnrkZt1U,UCcKetdJqFvXWMkM0WSMKH2w,icl,train
Exd3mT6CwME,UCluaM_E9nSw4hPQkCB9Q-zw,ase,validation
EyhMcs0R1E8,UC2fTQSA7GccUUtG6RrJq9Hg,pks,train
Eze-dimQ-a0,UCYyRpJBseu43EojDdSUcSyA,ase,train
F-EgR7vtx9s,UC7fVfWv6FL7HeTFeSLz-muQ,ase,train
F-WWDBwI-K4,UCDAOYycn4dnAFICIdeYJWwA,bfi,test
F-dYfhM7Ehs,UCPgIzfHK5zkJXIygSEjxO4Q,icl,train
F0XHrRE7h1Q,UCtwIHDPc2o4isBRN2KclPWQ,ase,test
F12ss8fibGo,UCA17q6v88p8FOlSDiWFkYyQ,bfi,train
F1a7EAkU72c,UCs98soN6aBb6gnfbrLl-W0w,???,train
F1ezGH8yGeg,UCFfgJbY2jt4Notzk5M3baOA,asf,test
F1qIjZbMzRE,UC5RrTOs35gE_w5625uGLSdA,kvk,train
F1v0mfqlZMM,UC-8TBU8-W613NU2ysMh8DWQ,ase,train
F1xM_HJuiss,UC9iTjM1LI5k60EhfTwNPO5w,ise,train
F27JDtSPYZ4,UCAUljvSQLJG3lX_K8kfrbWw,tsq,train
F27Xq-XFbGg,UCWVUF_aLbNrR_ObLwWZcU2Q,fsl,train
F2AnC3WYHmw,UC75cYKm6WbSk-se1deWaD0g,hsh,train
F2Fa8cNNdts,UC99w_Bzj8ikOz8Gpv0prbNg,ins,train
F2b4kdQ5ZgI,UCtjEjgYtRZWFL9pWa4yxtXg,jsl,train
F2gpqLQPrN8,UCSNhfrkV9pxvUTAzfG6eu7w,ase,train
F2oSR0xL_gw,UCFuu8KsC_I8RUWsRopecLOQ,bzs,validation
F2urXJ5S5h8,UCWif2ls3MB_CDmg4z17y6tA,ils,train
F3PJgdsCrXw,UC99w_Bzj8ikOz8Gpv0prbNg,ins,train
F3WvgclFeaI,UC3hOdPWDnQBs9NTt3y2fPRg,ase,test
F3Yf0r-AVWY,UCqLGAeTQmlRVfLK6jAWvDxA,ins,train
F3uAp0DkoNM,UC75cYKm6WbSk-se1deWaD0g,hsh,train
F44T5fExPYs,UCWif2ls3MB_CDmg4z17y6tA,ils,train
F45LiOXpkzI,UC7QNujTpyZqhFrP51eTA8uQ,hsh,train
F4i2YfiFVWA,UCaayieDFpDIZ1b_mspO_Rzg,ase,train
F4m13L3rL9k,UCyl2koki10uOzPU3chYrHuQ,ase,train
F4tqiWVp8BI,UCPI_BO1yduPC2Mb1hDKzC5Q,ase,validation
F5CiEaCJIkg,UCWif2ls3MB_CDmg4z17y6tA,ils,train
F5c4uXeGFI0,UC4JcJEFJXGgiZwE4zbw2BKg,ase,train
F5jJABDeqxQ,UCGisGwX9Mh6T6WrJsx-VjDg,pso,validation
F5v9XINyW8I,UCGisGwX9Mh6T6WrJsx-VjDg,pso,validation
F68tvMfTHEc,UC4SqFeQL9FsN2A-2cBbUS5g,bzs,train
F6K7ksgs6gk,UCrorv-xu76u5ru5nca3bwHQ,ase,train
F71K9ky64Os,UC5RrTOs35gE_w5625uGLSdA,kvk,train
F7APj3zxgiA,UC5RrTOs35gE_w5625uGLSdA,kvk,train
F7GOtyeQxNM,UCWif2ls3MB_CDmg4z17y6tA,ils,train
F7Nmm51IWXE,UC5Xzq4Gg6mSNymC4xIaZg1g,ase,train
F7YPEEkrssI,UCUW9iqeKBSdegW5onoBnx_w,hsh,train
F7kD0stUrkw,UC75cYKm6WbSk-se1deWaD0g,hsh,train
F85-_iqt6Ro,UC2fTQSA7GccUUtG6RrJq9Hg,pks,train
F8dZcuF-1Vs,UCkgsbepPxInyy8LfIyJr7pg,ase,train
F8pBAuHatwQ,UCjCBX_ZL4T0nCyq3AgFVsDg,asf,train
F8qnrXpUxf0,UCEPuAkI8Fx_dqb2RMoy00CA,asf,validation
F8ynU0_b4b4,UCYyRpJBseu43EojDdSUcSyA,ase,train
F91VbQ48NX8,UC75cYKm6WbSk-se1deWaD0g,hsh,train
F93BwKJmOsU,UC5H_CO6QGwd9hilVnfujz_w,bfi,train
F9BUfb2buNo,UCqLGAeTQmlRVfLK6jAWvDxA,ins,train
F9GHiWmdLLY,UCDNCIDija6BtWRamYTs4m2g,ase,train
F9Ieaj2dztE,UC44kFQwcQEIrgyq-WMU2Q8A,ase,train
F9hlfvaaul8,UCrcYjoyYuUQhxwlX69cCn4Q,ase,train
F9rUYLtX4UI,UC85LK96DQppcG7tpcqCcvIw,ase,train
FAJX6FlKoJg,UC2JDP_Y0YhBIAqter9lQnnQ,ase,train
FASd5ZW2AUA,UCafl5HSeIaAjenMenQOFS_Q,tss,train
FAbgME7HuLw,UC_QXubxs_HEqBN_maRtKNng,ase,train
FAeF-2UPdmY,UC75cYKm6WbSk-se1deWaD0g,hsh,train
FAr5uT8dDq4,UCYnxGaBJ2NrdBhjqjW1mtFQ,kvk,train
FAy3Je_ln74,UCK-n3cLst9SuYfxk7oNhrlw,ase,train
FB1FMmknfIY,UCId7NmQqPKdFYVxK1O6YbgQ,ase,train
FBFTFNDdUiU,UC5Xzq4Gg6mSNymC4xIaZg1g,ase,train
FBNByQBnsZU,UCGswORrtchTQ08ClxjUD_WQ,ase,train
FBimSUgGW6s,UCv2vB1PMjcB_eB0bEFQlqKw,gsg,train
FC1i8rWzO7s,UCFfgJbY2jt4Notzk5M3baOA,asf,test
FCk3PlYqoZ8,UCyl2koki10uOzPU3chYrHuQ,ase,train
FDSD_91Mt08,UCSwgy2NOSgP1OCue5lh_vrw,ase,train
FDUFxreWI8g,UCQNVEGn_N_hyH4vro11j2VQ,ase,train
FDV0EFTbEd0,UC75cYKm6WbSk-se1deWaD0g,hsh,train
FDl8Ctz0Ys0,UCwc0xtGUmoxvjYzaZNYCnEA,ase,train
FEL783MPqR0,UC99w_Bzj8ikOz8Gpv0prbNg,ins,train
FEZg-7BMy0E,UCpMu0UlGa7e2EmKjVFb-2Hg,ase,test
FEhRuA18n7c,UC0ssa7FTeHexuO6wHhbX9ow,ase,test
FEmA-yVGmO0,UCC4RZThTgaepMZZS1CAHxwA,ase,train
FEnbak7T4Pc,UCjJuQ_lsS8Eyee-yCmdFB6g,ase,train
FFHQt4aT5O8,UCT_ibOnQ79FD6UX9nUwl1Fw,ise,train
FFWu8uhOIFU,UCSwgy2NOSgP1OCue5lh_vrw,ase,train
FFXJz_QppS4,UCrrUZVfztrpQU1YMMFoIR1A,bfi,test
FFZ0Qs4ixvY,UCCfKo8RI_-zoKRHL7_uNc2A,ase,test
FFfPxFoFH-Y,UCFfgJbY2jt4Notzk5M3baOA,asf,test
FFg_ylRDDjQ,UC75cYKm6WbSk-se1deWaD0g,hsh,train
FFwAL3w4gD8,UCfrYaR1kmCHf8ddHb8O8niw,lls,train
FGZX-6GdNFQ,UCEPuAkI8Fx_dqb2RMoy00CA,asf,validation
FGn67S94Wck,UChTbPO97Nt0OTDvqSBjhrVQ,isr,train
FH8Mh_O1AFY,UC7JuChYmxhljc49dE3JG6Zw,ise,validation
FI0zpb-aSsM,UCVCtmsq2MwxRAD5fdFeQp2Q,fse,train
FILqFMZytwA,UC5H_CO6QGwd9hilVnfujz_w,bfi,train
FITz_nsuwjA,UCWVUF_aLbNrR_ObLwWZcU2Q,fsl,train
FIgCHNvtvH4,UCwCKdNYcEXt1Kmka68wYiIg,ase,train
FIhb9A_1heI,UCCkAfmCTGkgJi3QlB_6vkqw,jsl,train
FIk9ORlPi6w,UCRwPaAUrbOL4X7WgxZzIOpw,ase,test
FIv8i49Eh9Y,UCqLGAeTQmlRVfLK6jAWvDxA,ins,train
FJWxThzpAnc,UCqLGAeTQmlRVfLK6jAWvDxA,ins,train
FJwqs2pUFVs,UCCcKya95pnxKXpUqlzHplqA,ase,train
FK7KkAIIqUo,UCWif2ls3MB_CDmg4z17y6tA,ils,train
FK7alMJX24I,UC99w_Bzj8ikOz8Gpv0prbNg,ins,train
FK8XScbfXK4,UC4SqFeQL9FsN2A-2cBbUS5g,bzs,train
FKcrtW0JkyA,UCyl2koki10uOzPU3chYrHuQ,ase,train
FKspD2inr-w,UCqd6eos5-i46NbDH1uLWdFQ,bfi,train
FLPUWu3xyRY,UCJnQ326mtBO5XwsjOWeX8DQ,ase,train
FLWsg7Ol-EE,UCDWuLgx0vTYBGr1G-diNgSw,jsl,train
FM83HQXwfaY,UCWif2ls3MB_CDmg4z17y6tA,ils,train
FMITVobeAfg,UC99w_Bzj8ikOz8Gpv0prbNg,ins,train
FNBQi4kp1Kw,UC-8TBU8-W613NU2ysMh8DWQ,ase,train
FNP3P1UAgoY,UCMNAB9fGlvNGrqE2nL5NZng,ase,test
FNQiDXLNofI,UCjVpsnDflFe9dOWZWlnxUrA,ase,train
FNulk4124RU,UCeM9ju-z8IoVGomUJHd7DLQ,pso,train
FO5-udYMahQ,UCFcpIA0onxgAkdsh3K0gpeQ,ssp,train
FO5xjHxAv6E,UChTbPO97Nt0OTDvqSBjhrVQ,isr,train
FOZ8gSzJF4k,UCEPuAkI8Fx_dqb2RMoy00CA,asf,validation
FOq7j4T4-UE,UCNMh0csop45XxYU0itusr1Q,jsl,train
FP-RvGJHv90,UCWif2ls3MB_CDmg4z17y6tA,ils,train
FPB0I9fIwIQ,UC9Wf_r2PVQbIR7XbiIN5fgw,ase,train
FPC0ujszNoo,UCWif2ls3MB_CDmg4z17y6tA,ils,train
FPDCFxfIyj0,UCmWtPcLabewZN5m7Wu2FwDg,ase,train
FPF1AAiBV_w,UC99w_Bzj8ikOz8Gpv0prbNg,ins,train
FQ1JHyP_jYE,UC4jQ2uXTrNEBLKqMVOEgx2w,ase,train
FQ6cw-4bSzM,UCJzu69TgtBwVc03QEP9gL6A,rsl,train
FQ99dBPD8Po,UCtCEoFMIllD5aOYneLrP4Vw,ase,validation
FQEp3JYlru4,UCsuBAbMlPGJ95w3mwhz-30g,ase,train
FQgt4TsDm4k,UChIBEXStFmBeqKWI3uJmtTw,ase,train
FQlXM0KFOjA,UCEPuAkI8Fx_dqb2RMoy00CA,asf,validation
FRJ1brWc8Hc,UChTbPO97Nt0OTDvqSBjhrVQ,isr,train
FRQch3r3FRI,UC75cYKm6WbSk-se1deWaD0g,hsh,train
FRZBu7siLbI,UChTbPO97Nt0OTDvqSBjhrVQ,isr,train
FRZt17La__U,UCqtaBrGzW-WzWVdhrjCBQ4g,tsm,train
FRcu6sSXzrY,UCSwgy2NOSgP1OCue5lh_vrw,ase,train
FS6eF76UeDw,UC5H_CO6QGwd9hilVnfujz_w,bfi,train
FSmDHr1mOA8,UC-8TBU8-W613NU2ysMh8DWQ,ase,train
FTK9EX0FHkM,UCx6PDGJYiE3PXuExsjmZudA,ins,train
FTMSjV_KuNg,UCGkq72-SPOz-qhbHVttJnEA,ase,test
FTb4xNftoo0,UC7JuChYmxhljc49dE3JG6Zw,ise,validation
FTz6OJ7y_V0,UCeGnNTP0aHlTiOKlINLE5Pg,bfi,train
FUdY7Apzh6A,UC3D3um9BcGkQzquorcKWQLQ,ssp,test
FUivMm876ak,UCs98soN6aBb6gnfbrLl-W0w,???,train
FV4HBtRL89c,UCaayieDFpDIZ1b_mspO_Rzg,ase,train
FV7rP_UCy0o,UCY_1hb97iVCsgjc6MrE0ICA,bfi,train
FVI-nYm5_Sc,UCfrYaR1kmCHf8ddHb8O8niw,lls,train
FVKPWgttlwg,UChTbPO97Nt0OTDvqSBjhrVQ,isr,train
FVM5d8FmQFU,UCHJeQ5nHoP0bkg0K4GlMn4w,bzs,train
FVpb4pLHGfQ,UCLIcuPWVlYlBjo0kK8GO1Ww,ase,train
FVpwblGcTOA,UCTwn0S3x3B8LKuPFN3ooAyw,ise,validation
FW-FxSgM3mw,UCyl2koki10uOzPU3chYrHuQ,ase,train
FWc_-goPDiY,UCyl2koki10uOzPU3chYrHuQ,ase,train
FWw5KD2A-1Y,UCqLGAeTQmlRVfLK6jAWvDxA,ins,train
FX9-tPUCCo0,UCufxp6ZwK8zEstJ4BISgG4A,ase,validation
FXPK1jVfnoo,UCizGctLgAahGlOvtSAKdq3g,jsl,train
FXfNRvClUfE,UCaayieDFpDIZ1b_mspO_Rzg,ase,train
FYONtki62lg,UC99w_Bzj8ikOz8Gpv0prbNg,ins,train
FYQj2eMRHYo,UCaGw9z5wD70PmLH_V2keTRQ,ase,test
FYTYaILboUQ,UCwcU_pnmoDWADWM5qK9qc-A,ase,test
FYdKjJCcQcw,UC85LK96DQppcG7tpcqCcvIw,ase,train
FYmpRnGp9ng,UCEPuAkI8Fx_dqb2RMoy00CA,asf,validation
FZ7PR5ZE-Nc,UC3VhIEvAndOi5WN7LwPY98w,ase,train
FZbEt7wEvts,UCDWuLgx0vTYBGr1G-diNgSw,jsl,train
FZr99vcwueA,UC75cYKm6WbSk-se1deWaD0g,hsh,train
FZuXO8VJzV4,UC75cYKm6WbSk-se1deWaD0g,hsh,train
FZuxSk-AzWE,UC-gc7H_gu_IYUAxO2cu6STA,ise,train
F_6ZJGzJ1QU,UCMbT7f3uBbPv5dCPu7ND-yA,swl,train
F_BZCgoRWsU,UCTwn0S3x3B8LKuPFN3ooAyw,ise,validation
F_aNLH0XITQ,UC4YIkyipvSWH51CYnKgvHbg,jsl,train
Fa9IzJ8zsaQ,UCs98soN6aBb6gnfbrLl-W0w,???,train
FaQLkdKOHzw,UC75cYKm6WbSk-se1deWaD0g,hsh,train
Fapv_Egd0F4,UC99w_Bzj8ikOz8Gpv0prbNg,ins,train
FbDaH8106NI,UC7PByT-DKjERtGRmxfyWvnw,ssp,train
FcBzwBuktfA,UCorj4-intk2Q9QVMBrlfQKw,ase,train
FcLPvWqlV54,UCq291uTJ7o9Yojr3l2Y8_cw,ase,train
FcfZ7KUo62M,UCox_ynKl2p8OgW1TyHW1PSQ,ase,train
Fcg-fg_DOUY,UC75cYKm6WbSk-se1deWaD0g,hsh,train
Fcm6dkLuzl8,UCyIjlBUwgXeKO6MZ2Ospaxw,jsl,train
Fcp8ifIdXEo,UCTUp53ZIkPaM1sq-f9_CJCQ,ase,validation
Fcqrr4kY8jU,UCMDu7pTtVXbxEtKeVj0Y8qA,ase,train
FcyhvkyQewI,UC7fVfWv6FL7HeTFeSLz-muQ,ase,train
Fd8sy9C-HQU,UCW5YSgfcgvgxUY5HjoMXA6Q,ase,train
FdVjc8XDkLg,UChzC_xVgG6hNwzeinTWE0DA,gsg,train
Fde-ZW0AdUU,UC_9x0YFY3tQhHD1oxDriZ9g,sgg,train
FdeHtOTtzJQ,UCMZD9P87-3WVUl2-nPOQagg,bzs,test
Fdj4SybV4UE,UC_i63jO1Mp4TAjJh9gMAscA,ase,train
FeCm8gnJaso,UC7JuChYmxhljc49dE3JG6Zw,ise,validation
FeFI1oI9llU,UCBRYgj8lhwnr9FrETyJbYEA,ise,train
FeNhbRBjwas,UCv2vB1PMjcB_eB0bEFQlqKw,gsg,train
FehFYFQr5Wg,UCKki8PhClHFEiaSdKNXxilQ,ase,test
FeiMeb6B0i8,UCK-n3cLst9SuYfxk7oNhrlw,ase,train
FeosiJa_uoY,UCSMZ4td6mZMJVxJ2ow7zY4A,ase,train
Ff0KHd5DurA,UC3p9-cdApmRUOgQ4-M4P01w,ase,train
FfNhsm6hmac,UCJ4E_EBEu0drbTux-rJs_-Q,ase,train
FfRVzreLA4Q,UChE4Rr6qwM1PSktIzZwgMPw,bfi,train
FfUYNrI0Otg,UCRRD3yalnoHR0ZvXqhiTI4Q,bzs,train
Ffg8Cw7-v9M,UCqLGAeTQmlRVfLK6jAWvDxA,ins,train
Fftc2x4E9QY,UCyxmIWJ8ddzJ2Ct89DlTAIA,asf,train
FfuThSyC5Xo,UC75cYKm6WbSk-se1deWaD0g,hsh,train
Fg1BfsmMptk,UCYogpIfU7-Cy19rDs1WnpaA,aed,train
FgH6yfj51jU,UCZOG75UwSlaFOu-BmfSccUg,bfi,train
FgOTeoEIFzI,UCetR-SrTaSpJ5I2JfLxVouw,slovenia,train
FgglyKPSOm8,UCtDLZCaLrYJHxAz4PK2QoMQ,ase,train
FgliJwNYBxo,UCeGnNTP0aHlTiOKlINLE5Pg,bfi,train
Fh0Yj6lmCHs,UCKc4tr7djlPn1jc9IUlLw3w,asf,train
FhK4JRyBNEs,UC99w_Bzj8ikOz8Gpv0prbNg,ins,train
FhLplC2RUb8,UClV7xRyvnuKQvXbUylpp0Ww,ase,train
FhR3PPykAvc,UCfE6hveQ_iANy1Hs9IGVgGw,ase,validation
FhRR_M6IkpI,UCu2tzqiuf92J2M_zaJK6_eg,ase,train
FhkRU2_mtxk,UCCdgJ722Hvh6Olw5mAWUCPw,ase,train
Fhm5-k7oCJY,UC75cYKm6WbSk-se1deWaD0g,hsh,train
Fhs3kIv6oL0,UCcxaKY453LDI-mZMFxWslkw,ase,train
FhtclDr5bXY,UCgN5mgAE6F61IT-RceGU7Zw,ase,train
FiQ4ozwGoGU,UCGisGwX9Mh6T6WrJsx-VjDg,pso,validation
FiaCGgRjHbY,UCe2lcoNfWAp4bc0JySWnkmw,ssp,train
Fj5mXf9ch28,UC5hrKEYa8zJLnYcQoEJmxOw,ase,train
Fj7i05Jojvs,UCjCBX_ZL4T0nCyq3AgFVsDg,asf,train
FjB0uvIyZRY,UCeGnNTP0aHlTiOKlINLE5Pg,bfi,train
FjHz99le62s,UC75cYKm6WbSk-se1deWaD0g,hsh,train
FjQZrI_u6gU,UCQ_jW1xLUF7Sg711yXVvQPQ,ise,train
FjaU7X0sDZM,UCqLGAeTQmlRVfLK6jAWvDxA,ins,train
Fk0OpANz_3w,UCAPKIo9ykV8iShMmG7c-BQA,swl,train
FkFsh24D3oc,UC6OCXcxQ4yKoPfsUPWg99bg,ase,train
FkGC2b63YjI,UCEO4jEbSrgPx-4GDyAtdbmQ,ase,train
FkT1qlh8hN4,UCmzoIHeCQkAa7dWEeGsTRbQ,ase,train
FkU5yg73scs,UCGkggeR449U_G_ULi-Y0G0A,hsh,train
Fkqc2gKSn3s,UC85LK96DQppcG7tpcqCcvIw,ase,train
Fl5FQy0JtxQ,UChTbPO97Nt0OTDvqSBjhrVQ,isr,train
FlQ6-wvVjc0,UCZ3vY1_AhI-UpoQwu-HqXgw,ase,train
Fla7kuIt_yw,UCZOG75UwSlaFOu-BmfSccUg,bfi,train
FlaSVihNGU4,UCyl2koki10uOzPU3chYrHuQ,ase,train
FldFKGwNLIY,UC7dORNM7OZwv5IsJktZlRBw,ase,train
Fm62fMSOrNU,UCDWuLgx0vTYBGr1G-diNgSw,jsl,train
FmQhzcJSDgQ,UCTwn0S3x3B8LKuPFN3ooAyw,ise,validation
FmU0pm8O0vE,UCeGnNTP0aHlTiOKlINLE5Pg,bfi,train
FmX_BJgA-Cc,UCqtaBrGzW-WzWVdhrjCBQ4g,tsm,train
Fn013C9fm3c,UC75cYKm6WbSk-se1deWaD0g,hsh,train
FnAdPvxZ3E0,UCz6wzawS3NStnjh22q9HOgQ,nsl,train
FnG1E7YhQA8,UCJUlO7ApgdLJnPaGR1ms53Q,ase,test
FnTKVaG-UFk,UC4YIkyipvSWH51CYnKgvHbg,jsl,train
FnYLu57JPkY,UCGisGwX9Mh6T6WrJsx-VjDg,pso,validation
FnZ4F9Fd6FU,UC99w_Bzj8ikOz8Gpv0prbNg,ins,train
Fna4TLb-O3c,UCaayieDFpDIZ1b_mspO_Rzg,ase,train
FnlbFzTUQuk,UC75cYKm6WbSk-se1deWaD0g,hsh,train
Fnos42hCkKE,UCuLgHM31H7PmEAY92jBSU_Q,jsl,test
Fo4s92g86ec,UCWif2ls3MB_CDmg4z17y6tA,ils,train
FoBQQ0r-xkI,UCJzu69TgtBwVc03QEP9gL6A,rsl,train
Fp-uzRiUjYA,UCaayieDFpDIZ1b_mspO_Rzg,ase,train
Fp5b1-drSww,UC6IwTu3DmTe5bsElEqO4rdA,fsl,validation
FpDhEekuPD0,UCGaQdCK2m305CkMZQasoz7w,csc,train
Fp_AKse4VUQ,UCqLGAeTQmlRVfLK6jAWvDxA,ins,train
Fpd0eeAAtgo,UCKki8PhClHFEiaSdKNXxilQ,ase,test
FqFIzm0tnis,UCTi9woRHA4r8e3oEWF8hxTA,aed,train
FqVslwH0lNU,UCuyQHJ4y76-i0w9N33vT-kg,ase,validation
FrkGrIiAoNE,UC7fVfWv6FL7HeTFeSLz-muQ,ase,train
FrkscRyseAk,UC01GNVV8aHp9v4CoZi7FcqA,swl,train
Frm9wTyzxQE,UC75cYKm6WbSk-se1deWaD0g,hsh,train
FrxDzpLQj0M,UC85LK96DQppcG7tpcqCcvIw,ase,train
FsDX9x-HRg4,UC75cYKm6WbSk-se1deWaD0g,hsh,train
FsVXc60XKDg,UC75cYKm6WbSk-se1deWaD0g,hsh,train
Fsbjafw7QRg,UC8xDnYLS3EaMycxe3ZSUb5g,gsg,train
Fsg_kolstpY,UC1f5xYbrZxLkklmGkow7AgA,asq,train
FswCHmV1ERA,UCcmJuUulPHzBUuQbQUN7GzQ,bfi,train
Ftd6RPKRVEU,UCuPXVKrLQJtL4owCZ5KoStw,cse,train
FtxBFBN4J4M,UCXuTK8atuQJiJ-qLHbjgaag,bzs,train
Ftzsq-xrXWk,UC3OiN9jnCART5qjoOTr7bgA,ase,train
Fu-9Q10jucQ,UC85LK96DQppcG7tpcqCcvIw,ase,train
Fuhklc3Xuqg,UC5H_CO6QGwd9hilVnfujz_w,bfi,train
FujzOKTzzms,UCvSbTiuH_mjmtrcokYa3Dow,ase,train
Fv205CoQf9M,UCFJLzd1pDjTJgPPHCpDfAwA,ssr,train
Fw9uDdTl-ts,UCYyRpJBseu43EojDdSUcSyA,ase,train
FwZtKAt4uiY,UCuyQHJ4y76-i0w9N33vT-kg,ase,validation
Fx5rx6umUfk,UCMfjVHF5e9FHoXaJzFFcydA,asq,train
FxC2nJnpb4Y,UC4JcJEFJXGgiZwE4zbw2BKg,ase,train
Fx_QOwVkw4M,UC75cYKm6WbSk-se1deWaD0g,hsh,train
FxykWpeloUs,UCwR2100YV-gAV83GvHFMeNw,asq,train
FyHnUhZ0R5g,UCdczyG5kJYY6UaPq80ns2AA,ase,train
FyMfrurgEes,UCqd6eos5-i46NbDH1uLWdFQ,bfi,train
Fyk4EyTyvWY,UCWif2ls3MB_CDmg4z17y6tA,ils,train
Fz-Yn2CGnWo,UCWif2ls3MB_CDmg4z17y6tA,ils,train
FzNYth5998U,UCOuE0zw9VItn-Bv71BNeBVQ,fsl,train
FzWEE3VygiY,UCGisGwX9Mh6T6WrJsx-VjDg,pso,validation
G-Aii-Br5Wk,UC7Tjg_h46r1Jhlgxa4bmDSQ,ase,train
G-Fa63eVvw8,UCgvywbxAcsgJr_gfpqKLXXw,pso,train
G-MqQD1AV_4,UC99w_Bzj8ikOz8Gpv0prbNg,ins,train
G-WppVh8llE,UC0IS4ED9iLBOHSjD-MIFwzA,rsl,train
G-sVU6caLR0,UC5H_CO6QGwd9hilVnfujz_w,bfi,train
G0QoQY9BCfc,UCWPkrOk-WKilNHCrpXa17JQ,ase,train
G0WbNTX7AtQ,UCZy9xs6Tn9vWqN_5l0EEIZA,ase,train
G0cbK2cr46M,UC_UrP9dLp5R3wYJhqqz2btg,jsl,train
G0ddeXXsWko,UC75cYKm6WbSk-se1deWaD0g,hsh,train
G0q8egi7vjQ,UCqLGAeTQmlRVfLK6jAWvDxA,ins,train
G0qj8IMYO8o,UCOqWC86f1tv-AsGjbkIBEUQ,ssr,train
G20-iVKavzE,UC2fTQSA7GccUUtG6RrJq9Hg,pks,train
G207HGoTCWA,UCEe5KpTWgaHF1Zr8Lnj51IA,ase,train
G2lNB1VqQ14,UCqLGAeTQmlRVfLK6jAWvDxA,ins,train
G2oAsXbNfL0,UCXuTK8atuQJiJ-qLHbjgaag,bzs,train
G3c8XmnPwEg,UCWif2ls3MB_CDmg4z17y6tA,ils,train
G3lZu2MGFfk,UC-gc7H_gu_IYUAxO2cu6STA,ise,train
G3mT0wWhMlo,UCYyRpJBseu43EojDdSUcSyA,ase,train
G3mgZA9JNe4,UCqd6eos5-i46NbDH1uLWdFQ,ils,train
G4OkVnUWgIw,UC85LK96DQppcG7tpcqCcvIw,ase,train
G4ScLlDUWGA,UC75cYKm6WbSk-se1deWaD0g,hsh,train
G4_iSk5nm80,UCjCBX_ZL4T0nCyq3AgFVsDg,asf,train
G4dH_SKETf4,UCGisGwX9Mh6T6WrJsx-VjDg,pso,validation
G4sFaLq2Zhc,UCRwPaAUrbOL4X7WgxZzIOpw,ase,test
G5DnxPZjes8,UCFuu8KsC_I8RUWsRopecLOQ,bzs,validation
G5cobNUhq7w,UCJeBnwmzj3tVtS-3-sSOC_w,hsh,train
G5w2FgoqmMw,UCLwjQ2R8M8YuItmwWIZpmEQ,jos,train
G65J9deSmtY,UC-gc7H_gu_IYUAxO2cu6STA,ise,train
G6Wo6fDWm7U,UC2fTQSA7GccUUtG6RrJq9Hg,pks,train
G6ZUF34yh8I,UCWif2ls3MB_CDmg4z17y6tA,ils,train
G6aGiQwgwOA,UCDivIPRtPf_EHSiRfkwkfZA,bfi,train
G6hbN6lzN3o,UC5H_CO6QGwd9hilVnfujz_w,bfi,train
G6xdIepdk5k,UCWif2ls3MB_CDmg4z17y6tA,ils,train
G7ODzBcqbPY,UCqLGAeTQmlRVfLK6jAWvDxA,ins,train
G7P4eyQRYZE,UC4SqFeQL9FsN2A-2cBbUS5g,bzs,train
G7PJU2djyy8,UC_FtDNk-CXvhxozh6BVlEBg,ase,train
G7RsjiVzcwk,UCqd6eos5-i46NbDH1uLWdFQ,ils,train
G7W-7YA4HF4,UC6ipV-gyyLuPZu4QIOm7Hag,gsg,train
G7YF5Wk3u1o,UC5RXDE5hwwO_gXSa31_rgcQ,ase,train
G7kuyeE6nLs,UCs98soN6aBb6gnfbrLl-W0w,???,train
G7o6Xoets3w,UCAPKIo9ykV8iShMmG7c-BQA,swl,train
G7v-W9pxw3g,UCqLGAeTQmlRVfLK6jAWvDxA,ins,train
G8G_O6ZIXP8,UC75cYKm6WbSk-se1deWaD0g,hsh,train
G8X5gIvz6NU,UCfLul2uPakgQyTab23cYB7Q,ise,train
G922ltn090Q,UC99w_Bzj8ikOz8Gpv0prbNg,ins,train
G9D1-hP2UZ0,UCcKetdJqFvXWMkM0WSMKH2w,icl,train
G9_Rut7yllw,UC7fVfWv6FL7HeTFeSLz-muQ,ase,train
G9z575cXy7s,UCrIcCb0_Hei60GqVnWagm4w,ase,train
GADLvadUBz0,UClxAZnsU6AK4pX3dcFdSDPQ,ise,test
GAXCcdCViWg,UCj-3CHMR-gJF0Jr0meTeqAw,ase,train
GAaJTYqVSow,UCWVUF_aLbNrR_ObLwWZcU2Q,fsl,train
GAmjEtnHrNU,UCc0GJrmUnCvxr5H7vjxx0eg,bfi,train
GBbzfCi98BY,UCAPKIo9ykV8iShMmG7c-BQA,swl,train
GBkzbHz6N4w,UCizGctLgAahGlOvtSAKdq3g,jsl,train
GCBA9E2F_q4,UCXo34D2YjDzQKCpnb9jkDeQ,jsl,train
GCQuJKZ0j8w,UCjCBX_ZL4T0nCyq3AgFVsDg,asf,train
GCkixNudBfA,UCs98soN6aBb6gnfbrLl-W0w,???,train
GCyJDmFjmIY,UC75cYKm6WbSk-se1deWaD0g,hsh,train
GDV82K6-N74,UCDaXsbs4hNm7X1QC_X9aTMA,ase,train
GDqgee3U67I,UCuyQHJ4y76-i0w9N33vT-kg,ase,validation
GEl_oFzHyJo,UCGxfHBfP4ZBpg4TDg8v8G3A,ase,train
GF7_c0b2s60,UCqLGAeTQmlRVfLK6jAWvDxA,ins,train
GFCS9rBjiJ4,UCs98soN6aBb6gnfbrLl-W0w,???,train
GFNHgHt5DkU,UCTwn0S3x3B8LKuPFN3ooAyw,ise,validation
GFYO83Lq7co,UCxPPmHG3QLnRG51CRsD2VPg,nzs,train
GFgcixtn-0M,UCqtaBrGzW-WzWVdhrjCBQ4g,tsm,train
GFuigPTpPD4,UC8W04bOgGT6NTLeL91KGRcQ,csn,train
GG4kmUr3ZnU,UCsG-u6WysNhKyKHKX7l9QQg,ase,train
GGAlDS9iW3w,UC7JuChYmxhljc49dE3JG6Zw,ise,validation
GGOsHC-EPZk,UCfrYaR1kmCHf8ddHb8O8niw,lls,train
GGQGcG20Fys,UCLkAu8SzLCFW8k149fgEi7g,ase,train
GGjjw9fmV30,UCWif2ls3MB_CDmg4z17y6tA,ils,train
GGkSPLRZlGc,UCe2lcoNfWAp4bc0JySWnkmw,ssp,train
GH3gY3H0h1E,UC2T0iX_pOzCXCQteGhztDDA,ase,train
GHvZOAtTxuE,UCx8jxChJznkRPJCE79qldOg,pso,train
GHwQ1bILyv4,UCLB6I_tLs5ardhO_HRyKN0A,swl,train
GICO0MCDnv4,UC_9x0YFY3tQhHD1oxDriZ9g,sgg,train
GIEy0xLj2YI,UCuyQHJ4y76-i0w9N33vT-kg,ase,validation
GJ5ewMD8DjI,UCWif2ls3MB_CDmg4z17y6tA,ils,train
GJB-4rHGGL0,UCuyQHJ4y76-i0w9N33vT-kg,ase,validation
GJka4fvyr4M,UC75cYKm6WbSk-se1deWaD0g,hsh,train
GJnULq2tutA,UC3B9gZXW4SvGwz2iPxlQH4Q,ase,train
GJrmYISEbEI,UCMzI0ghXyfubsS0c0nN2aew,ase,test
GJvd2VALBmM,UCUF6XxfUxxf068iiZGtGm-w,ase,train
GKqh4AMmhUo,UC2H4YGbK0y3KjqLLQv3dYSA,ase,train
GKyWjW-4TrQ,UCw8k42lRa3GdqXEF3lFL34w,gsg,train
GKzFoDQInX4,UCyIjlBUwgXeKO6MZ2Ospaxw,jsl,train
GLAlYCOXa08,UCxIbkgPt20EUgQ-HhxcOWHw,ase,train
GLSfXpNhtvo,UCAPKIo9ykV8iShMmG7c-BQA,swl,train
GLdaOghQWL8,UC75cYKm6WbSk-se1deWaD0g,hsh,train
GLeWSwH9ZFo,UC7PByT-DKjERtGRmxfyWvnw,ssp,train
GLjgU-J7yz4,UCHAeH9n41nDpCYBEdo_Yonw,ase,train
GLwybIAKZko,UC75cYKm6WbSk-se1deWaD0g,hsh,train
GMCVoJnaTnE,UCFfgJbY2jt4Notzk5M3baOA,asf,test
GMWmoXiFJ1I,UC7fVfWv6FL7HeTFeSLz-muQ,ase,train
GN40pU5mo8Y,UCe2lcoNfWAp4bc0JySWnkmw,ssp,train
GN48AMTOrO4,UCmTfNRUoOTCYi4CY5b9YTMA,ase,train
GN8PggikOPA,UCizGctLgAahGlOvtSAKdq3g,jsl,train
GNLs0OyxFik,UC75cYKm6WbSk-se1deWaD0g,hsh,train
GNh8aBC4iTQ,UCKc4tr7djlPn1jc9IUlLw3w,asf,train
GNshDs-aWJY,UC75cYKm6WbSk-se1deWaD0g,hsh,train
GOX0ZfpMJvM,UCB7kky0QGvco__qg5CtPw0Q,svk,train
GOYmn-MjNwo,UC75cYKm6WbSk-se1deWaD0g,hsh,train
GOhoKxqppdY,UCrLHoFMc2Mx6S4L5qE8Y4EA,ase,train
GOjXS5Q0Aow,UCizGctLgAahGlOvtSAKdq3g,jsl,train
GOxHUvglkyg,UCLgti7NuK0RuW9wty-fxPjQ,bzs,train
GOyKxDSERDU,UCcKetdJqFvXWMkM0WSMKH2w,icl,train
GPGHUW8qSBQ,UCB2TPZ9vox9PvK9arORVtNg,pso,train
GPHj_l85zTI,UChDigTdb9T2i2_uBWZFIpHQ,ase,train
GPMp5A_U2ek,UCgAT0bQ68LDB9da2Go8Dt7w,ase,train
GPk-y-UT0yU,UCizGctLgAahGlOvtSAKdq3g,jsl,train
GQU8E4wgaIA,UC4KU3dXQfnJD45axc7vzahA,fsl,test
GQs6VFsf8RM,UCYWJdRpk2jOOZaqvXGVjkxw,ase,train
GQxsF0wT47k,UCqLGAeTQmlRVfLK6jAWvDxA,ins,train
GR6CYskUFhU,UCbdTBZa2GW_zGQc460nMqLg,ase,train
GRUmp8QK5qA,UC5RrTOs35gE_w5625uGLSdA,kvk,train
GRnaP9vNmQc,UC3D3um9BcGkQzquorcKWQLQ,ssp,test
GRriABdvRD4,UCQmVgPZHUzskORIH4GMzhJQ,bfi,validation
GSV7b6nggXM,UCe2lcoNfWAp4bc0JySWnkmw,ssp,train
GTEYBiWnSvs,UCoWZbM6zrqBAZ-lOclhHXyw,ase,train
GT_GreF24ds,UCGisGwX9Mh6T6WrJsx-VjDg,pso,validation
GUMkjpFI3Qk,UC7JuChYmxhljc49dE3JG6Zw,ise,validation
GUSQ_SeYFiw,UCaayieDFpDIZ1b_mspO_Rzg,ase,train
GUnOBonCcwA,UC75cYKm6WbSk-se1deWaD0g,hsh,train
GV1Ocnwmksk,UCszvwqbz04iulT9divgrNHw,ise,train
GV6tfCAz1IQ,UC-8TBU8-W613NU2ysMh8DWQ,ase,train
GVCggwQz3U8,UCXuTK8atuQJiJ-qLHbjgaag,bzs,train
GVjyL4OT8EI,UCzxWduRjGn_A8rEf_-FtL5Q,pso,train
GVqC2l8NcLo,UC1mrgxxrCtcAUBFR5Z9Kn6A,ase,train
GVz_FdM5T_A,UCqtaBrGzW-WzWVdhrjCBQ4g,tsm,train
GWXFMySZZ0Y,UCUW9iqeKBSdegW5onoBnx_w,hsh,train
GWkP_Ojla-k,UCaayieDFpDIZ1b_mspO_Rzg,ase,train
GX2ON2CH5pQ,UCXoX5aPtcb02mt1LfY-4rOw,ase,train
GXNItqNi57g,UChhH5dTjtTV3PK2yEbbtMkw,cse,train
GXSvLmGnuog,UCK-n3cLst9SuYfxk7oNhrlw,ase,train
GYK-IAjbM-c,UCGisGwX9Mh6T6WrJsx-VjDg,pso,validation
GYYPRy3Pwzw,UCeM9ju-z8IoVGomUJHd7DLQ,pso,train
GYezqtp__Uw,UC8xMlUa3OCY1Uc0-2SHbjJA,ase,validation
GYlqnzX01gw,UCsuBAbMlPGJ95w3mwhz-30g,ase,train
GZH1P6k9_1s,UC7fVfWv6FL7HeTFeSLz-muQ,ase,train
GZI52dwO2AA,UC8wAym_xCG5aR0uHK6knpcA,ase,train
GZ_f1HMcpco,UC8dHtefYYC4TmhRS_0qtKTA,bzs,train
G_0QjlI2T18,UCA7yuvsX0I5xX_SSXUJQJ1w,ase,validation
G_lrySDFv1U,UCJeBnwmzj3tVtS-3-sSOC_w,hsh,train
GaAlQtsl7Lg,UC-gc7H_gu_IYUAxO2cu6STA,ise,train
GaB0UbboT9c,UCO9zhhszyR4Av4WxwdBJs-Q,ase,train
GaKCjboMg8k,UCVyxYoSW-59ZPCd4krQg3fA,ase,train
GaLucBjbXr0,UC4SqFeQL9FsN2A-2cBbUS5g,bzs,train
GaUUCqiMHRQ,UCSMZ4td6mZMJVxJ2ow7zY4A,ase,train
Gab5AN6QB5w,UC75cYKm6WbSk-se1deWaD0g,hsh,train
GaglzRjRwn4,UCyAPbimBAxWyMA0t96UTbbg,svk,train
GayvBexIkIs,UC99w_Bzj8ikOz8Gpv0prbNg,ins,train
GbLP3fsNdS0,UCjCBX_ZL4T0nCyq3AgFVsDg,asf,train
GbOPJvSptBo,UCCkAfmCTGkgJi3QlB_6vkqw,jsl,train
Gc5jtLt2KHA,UC-gc7H_gu_IYUAxO2cu6STA,ise,train
Gc8sluT3x0E,UCSfqYeUXjD3_cO2XiZxO6Vw,hks,train
GcBJ6OHQedE,UC3etnnsIxGpH89XgojqE0Ng,ase,train
GcJpYE5amd0,UCtjEjgYtRZWFL9pWa4yxtXg,jsl,train
GcLyRXNP7gU,UChAe0B2jNvY7zmU_aoeXIZg,bzs,train
GcpMrmt2E0o,UCAiKU9ZecbzPsU4SA045bVA,ase,train
Gcq-2lTJc3s,UCGdkydYn1myk9IcdamXNW4w,ase,train
Gd-F0tZF9CE,UChTbPO97Nt0OTDvqSBjhrVQ,isr,train
GdANpi-iksc,UCaayieDFpDIZ1b_mspO_Rzg,ase,train
GdM0j_KBbn8,UCMbT7f3uBbPv5dCPu7ND-yA,swl,train
GdQbue1cKwo,UCqd6eos5-i46NbDH1uLWdFQ,bfi,train
GdYNF6g73eI,UCVnYnjKyNuv7eVYQmTe8aIw,ase,test
GdjZooKLIkY,UCEkZb0c0A8uM7ootuvLAXdQ,asf,train
GecQ7oCZlfg,UCizGctLgAahGlOvtSAKdq3g,jsl,train
Geo-XjpQsWw,UC7rtwOJBv4c4PyIhSFvg3Hg,bzs,train
Gf-ss620loM,UCqLGAeTQmlRVfLK6jAWvDxA,ins,train
Gf3GVdix3iI,UC_Jsge-Z-qZEA69onK6tiJw,ase,train
Gf6zxDkwrmA,UCh8FXPEkgbvFhwonce5MTZQ,ase,train
GfLw5NdksHo,UCzXNfOVXNYqjFPgMly-1AvQ,bfi,train
GfX-1Vvdu3E,UCqLGAeTQmlRVfLK6jAWvDxA,ins,train
GfaHrrlP8Vw,UCFuu8KsC_I8RUWsRopecLOQ,bzs,validation
GfeNNUZC-EI,UC5Xzq4Gg6mSNymC4xIaZg1g,ase,train
GfuHLnD4Gqw,UCvvTbNabOb2VoS_fPcUqu0A,ase,train
GfvEI39CXr8,UCCkAfmCTGkgJi3QlB_6vkqw,jsl,train
Gg0tMDmVvMg,UC5vOvmz7FvgJy047G0kteAA,ase,train
GgNfXn0vPfI,UCGaQdCK2m305CkMZQasoz7w,csc,train
GgqCbLcFVkI,UCXAivKbEyzTb5tqwEu2ZDcw,ase,train
Gh8mm-O-z94,UChY4vrAMEXvYXcuXg50sc1Q,asf,train
GhuCvTuEx1s,UCoA3JvRkP1z3GE6x5jo6OzA,rsl,train
Gi-2vER8yUg,UC-gc7H_gu_IYUAxO2cu6STA,ise,train
GiJflpuTwXg,UCWMhDw_oM_95iDOL4BE63Bw,ase,train
Gibi5tcIWBs,UCaayieDFpDIZ1b_mspO_Rzg,ase,train
GijwLLnkfbg,UCtjEjgYtRZWFL9pWa4yxtXg,jsl,train
GjK8gRb87xE,UCHckc4mrMU9b7L4hxQeN5HQ,ssp,test
GjVBhxcn6pk,UCqLGAeTQmlRVfLK6jAWvDxA,ins,train
GjdcXJdOS5U,UCUW9iqeKBSdegW5onoBnx_w,hsh,train
GjgBuruy-2I,UC99w_Bzj8ikOz8Gpv0prbNg,ins,train
GjpcVhn2QqU,UCYWJdRpk2jOOZaqvXGVjkxw,ase,train
GkIPMtLFcnE,UCzXNfOVXNYqjFPgMly-1AvQ,isg,train
Gkj67Ijq82w,UCMbT7f3uBbPv5dCPu7ND-yA,swl,train
GkvueGOWJ-w,UC7QNujTpyZqhFrP51eTA8uQ,hsh,train
Gl-BPR8azzo,UC5H_CO6QGwd9hilVnfujz_w,bfi,train
Gl9F_JYBCWk,UC75cYKm6WbSk-se1deWaD0g,hsh,train
GlT8MJcIf48,UCHMBXgtO2Ez6Ie4HkbQk2Fg,ase,train
GllBrxBUdDI,UChTbPO97Nt0OTDvqSBjhrVQ,isr,train
GlynZatFlBY,UC6OCXcxQ4yKoPfsUPWg99bg,ase,train
GmEuBaW9F80,UC0ssa7FTeHexuO6wHhbX9ow,ase,test
GmP9f7addsI,UCJDZUpRa1-sh6vg3aA9LBtg,fsl,train
Gmq1H8ayGJc,UC85LK96DQppcG7tpcqCcvIw,ase,train
GnKDWPLODdA,UCG8-qn55uMbHBXAD6wv2wAw,ins,train
GnRydH0ybu8,UCqtaBrGzW-WzWVdhrjCBQ4g,tsm,train
GnUB49aqFpI,UCI4A_xft-8uziHWd1-Q0NWA,ase,train
Gnaij2f3lvQ,UC6OCXcxQ4yKoPfsUPWg99bg,ase,train
GnfWw4BL-tY,UCqtaBrGzW-WzWVdhrjCBQ4g,tsm,train
GnkYsvYuN5o,UCGLOly45we_1ZTXAXF7TZDA,asq,train
GoalH0uPUhM,UCXAivKbEyzTb5tqwEu2ZDcw,ase,train
GofX5UB3f10,UCaayieDFpDIZ1b_mspO_Rzg,ase,train
GopWB14w8Z4,UCWbnHpCljj8MuTeNnCiNVew,ase,train
Gp0Iq24hj4A,UCuyQHJ4y76-i0w9N33vT-kg,ase,validation
Gp3nNLCv7l0,UC9iTjM1LI5k60EhfTwNPO5w,ise,train
GpAg1T6MokM,UC75cYKm6WbSk-se1deWaD0g,hsh,train
Gpg1XJmxOQw,UCe2lcoNfWAp4bc0JySWnkmw,ssp,train
Gpnqspg1F2c,UC3hOdPWDnQBs9NTt3y2fPRg,ase,test
Gpp2MZAD40I,UCsEBkTy545q7ZQXmbRu1szg,ase,test
GpxSgsKYvC4,UC7rtwOJBv4c4PyIhSFvg3Hg,bzs,train
Gq6NftUCZ2s,UC75cYKm6WbSk-se1deWaD0g,hsh,train
GqFTpqGVnlM,UCuyQHJ4y76-i0w9N33vT-kg,ase,validation
GqbPOfsnafA,UCT_ibOnQ79FD6UX9nUwl1Fw,ise,train
GqnNNHQO4Vs,UC85LK96DQppcG7tpcqCcvIw,ase,train
Gqzq6u2_eJ8,UCC5MIgD3lTZkKzTahvoJ9Kw,ase,train
GrFDlCR3FPk,UCqK9PQV16nIdTwqhHgxhmnQ,ase,train
GrHx2yBmQGM,UC75cYKm6WbSk-se1deWaD0g,hsh,train
GrJS0Jfhb0E,UCyIjlBUwgXeKO6MZ2Ospaxw,jsl,train
GrQMUpatglQ,UC2fTQSA7GccUUtG6RrJq9Hg,pks,train
GrUr1IMddhA,UCoVvI_IEmKaUi921hkQFKVA,ase,validation
GrZNyp1vIi8,UCRFvc2c4c9zSx-cFX9pvDSg,bzs,test
GslHTcfMtzM,UCSMZ4td6mZMJVxJ2ow7zY4A,ase,train
GsmMC4XcN30,UC75cYKm6WbSk-se1deWaD0g,hsh,train
GsoXjjYrU4Q,UCFJLzd1pDjTJgPPHCpDfAwA,ssr,train
GsuTcDkejr0,UCS7wVohIwd66b95xyuw7DFQ,ase,train
GsvLgaWbgt4,UCFTArb2bbJrlhDwc79KL_Vg,ase,train
Gt2BN7RTJgg,UCmW6ihZmBKQGruMm4ALmzdw,fss,train
Gu-QGBjvsgQ,UCBRYgj8lhwnr9FrETyJbYEA,ise,train
Gu1jEijLhCs,,asf,unassigned
GuHEbcIxBSk,UCv2vB1PMjcB_eB0bEFQlqKw,gsg,train
GuVIdToQw-Y,UC75cYKm6WbSk-se1deWaD0g,hsh,train
GudaRnF7ciM,UCqtaBrGzW-WzWVdhrjCBQ4g,tsm,train
Gui4dnASWz8,UC4VHfRJHnbcGVLcr9vQIihQ,bfi,train
GuuK7ihCaxo,UChY4vrAMEXvYXcuXg50sc1Q,asf,train
GvbV3Sk_e0U,UCoVv7uyZ-Th6QIe5iVlhoEg,ase,test
GwNp79SFcQA,UCWif2ls3MB_CDmg4z17y6tA,ils,train
GwWfMGVuvHk,UCSMZ4td6mZMJVxJ2ow7zY4A,ase,train
GwZKoVinSTo,UCSMZ4td6mZMJVxJ2ow7zY4A,ase,train
GwvJMCz3EHc,UC1f5xYbrZxLkklmGkow7AgA,asq,train
GxNhcmfOeE0,UCAPKIo9ykV8iShMmG7c-BQA,swl,train
GxeTF__rzbk,UCN8D8Gj5b4KjFT2MnWrRBwQ,pso,train
Gybne3Vv9Xg,UCxL5EZmsJbbN-vrvhL2-DJg,ase,train
Gz0JR6ddfeA,UChTbPO97Nt0OTDvqSBjhrVQ,isr,train
H--qa7oP_es,UCqtaBrGzW-WzWVdhrjCBQ4g,tsm,train
H0Amt9NCqfc,UCMbT7f3uBbPv5dCPu7ND-yA,swl,train
H0HXEGv6YJI,UCVvaxiyf6XARTEy_I5SSW9Q,dse,train
H0MijjZLY2I,UC75cYKm6WbSk-se1deWaD0g,hsh,train
H0gjo9TtXn8,UCT_ibOnQ79FD6UX9nUwl1Fw,ise,train
H0iGyUYhMvg,UCqd6eos5-i46NbDH1uLWdFQ,bfi,train
H0iPUHefWrM,UCwcJIfRFwLcZF_teq6A86dA,ssp,test
H0sGSxQlpmo,UCI4A_xft-8uziHWd1-Q0NWA,ase,train
H14IvIvkFGM,UCuyQHJ4y76-i0w9N33vT-kg,ase,validation
H1MqluekQyI,UCEPuAkI8Fx_dqb2RMoy00CA,asf,validation
H36Uf4lmmi4,UCs98soN6aBb6gnfbrLl-W0w,???,train
H3W7xa46D20,UCQJVI4-q2aT-9pSEmwtrMoA,ase,validation
H3dRJeaGJes,UCszvwqbz04iulT9divgrNHw,ise,train
H3tZ43wbbLI,UC4VHfRJHnbcGVLcr9vQIihQ,bfi,train
H4DZacb6RKo,UC-8TBU8-W613NU2ysMh8DWQ,ase,train
H5AyjUMvfbg,UC-_uxJSqfBKmSWcz4jeiY4w,ase,train
H5E9nzucSz0,UC99w_Bzj8ikOz8Gpv0prbNg,ins,train
H5lKmYMepjM,UCx8jxChJznkRPJCE79qldOg,pso,train
H5ngoWrPWjU,UCLgti7NuK0RuW9wty-fxPjQ,bzs,train
H5rmUdWSMHE,UC_e59ocVWojyhIRfQ_HnQYQ,mfs,train
H5zbj3hSC7U,UCjCBX_ZL4T0nCyq3AgFVsDg,asf,train
H7hgNVck7Tg,UC85LK96DQppcG7tpcqCcvIw,ase,train
H8lH1mcmJdI,UC2fTQSA7GccUUtG6RrJq9Hg,pks,train
H93fsVroRjI,UCwcJIfRFwLcZF_teq6A86dA,ssp,test
HA7mwprwj7I,UCe2lcoNfWAp4bc0JySWnkmw,ssp,train
HAFVPMVWmHM,UCqzZvurxKIefrcDuam3tY4g,ase,test
HAVLYcUwEtU,UCPgIzfHK5zkJXIygSEjxO4Q,icl,train
HAdYHyBvMmk,UChFJaH0yhLOxelzhfz1QDDw,ase,validation
HAhh_ArM7uk,UCUW9iqeKBSdegW5onoBnx_w,hsh,train
HAnq5ykJrM8,UCmDVyyfXgMUky1_KS6JtNEQ,ase,validation
HCu7F5FwCHc,UC-RcfOnZJ8AnsYhIVpCuI6w,ase,train
HD6tpiDMdD4,UCWif2ls3MB_CDmg4z17y6tA,ils,train
HDPTUVn8z6k,UC-gc7H_gu_IYUAxO2cu6STA,ise,train
HDU363tYjrU,UCJs_kXbLrqkq4KhQYOmtZ0g,ase,train
HDtomVneKMw,UCDjODcACZo9r4ByKzDTs6Ag,bfi,train
HDunTqDAD5U,UCizGctLgAahGlOvtSAKdq3g,jsl,train
HDxmFyTk7V4,UC8dHtefYYC4TmhRS_0qtKTA,bzs,train
HENBV9jLeCE,UC0VDMIeUGe2u6dUoPJIPBSA,ase,train
HE_jpvAI6WQ,UC5H_CO6QGwd9hilVnfujz_w,bfi,train
HEb8G736IDU,UC3OiN9jnCART5qjoOTr7bgA,ase,train
HEi2_RW-hLM,UCcmJuUulPHzBUuQbQUN7GzQ,bfi,train
HF4prec7t08,UCNuTk4O2fo38g2nmsGRSkzg,ase,test
HFhpM2k7H0U,UCfaz727ukS3eFYNLysA9rRw,bfi,train
HFmmKGheio8,UC75cYKm6WbSk-se1deWaD0g,hsh,train
HFw7US1FWME,UCSsMlx7GL1SUlUEg2v2MGuw,hks,train
HG1iKwKTV8U,UC5H_CO6QGwd9hilVnfujz_w,bfi,train
HGGPzxh0hyk,UCs98soN6aBb6gnfbrLl-W0w,???,train
HGh87CHIguk,UCEPuAkI8Fx_dqb2RMoy00CA,asf,validation
HGuz-HSjh4s,,ase,unassigned
HIJs1QcCqdk,UCYWJdRpk2jOOZaqvXGVjkxw,ase,train
HILTIdPmr6M,UC4Oyj7LFV0gOgUgNUpyZUQg,ase,test
HISqS0PNqD4,UCQ_jW1xLUF7Sg711yXVvQPQ,ise,train
HJ0V_JzS1go,UCqtaBrGzW-WzWVdhrjCBQ4g,tsm,train
HJ73Sj_jnD4,UChTbPO97Nt0OTDvqSBjhrVQ,isr,train
HJyvUfAyhSI,UC28RC-sGjdGyTC4MtVQEMWQ,bzs,train
HK4_d6vc550,UCszvwqbz04iulT9divgrNHw,ise,train
HKI-Ro2yHXc,UCWif2ls3MB_CDmg4z17y6tA,ils,train
HKJHuRi4gfQ,UC9UOORnRlRi5BhwQclMP1wg,lls,train
HKMzkZC8NfE,UCWif2ls3MB_CDmg4z17y6tA,ils,train
HKZbxr6o7K8,UCJqEwbw7MfINS4T-oQ47JuA,ise,train
HKedheUIh88,UCpIvYj2WfdbmktIWbzqdBWg,ase,train
HKk4cSRqtYg,UCtCEoFMIllD5aOYneLrP4Vw,ase,validation
HKmINXomhmo,UC75cYKm6WbSk-se1deWaD0g,hsh,train
HKrigxqKXHs,UC7fVfWv6FL7HeTFeSLz-muQ,ase,train
HLmma4G5Pkc,UCjKwsB1gVN8Y9xekVhAEn4Q,ase,test
HLrRVKiDyPc,UCzXNfOVXNYqjFPgMly-1AvQ,isg,train
HLwoX3R8ZOA,UCBRYgj8lhwnr9FrETyJbYEA,ise,train
HMFaxWL-YUw,UCJzu69TgtBwVc03QEP9gL6A,rsl,train
HMGBYpmLatQ,UCGkggeR449U_G_ULi-Y0G0A,hsh,train
HMIq5_dZyBM,UC_i63jO1Mp4TAjJh9gMAscA,ase,train
HMtd6qULsGE,UCgPgI0FiLs8v18146Suwo-w,csn,train
HNBGavNWaEI,UCO9zhhszyR4Av4WxwdBJs-Q,ase,train
HNWfsYV44ks,UCTCMeXa5xEwEKZ0HJD3gGEQ,fcs,train
HNyhoSz1mdY,UCyIjlBUwgXeKO6MZ2Ospaxw,jsl,train
HO35QRPb5rE,UC-gc7H_gu_IYUAxO2cu6STA,ise,train
HOKtD_eYjrs,UCEp0rsZTbruVpumG5NLaNFA,ase,train
HOya5qgjzGI,UCRRD3yalnoHR0ZvXqhiTI4Q,bzs,train
HQ6twvKMXEk,UCFuu8KsC_I8RUWsRopecLOQ,bzs,validation
HQ7ZFOwamk8,UCmzoIHeCQkAa7dWEeGsTRbQ,ase,train
HQusnnQZW2Q,UCSbQw9LWLhHPpnlkWkHJdnQ,ase,test
HRDSHW9a0tM,UCwysb4Tjiwn8bKJe0zNuSnA,ase,train
HRKSr1wPwXQ,UCaayieDFpDIZ1b_mspO_Rzg,ase,train
HRoxWORXleQ,UCTwn0S3x3B8LKuPFN3ooAyw,ise,validation
HSWIG-yLgm8,UCWif2ls3MB_CDmg4z17y6tA,ils,train
HSxPbjHRkcI,UCfY_uBhH841gxpS0FhUqzvw,ase,train
HTgNHlRB4d8,UCaTMaFNkTiwgsSQ7FYaiaTQ,ins,train
HTsfM21HZM8,UCmzoIHeCQkAa7dWEeGsTRbQ,ase,train
HU-Sf9UcSVU,UCaY5JjIf6cKZrynK9Oc3SYQ,asq,train
HVP-f4RBHaY,UCaTMaFNkTiwgsSQ7FYaiaTQ,ins,train
HVdUB34Bp6g,UCe2lcoNfWAp4bc0JySWnkmw,ssp,train
HVezq9mwzc8,UCK-n3cLst9SuYfxk7oNhrlw,ase,train
HW6gOA_22VM,UCqsiwLMjqll-H9qguCoAuwg,ase,train
HW6hRQw4Mws,UCqtaBrGzW-WzWVdhrjCBQ4g,tsm,train
HWm4XdWk4Jc,UCoA3JvRkP1z3GE6x5jo6OzA,rsl,train
HWrHHk-t12I,UC4VHfRJHnbcGVLcr9vQIihQ,bfi,train
HX7dfkyvgPM,UC99w_Bzj8ikOz8Gpv0prbNg,ins,train
HXfli0g7HwU,UChTbPO97Nt0OTDvqSBjhrVQ,isr,train
HXpftOEvQ3I,UCmzoIHeCQkAa7dWEeGsTRbQ,ase,train
HY3RkmoE6ws,UCgtGqac0XToRo3iql_TN-mg,ase,train
HYlPsgTMAng,UCky7bYWLr_5JfYNfdiFYxJg,ase,train
HZDXODUrow8,UCVrxlDymBXjcCAn25axZc8Q,swl,train
HZSq1jmfzyE,UC0jdsYSKy1VNhKw79mw0RsA,ase,train
HZTzybks1a8,UCWif2ls3MB_CDmg4z17y6tA,ils,train
HZVoF7XOZ-A,UC-gc7H_gu_IYUAxO2cu6STA,ise,train
HZmviwwDwBc,UCqLGAeTQmlRVfLK6jAWvDxA,ins,train
H_3fR6wotVg,UCDivIPRtPf_EHSiRfkwkfZA,bfi,train
H_EnLW_3ps8,UCe2lcoNfWAp4bc0JySWnkmw,ssp,train
H_F87X19CCY,UCrHpt5tgM33jXiIs8_F1VgQ,ase,test
Hbo4keulvqo,UCs98soN6aBb6gnfbrLl-W0w,???,train
HcB2jLFy4SI,UC1f5xYbrZxLkklmGkow7AgA,asq,train
HcCoxGOEQLU,UChTbPO97Nt0OTDvqSBjhrVQ,isr,train
HcayG3Z_YcE,UC6KXacw2w-LcvsxuiVcLMWw,ase,train
HdScOVFeYSw,UCAPKIo9ykV8iShMmG7c-BQA,swl,train
HdSxGjk2SBQ,UC75cYKm6WbSk-se1deWaD0g,hsh,train
HeY9pVfbR1E,UCSMZ4td6mZMJVxJ2ow7zY4A,ase,train
HetsChptuu0,UCWAVxwEn9KPfQ0exkK1bzkw,ase,train
Hf0DhAtbX-k,UC-_uxJSqfBKmSWcz4jeiY4w,ase,train
Hf7RO7lMw84,UCQ_jW1xLUF7Sg711yXVvQPQ,ise,train
Hf8oTOGfkkI,UC75cYKm6WbSk-se1deWaD0g,hsh,train
Hff8F8HnYUw,UCseX61Lzx5F-rNQ1YNaWnSw,bfi,train
Hg1IwnvNV9M,UCAlatbQBWx2xN0Ul01ddHMQ,ase,train
HgBcID72DYk,UCkaVvxq4vAwZxRdMQJVBB-A,ase,train
HgyxNO8pIbc,UChzC_xVgG6hNwzeinTWE0DA,gsg,train
HhKpiY4bBpo,UCqtaBrGzW-WzWVdhrjCBQ4g,tsm,train
Hh_BJnAqSDg,UCO9zhhszyR4Av4WxwdBJs-Q,ase,train
HhhgY1vfpVs,UC4SqFeQL9FsN2A-2cBbUS5g,bzs,train
HiHQFy_AhDg,UC75cYKm6WbSk-se1deWaD0g,hsh,train
HiVql6TVfGU,UCFfgJbY2jt4Notzk5M3baOA,asf,test
Hib3hbVcKAg,UCT_ibOnQ79FD6UX9nUwl1Fw,ise,train
HinR89sM5ls,UCLUwomaXjHGKse8GYaXzTxQ,isr,train
HiotbN_O97Y,UChhH5dTjtTV3PK2yEbbtMkw,cse,train
HirBjb51aGY,UCrrUZVfztrpQU1YMMFoIR1A,bfi,test
Hj6y3MH8qXY,UC3ZSfF6Cle_YeIVeEpod6Bw,ase,train
HjKTfzH4cBg,UCA17q6v88p8FOlSDiWFkYyQ,bfi,train
Hj_1BGiL1Dw,UC75cYKm6WbSk-se1deWaD0g,hsh,train
HjfPU7mQOu4,UChTbPO97Nt0OTDvqSBjhrVQ,isr,train
HjxVaFNSiw8,UCqLGAeTQmlRVfLK6jAWvDxA,ins,train
Hk-cjxelFpo,UCN-A_lQl6uGuQi8vOvBgrSA,bfi,train
Hk99SBMPhHY,UCWif2ls3MB_CDmg4z17y6tA,ils,train
Hku1RwmMbT4,UCLB6I_tLs5ardhO_HRyKN0A,swl,train
HlCVfcpc6xA,UChfbjSHpxULxVHt3YFjR9QQ,ase,test
HlEGBntS8s0,UCGisGwX9Mh6T6WrJsx-VjDg,pso,validation
HlZOwY-7iZo,UC1EkqJ06JYDGdX5G0jyE8KQ,ase,train
HljQ3NSbbNM,UCDL2Ug9aPMTAK0FDfWopZMw,ase,test
HmRu3-TUho8,UC75cYKm6WbSk-se1deWaD0g,hsh,train
Hn9iWdE16sw,UCLtdquxRVoHoHoCgLyW7r2g,ase,train
Hnurm8JO4_4,UC5H_CO6QGwd9hilVnfujz_w,bfi,train
Hnz5C77DM98,UClxAZnsU6AK4pX3dcFdSDPQ,ise,test
HpM0B0VwE0U,UCWif2ls3MB_CDmg4z17y6tA,ils,train
HrOetLX3y9w,UCO9zhhszyR4Av4WxwdBJs-Q,ase,train
HrhS6j2vnzc,UCQa0uTlWkuwzp8CAe_z1fkA,ase,train
Hri_tzPO1zc,UCsuBAbMlPGJ95w3mwhz-30g,ase,train
HroFP3xdP1c,UCAPKIo9ykV8iShMmG7c-BQA,swl,train
HrpJkwaukIA,UCAwUq47FcxxDL68rM4wf2ZQ,asf,train
HsRBsDsgBOY,UCVnYnjKyNuv7eVYQmTe8aIw,ase,test
HscU0e7vELM,UCaEa-LjV-VwFJ3Flc0ndcWg,hks,train
Ht6V2K0NWBo,UC3hOdPWDnQBs9NTt3y2fPRg,ase,test
HtqRIt8QZNE,UCQ_jW1xLUF7Sg711yXVvQPQ,ise,train
HtuWI3EJXkY,UCyIjlBUwgXeKO6MZ2Ospaxw,jsl,train
HuJ6q6z0yl4,UCT_ibOnQ79FD6UX9nUwl1Fw,ise,train
Hus1rnqd46s,UCgbAwQr9vqeYxUgD_AZihBA,ase,train
Hvqcs-hE-Yg,UC75cYKm6WbSk-se1deWaD0g,hsh,train
Hw25R3eWogc,UCjTS07KSdJpXz4NuWlD4-iQ,ase,train
HwAojQNf3-Q,UCGkggeR449U_G_ULi-Y0G0A,hsh,train
HwFAKSr-Sgs,UCBGcXoWqKM4zfexW8En5ANQ,ase,train
HwS_WeeRyX8,UCA7yuvsX0I5xX_SSXUJQJ1w,ase,validation
HwosSRu0OIE,UCWGuYPi8Y3th5vprfQQRE8w,ase,train
HwtT33WExn0,UC-8TBU8-W613NU2ysMh8DWQ,ase,train
Hy2N_KYeQjw,UCpLtzKe6f_CWcISIhdQ2ncA,ase,validation
HyGIBdTs9yg,UCaayieDFpDIZ1b_mspO_Rzg,ase,train
HzBsJb_5TmI,UC7JuChYmxhljc49dE3JG6Zw,ise,validation
I-dPVrFUAd8,UCWif2ls3MB_CDmg4z17y6tA,ils,train
I-pFrjk5Pus,UCWif2ls3MB_CDmg4z17y6tA,ils,train
I-sScDzLifk,UCoA3JvRkP1z3GE6x5jo6OzA,rsl,train
I-sqgWHeciw,UC75cYKm6WbSk-se1deWaD0g,hsh,train
I-yeHEAQ5aw,UChTbPO97Nt0OTDvqSBjhrVQ,isr,train
I0IhH7wFnzo,UCzhHskakNWzQ5YDeqoFI9zw,ase,train
I1JgozD7rqI,UC5H_CO6QGwd9hilVnfujz_w,bfi,train
I1USDWNtCnY,UCCBWup10InaMbVxOwQUQPnA,ase,train
I1fRAnAC-zE,UCgPgI0FiLs8v18146Suwo-w,csn,train
I1gmu84UGgU,UCHckc4mrMU9b7L4hxQeN5HQ,ssp,test
I1jNbIduU-c,UCgc-hm70E9B7nGIBaSldDZQ,ase,validation
I23wrzL25d8,UCJshVKXPVp-YDQ5X583NnKQ,sls,train
I2OjqgWcrSc,UC2PR8qRUoSfHTpSW80CRajQ,ase,train
I2QB9VQ302Y,UCS7wVohIwd66b95xyuw7DFQ,ase,train
I3-tpFEy28E,UCbxuU8g8XjTY-tvr4L1dgMQ,ase,train
I35NEzzhxBE,UCUW8O6cgrk68VO-ABksF8uw,ssp,train
I3LIdByVdas,UCdKUnIqbQF8GMG-WzlQ6kFg,ase,train
I3cFR4VwZhE,UCKSQtTJysJ4Ov59i5gf2DOA,ase,train
I3mXyi59Ses,UC5Xzq4Gg6mSNymC4xIaZg1g,ase,train
I3sF7CxH77U,UC-8TBU8-W613NU2ysMh8DWQ,ase,train
I4wSbXprh_M,UCVIbI5DOBbWvfeyOv1VmUkQ,ase,train
I5J57ZyEU-g,UCQqlp5pbCtnZFG22SvA8rrQ,ase,train
I5_JxiglNZE,UCKki8PhClHFEiaSdKNXxilQ,ase,test
I5hM3a-YOxc,UCkaVvxq4vAwZxRdMQJVBB-A,ase,train
I5iaySyJd7w,UCdKUnIqbQF8GMG-WzlQ6kFg,ase,train
I5w8IYpq8bM,UC2fTQSA7GccUUtG6RrJq9Hg,pks,train
I62SwMOpayI,UCRwPaAUrbOL4X7WgxZzIOpw,ase,test
I6P98PDHep8,UCAy7D9QAJRR-aH3LyZ5VOtg,bzs,train
I6jRClw-O6I,UCszvwqbz04iulT9divgrNHw,ise,train
I7HtEqpNhoA,UC75cYKm6WbSk-se1deWaD0g,hsh,train
I7Tcs-Q9404,UCkoIvNOwY3QUZjlyQGLkvJA,ase,test
I7i21BmN-ks,UC99w_Bzj8ikOz8Gpv0prbNg,ins,train
I8Ciuu5exhc,UCSMZ4td6mZMJVxJ2ow7zY4A,ase,train
I8GCdf2ibjI,UCzYnIt5D_Q2ICLfNmPRW-rQ,ase,train
I8kGV4OBAas,UCNMh0csop45XxYU0itusr1Q,jsl,train
I8sllqgzVXM,UChTbPO97Nt0OTDvqSBjhrVQ,isr,train
I9-lx790tDs,UC2fTQSA7GccUUtG6RrJq9Hg,pks,train
I9Flx8pHCP4,UC7PByT-DKjERtGRmxfyWvnw,ssp,train
I9Tc7OrTut0,UCgEYcVOHaAhiJV9WpWwtisQ,ase,train
I9u3zccXm94,UCWif2ls3MB_CDmg4z17y6tA,ils,train
IAXzs4m8VF4,UCT_ibOnQ79FD6UX9nUwl1Fw,ise,train
IB843xRXjVU,UCEWSRmvpG01dJegOmsrWbMA,ase,train
IBeed1Vp-fU,UCoA3JvRkP1z3GE6x5jo6OzA,rsl,train
IBzflrSq-es,UCUW9iqeKBSdegW5onoBnx_w,hsh,train
IC7Cr2bVUJ8,UC6OCXcxQ4yKoPfsUPWg99bg,ase,train
ICH_zqv7hZw,UC5H_CO6QGwd9hilVnfujz_w,bfi,train
ICM6oCxQleM,UCuseIvrm7VZrcUJipa5yw9g,ase,train
ICYvTcv6PPE,UC2fTQSA7GccUUtG6RrJq9Hg,pks,train
ICxeZHEeCFI,UCTKsrvPypyh3flFdEWqo53A,ase,train
ID31c82ZjdQ,UCLZ-LkPh14mi5FAhz4XZovg,asf,train
IDGFyW8NM0k,UCQJVI4-q2aT-9pSEmwtrMoA,ase,validation
IEB--56RMRc,UCTwn0S3x3B8LKuPFN3ooAyw,ise,validation
IET4fAzJ5I4,UCorj4-intk2Q9QVMBrlfQKw,ase,train
IEpB6fkbETI,UCqtaBrGzW-WzWVdhrjCBQ4g,tsm,train
IEquvs6P_sA,UCm-cLN9VreBJm7EMmX7VRVg,ase,train
IFSLiHFyV4Q,UCOgdPxUrBTUMJu7M-dkPGlg,ase,train
IFSrqZn30F8,UCyIjlBUwgXeKO6MZ2Ospaxw,jsl,train
IFzYjkTcTxU,UCUW9iqeKBSdegW5onoBnx_w,hsh,train
IG6SN6s2U9w,UC75cYKm6WbSk-se1deWaD0g,hsh,train
IGd_kk37xqg,UC75cYKm6WbSk-se1deWaD0g,hsh,train
IGqtNYY6nhY,UC75cYKm6WbSk-se1deWaD0g,hsh,train
IH366s0nnQc,UCqtaBrGzW-WzWVdhrjCBQ4g,tsm,train
IHPsKUZzHsg,UCXAivKbEyzTb5tqwEu2ZDcw,ase,train
IHQG8ySTNA8,UChTbPO97Nt0OTDvqSBjhrVQ,isr,train
IIXPTNX0l58,UCDsoH108wJ2A0GWVbv-laWA,bzs,train
IJ-N6Bk4Eg8,UCyK_P6PID7pzK6eEwBPCB0w,ase,test
IK52nhshVpI,UC1f5xYbrZxLkklmGkow7AgA,asq,train
IKbP27wKpSU,UCsEBkTy545q7ZQXmbRu1szg,ase,test
IKpAJCYYKA4,UC7fVfWv6FL7HeTFeSLz-muQ,ase,train
IL4dLta6pyg,UCSMZ4td6mZMJVxJ2ow7zY4A,ase,train
ILBKc7Mr6hM,UC-8TBU8-W613NU2ysMh8DWQ,ase,train
ILBPkE4Xrt0,UCvlog3G_774ibLZfyPI_yOg,bfi,test
ILIacJe7LJo,UClO2hO0t9tWsdgZmi_WQNkg,ssp,train
ILghWDjcppE,UCFcpIA0onxgAkdsh3K0gpeQ,ssp,train
IMF4hZKZ-bs,UCTKsrvPypyh3flFdEWqo53A,ase,train
IMTYz6UuvLM,UCsuBAbMlPGJ95w3mwhz-30g,ase,train
INCTc8BQ1GI,UC-gc7H_gu_IYUAxO2cu6STA,ise,train
INy1bioywno,UCqLGAeTQmlRVfLK6jAWvDxA,ins,train
IO4Mva8y3Ok,UCWPkrOk-WKilNHCrpXa17JQ,ase,train
IOIZgLB45o4,UCDL2Ug9aPMTAK0FDfWopZMw,ase,test
IOrjnNk0abQ,UCVCtmsq2MwxRAD5fdFeQp2Q,fse,train
IP8jDFTrf_E,UC-8TBU8-W613NU2ysMh8DWQ,ase,train
IPLiSzNeQEc,UC5H_CO6QGwd9hilVnfujz_w,bfi,train
IPvdPqJsDC4,UClP0YRrEHpWn3_Uv2XYb5Zg,ase,train
IPx9Fh9KpG8,UCsEBkTy545q7ZQXmbRu1szg,ase,test
IQ1WLw54Buk,UCzXNfOVXNYqjFPgMly-1AvQ,isg,train
IQ3IrIG-crc,UCEJNKEvE8_1oU8blVEKHLPQ,ase,train
IQESOS93-ZQ,UCaY5JjIf6cKZrynK9Oc3SYQ,asq,train
IQNJ_rJ_xls,UCLq0QAPYJRxb4hN3DlYe2tw,ise,train
IQaZrn2usCo,UCDivIPRtPf_EHSiRfkwkfZA,bfi,train
IQkm6hKP1Qw,UC75cYKm6WbSk-se1deWaD0g,hsh,train
IQrd0x5iruQ,UCaTMaFNkTiwgsSQ7FYaiaTQ,ins,train
IRdWn-MtRJ0,UCBRYgj8lhwnr9FrETyJbYEA,ise,train
IS0FR_xIPFM,UCuyQHJ4y76-i0w9N33vT-kg,ase,validation
ISF2kG_Ef4k,UCWif2ls3MB_CDmg4z17y6tA,ils,train
ISLin_EKbsM,UCMfjVHF5e9FHoXaJzFFcydA,asq,train
ISxr87AkzJM,UCy89ktopDzDfpINmpabEocQ,ase,train
ITKpoqXmZnA,UCEkZb0c0A8uM7ootuvLAXdQ,asf,train
IUUsIrIkzpA,UCuyQHJ4y76-i0w9N33vT-kg,ase,validation
IUu_jjLTOSE,UC75cYKm6WbSk-se1deWaD0g,hsh,train
IVJt6TDCpEI,UC85LK96DQppcG7tpcqCcvIw,ase,train
IVK-xLbNsqM,UCoA3JvRkP1z3GE6x5jo6OzA,rsl,train
IVeByiEwd14,UCVrxlDymBXjcCAn25axZc8Q,swl,train
IWGcDCqi0Hg,UCWif2ls3MB_CDmg4z17y6tA,ils,train
IWLHrE8823k,UCEp0rsZTbruVpumG5NLaNFA,ase,train
IWoXH_kicLU,UCwcJIfRFwLcZF_teq6A86dA,ssp,test
IX3RVG0Tzbg,UCQukMGEToh7Dcjsl8ZADaOw,ise,train
IXPHWcD2xpA,UCJqEwbw7MfINS4T-oQ47JuA,ise,train
IXdiwpewduo,UCGkggeR449U_G_ULi-Y0G0A,hsh,train
IXejedEY6uY,UCZy9xs6Tn9vWqN_5l0EEIZA,ase,train
IXuCXIgIuxw,UC7JuChYmxhljc49dE3JG6Zw,ise,validation
IYcJW3Ljc4Y,UCOOFfW09wYMF-8Iv509002g,ase,train
IYslZHtHbhU,UCY7IEMvav5pD9IrSKiw1oYQ,ase,train
IZ-o1ExOnC8,UCYogpIfU7-Cy19rDs1WnpaA,aed,train
IZKn-Atdyf8,UCS7wVohIwd66b95xyuw7DFQ,ase,train
IZZxj9rVMgo,UCTGJiY5brn-4Jf-0HvvqX5w,pso,train
IZyE4C0TH74,UCGA_v7SpsemO0DiImEfTyeQ,ase,train
IZymDfNCiH8,UCFfgJbY2jt4Notzk5M3baOA,asf,test
I_5V5rKxYzM,UC5Xzq4Gg6mSNymC4xIaZg1g,ase,train
Ia_6h6Qy0wM,UC2ugWoVg_NVMhBBolELMmog,ase,train
IbT6riBRWY4,UCU9-JSO05BcE6Q6nyHBKSqQ,ase,train
IbXfrEip2Jw,UCaTMaFNkTiwgsSQ7FYaiaTQ,ins,train
Ibt2jfdE55w,UCZOPP0d-F_0ptEYnUvrzgSQ,cse,train
Ic7OJIwPfG8,UCuyQHJ4y76-i0w9N33vT-kg,ase,validation
Idi3SqrBB5w,UC2fTQSA7GccUUtG6RrJq9Hg,pks,train
IevEtftOGlY,UCGhhfX1whq-oD7glWr2QVRw,ase,test
IeyCmcKjyzY,UCGqxgrClvEIdDHYnAjiIKcA,ase,test
Igh18-e5pfs,UC75cYKm6WbSk-se1deWaD0g,hsh,train
Ign3E2gCIZo,UC7rtwOJBv4c4PyIhSFvg3Hg,bzs,train
IhtTg_UUB-Y,UCUW9iqeKBSdegW5onoBnx_w,hsh,train
IhyAijElLW8,UCqtaBrGzW-WzWVdhrjCBQ4g,tsm,train
Ii5OcvEQmOc,UCx8jxChJznkRPJCE79qldOg,pso,train
Ii8h73fOyB0,UCtWSKOEuSUkcIjw_l8UjwlQ,ase,train
Ii9qoXG3bo4,UCDsoH108wJ2A0GWVbv-laWA,bzs,train
IiDbItEJjwE,UCT_ibOnQ79FD6UX9nUwl1Fw,ise,train
IiJ5Ca9T_ik,UCvxKhx5_FtaFaFQOqkSrkxQ,ase,train
IjT6MNGT-oA,UCgvywbxAcsgJr_gfpqKLXXw,pso,train
IkOhlA6syAQ,UCYzg0wpcnfC5euQ3Zlr-SJw,ase,train
IkSvlWIifFY,UC7JuChYmxhljc49dE3JG6Zw,ise,validation
IkVWUMFXZTg,UCizGctLgAahGlOvtSAKdq3g,jsl,train
Il1E4K2uZGI,UCOM_JRuoDUSKu68gp3-3IEQ,ase,train
IlDNyU-dCm4,UCQvV22JDufIzptqIn4YgTzA,ase,train
IlNHdBlIrAI,UCwc0xtGUmoxvjYzaZNYCnEA,ase,train
IlzSQ-FddtA,UCizGctLgAahGlOvtSAKdq3g,jsl,train
Im2tLZtQXkw,UCe2lcoNfWAp4bc0JySWnkmw,ssp,train
Im32xyiSSiE,UC75cYKm6WbSk-se1deWaD0g,hsh,train
ImXOLjT5e9o,UC5H_CO6QGwd9hilVnfujz_w,bfi,train
ImoZMipuv0w,UCqLGAeTQmlRVfLK6jAWvDxA,ins,train
Imp8F0qKXXc,UCFH2pdY2RtbrjlyomAGLmNw,ase,test
IoFYNFaymYU,UC99w_Bzj8ikOz8Gpv0prbNg,ins,train
IodBec1qFfE,UCSMZ4td6mZMJVxJ2ow7zY4A,ase,train
IomekhW8ly0,UCPLbPxCfLMeP0AkHgtuL63A,ase,train
IquuCm2hsvM,UCSZXCac1P0Eoz4jGr4bQKCA,ase,train
Ir-a4CE6H0M,UC75cYKm6WbSk-se1deWaD0g,hsh,train
Ir2zazkdv-M,UCu2tzqiuf92J2M_zaJK6_eg,ase,train
IrCHpHkkdqM,UCVrxlDymBXjcCAn25axZc8Q,swl,train
IrOTcIZgcro,UC5RrTOs35gE_w5625uGLSdA,kvk,train
IrQjFQD6pAk,UCB5VXzTf7UydbowaRHpkgKw,ase,train
Isas2LbJsSk,UCGkggeR449U_G_ULi-Y0G0A,hsh,train
IsbtE_3sN8o,UC4KyhBCXwO-aSXDN-QyeSmQ,ase,train
IsdV3E5thgk,UC4YGKoh-eM6i6a4XAhKtAWQ,ase,validation
IskKjx3y_1Q,UCHsDeQIX8fWO6CkCC6gsIsw,vgt,train
IsrSQ1DiFig,UCDivIPRtPf_EHSiRfkwkfZA,bfi,train
ItRKCZ2obaI,UCnygFPOSmqp53kAjYA03cnQ,slovenia,train
Ite7Vzd5FcY,UCmW6ihZmBKQGruMm4ALmzdw,fss,train
Iu0Wu3LcRQ4,UCaayieDFpDIZ1b_mspO_Rzg,ase,train
IvknnBGB8uQ,UCRwPaAUrbOL4X7WgxZzIOpw,ase,test
IwBrHGPh62w,UC5H_CO6QGwd9hilVnfujz_w,bfi,train
IwRQA0ZC8Ms,UCfaz727ukS3eFYNLysA9rRw,bfi,train
IwujeAxBH98,UCnygFPOSmqp53kAjYA03cnQ,slovenia,train
Ix681_P32S4,UC4SqFeQL9FsN2A-2cBbUS5g,bzs,train
IxGNzNOUlRo,UCAPKIo9ykV8iShMmG7c-BQA,swl,train
IxOORGfX5zE,UCLkAu8SzLCFW8k149fgEi7g,ase,train
IxRDOHsVkkg,UCuyQHJ4y76-i0w9N33vT-kg,ase,validation
IxT_x9VtERk,UCaDrIDvpB0HdFTkpdjTPwSQ,rsl,train
IxfNv3tc9U0,UCaHpmqlbEtpKQSwyUnE9PkA,jsl,train
IxoVGMriaWQ,UCqd6eos5-i46NbDH1uLWdFQ,bfi,train
Iy72orrZ8Zc,UCRRJlf5fd93oThu0726SNdw,csc,train
IyUXSfgvc48,UC7fVfWv6FL7HeTFeSLz-muQ,ase,train
IyVEIDZvF2g,UC99w_Bzj8ikOz8Gpv0prbNg,ins,train
IyxdOCt3PUM,UCfdT0WlvDerbcQ5E0CjJAZA,gsg,train
IzQWemYvtGU,UC6afchVrf0mTQOt5Gf-qRhw,bzs,train
J-0KHhPS_m4,UCuyQHJ4y76-i0w9N33vT-kg,ase,validation
J-SsY6NmGto,UC5Xzq4Gg6mSNymC4xIaZg1g,ase,train
J-WBxZA7QTw,UCDaXsbs4hNm7X1QC_X9aTMA,ase,train
J-XbMGaZOpk,UC75cYKm6WbSk-se1deWaD0g,hsh,train
J04FVaMgHMk,UCtQg9Sbtr1Kk0VFIXoyDWKw,ase,train
J0kgETaJw4A,UCPTbovTtAz9LaZOSHLkpq-A,aed,train
J0s2YWhWCDY,UC3MdmC5QW1ciTDxrgEeKeXg,ase,train
J1-jgqhA6Jc,UCtEQKl9hz1lNDG_dVnANxaQ,ase,train
J1MABt5JaZ0,UCFfgJbY2jt4Notzk5M3baOA,asf,test
J1UMgR_L6Og,UCs98soN6aBb6gnfbrLl-W0w,???,train
J1beK1tP4oU,UCDivIPRtPf_EHSiRfkwkfZA,bfi,train
J2H3Yg4y_fk,UC75cYKm6WbSk-se1deWaD0g,hsh,train
J2fM26waajQ,UC-_uxJSqfBKmSWcz4jeiY4w,ase,train
J2md7s2zVKk,UCgvywbxAcsgJr_gfpqKLXXw,pso,train
J354r4WTE0M,UCyIjlBUwgXeKO6MZ2Ospaxw,jsl,train
J37I0hex4LA,UC1G3g-bBbvVR5oyJO3QIV0w,jsl,train
J3Vwe2vZUKg,UCjc4_ncACVusJ6tZmtVJQjw,ase,train
J3aKqAG1V_Q,UCizGctLgAahGlOvtSAKdq3g,jsl,train
J4EGMC6753w,UCs98soN6aBb6gnfbrLl-W0w,???,train
J4WvetPFy6g,UCSMZ4td6mZMJVxJ2ow7zY4A,ase,train
J4cBmMw6JhM,UCs98soN6aBb6gnfbrLl-W0w,???,train
J4iaZSPRzis,UCizGctLgAahGlOvtSAKdq3g,jsl,train
J4r8oVbIYe8,UClGwi-fe-Yuz_799CPY5-cw,ase,train
J5JZ-mtel_8,UC7fVfWv6FL7HeTFeSLz-muQ,ase,train
J5SUlw9uD_Q,UCAPKIo9ykV8iShMmG7c-BQA,swl,train
J5kqkfw6nTw,UC55C6FrDNkoh1-S8tGHdCDw,ise,train
J61xRp61w5A,UC4KyhBCXwO-aSXDN-QyeSmQ,ase,train
J68PdRp2k3s,UCMZD9P87-3WVUl2-nPOQagg,bzs,test
J6KNFSnzJtI,UC75cYKm6WbSk-se1deWaD0g,hsh,train
J6MpJ6u-M-I,UCkS3uW63Bc1204hDS18Y_CQ,swl,train
J6W-QRND7ug,UCuyQHJ4y76-i0w9N33vT-kg,ase,validation
J6obbFAmNSU,UC5v4Ft_Lr11dCvtv1IpowEw,ase,train
J6vo-FDqO30,UC7fVfWv6FL7HeTFeSLz-muQ,ase,train
J6w_7P1Tw4I,UC1f5xYbrZxLkklmGkow7AgA,asq,train
J7fy88GTLKg,UCCrcJWNRAf4gvUvqXzwsk4g,dse,train
J8Lese2MdCw,UCUW9iqeKBSdegW5onoBnx_w,hsh,train
J9EYIt44vrI,UCe2lcoNfWAp4bc0JySWnkmw,ssp,train
J9HZ1JdV1Us,UC5brFv_uCw2v-hen_x85NUA,ase,train
J9R0syuaxKk,UCZy9xs6Tn9vWqN_5l0EEIZA,ase,train
J9dm6alv6uA,UC5Xzq4Gg6mSNymC4xIaZg1g,ase,train
J9nU2BfRkuY,UC99w_Bzj8ikOz8Gpv0prbNg,ins,train
JAanmiMbX2Y,UC7QNujTpyZqhFrP51eTA8uQ,hsh,train
JB-vtDygVlw,UCzsqnPh5wT90-cDvYiOp2eQ,ase,train
JB_KkJKKkTI,UCAPKIo9ykV8iShMmG7c-BQA,swl,train
JBlDsrKXdHo,UC99w_Bzj8ikOz8Gpv0prbNg,ins,train
JBufbfRRWwc,UCyjpMQ5wd2whW1BRGf9W2_g,ase,train
JCUfC3jltCs,UCVrxlDymBXjcCAn25axZc8Q,swl,train
JCgp1Z84Of4,UCUW9iqeKBSdegW5onoBnx_w,hsh,train
JCtX7lSSJHw,UComGRElAUtQBt2vXt7t_WQA,ase,train
JD1P9HiWUa4,UC28RC-sGjdGyTC4MtVQEMWQ,bzs,train
JGVTJKy0SeM,UCbdRgG-NhSwFlRV3MGVp_cQ,dse,train
JG_CNrtk-8Y,UCTwn0S3x3B8LKuPFN3ooAyw,ise,validation
JGb5qIiC6Ac,UCqtaBrGzW-WzWVdhrjCBQ4g,tsm,train
JGhi5HstDNY,UCufxp6ZwK8zEstJ4BISgG4A,ase,validation
JGnL9AZr4dE,UCDsoH108wJ2A0GWVbv-laWA,bzs,train
JHB30wMY27E,UCRnwGz8hAk9tsmRW3MBHUoA,gsg,train
JHSL5Gz_89U,UClf6uXqvt7z6Xr2wqGNxtwg,ase,train
JI8wR049sX0,UCRCDqgsq-8HhXvJTcnaIQMw,tsm,train
JIjh5s-oFB0,UCEPuAkI8Fx_dqb2RMoy00CA,asf,validation
JJ3P60OgHBk,UCO9zhhszyR4Av4WxwdBJs-Q,ase,train
JJTl_QGS9TI,UCVrxlDymBXjcCAn25axZc8Q,swl,train
JKdTptlkUnA,UC6OCXcxQ4yKoPfsUPWg99bg,ase,train
JKqCSg4aUAA,UCo6BkyB-xipWbTjUmWQgKcw,ase,validation
JKrgaEFWlEE,UC5-zrpxSrWLW9MEDLPTxTUA,ase,train
JLIPjxb-hXU,UC75cYKm6WbSk-se1deWaD0g,hsh,train
JLfufGhEP1w,UCHQTd-6-ZfNon0UFWX9SSig,ase,test
JM2OP2FJnPQ,UCO9zhhszyR4Av4WxwdBJs-Q,ase,train
JO-NgW1DJY0,UCe2lcoNfWAp4bc0JySWnkmw,ssp,train
JO2vCvIG_18,UCWif2ls3MB_CDmg4z17y6tA,ils,train
JPHWKa9ntkE,UC5RrTOs35gE_w5625uGLSdA,kvk,train
JPJoJDu3vhw,UC75cYKm6WbSk-se1deWaD0g,hsh,train
JPU7AP2vz6E,UC5H_CO6QGwd9hilVnfujz_w,bfi,train
JPlg_iUPHPs,UC75cYKm6WbSk-se1deWaD0g,hsh,train
JQNePXqXhjQ,UC75cYKm6WbSk-se1deWaD0g,hsh,train
JQS6J-3N9Vs,UC5H_CO6QGwd9hilVnfujz_w,bfi,train
JQVkykwxGuE,UCNwQV9aYkwmPaSrFXgrReiw,svk,train
JQhsbDp9QGU,UC99w_Bzj8ikOz8Gpv0prbNg,ins,train
JQsoZtZDB4c,UCWPkrOk-WKilNHCrpXa17JQ,ase,train
JQxeI-AVwhQ,UCA17q6v88p8FOlSDiWFkYyQ,bfi,train
JR1utQHZd5o,UC7JuChYmxhljc49dE3JG6Zw,ise,validation
JRBI3Qcndcs,UCAPKIo9ykV8iShMmG7c-BQA,swl,train
JRJEd_lktRY,UC75cYKm6WbSk-se1deWaD0g,hsh,train
JRQkkaX7yY4,UCWif2ls3MB_CDmg4z17y6tA,ils,train
JRhI1sNIEfM,UCL4ZEsnRRng4iKT4va2JN2g,ase,train
JSEX9At4NCk,UCERH7awdY3M-n5otvzurJkg,ase,train
JScZQ5Kc8so,UCFHkpbh0wCDFk7fAPbh5Suw,ase,train
JSebhjs_lrk,UCYWJdRpk2jOOZaqvXGVjkxw,ase,train
JSf4QLV4BVA,UCizGctLgAahGlOvtSAKdq3g,jsl,train
JSjbJRrZGHA,UC5DlHDgllsCedccuYebyo_g,ase,train
JSkgzibfLFU,UCTGJiY5brn-4Jf-0HvvqX5w,pso,train
JSwOlu_F-iw,UC75cYKm6WbSk-se1deWaD0g,hsh,train
JTEf5uz3z_Y,UCAPKIo9ykV8iShMmG7c-BQA,swl,train
JTPoJVELjrQ,UC-gc7H_gu_IYUAxO2cu6STA,ise,train
JTZhXX2Zvew,UCaayieDFpDIZ1b_mspO_Rzg,ase,train
JT_7RTEHqWI,UCe2lcoNfWAp4bc0JySWnkmw,ssp,train
JUMqK5vPgz0,UCLULAdF1-hor45QMG5DsjXQ,ase,train
JV9MCsMI1-0,UCzXNfOVXNYqjFPgMly-1AvQ,isg,train
JVRa_oXMxnQ,UC75cYKm6WbSk-se1deWaD0g,hsh,train
JVSfmvzX8Og,UCYWJdRpk2jOOZaqvXGVjkxw,ase,train
JVTPqImpmhQ,UC5H_CO6QGwd9hilVnfujz_w,bfi,train
JVubF86wMi4,UCDivIPRtPf_EHSiRfkwkfZA,bfi,train
JWAZaBRigjM,UCWif2ls3MB_CDmg4z17y6tA,ils,train
JWN1cR96URc,UC75cYKm6WbSk-se1deWaD0g,hsh,train
JWsRVtP8rf4,UCfrYaR1kmCHf8ddHb8O8niw,lls,train
JXROzsnWJqY,UCLUSM7sbFDJD4EeLCegPB1Q,pso,train
JXb9j01NNv0,UC_wh7CAHsakVopKtr8NnXsA,jsl,train
JXtXgBfjnuA,UCAPKIo9ykV8iShMmG7c-BQA,swl,train
JYCx1Gkys6I,UCJ1bzDU4vbuQTXbnOxcSl_g,swl,train
JYKmdZWYICk,UC55C6FrDNkoh1-S8tGHdCDw,ise,train
JYUUESLMlwQ,UC75cYKm6WbSk-se1deWaD0g,hsh,train
JYUk8DDSUTs,UCjJuQ_lsS8Eyee-yCmdFB6g,ase,train
JYgc6hpjqZY,UCK-n3cLst9SuYfxk7oNhrlw,ase,train
JYsvnxMudOg,UCzmbkrEzNrjWIrsvJ_UN2Pw,ase,train
JZA1HdACeO8,UCcKetdJqFvXWMkM0WSMKH2w,icl,train
JZAZIW2JwUQ,UC85LK96DQppcG7tpcqCcvIw,ase,train
JZD3Gvaa0_0,UCe2lcoNfWAp4bc0JySWnkmw,ssp,train
JZFvpiO5c10,UCOM_JRuoDUSKu68gp3-3IEQ,ase,train
JZRWyR9-dFA,UC3hOdPWDnQBs9NTt3y2fPRg,ase,test
JZwJPGUeoiw,UCe2lcoNfWAp4bc0JySWnkmw,ssp,train
J_aZ2P4eWSY,UC75cYKm6WbSk-se1deWaD0g,hsh,train
JaJWiCEmDQQ,UCaayieDFpDIZ1b_mspO_Rzg,ase,train
Jb6JQtqJZZ4,UC6b1zI_hrSg-1nAndUEapeQ,ssp,train
JcC83WAL1Nw,UCufxp6ZwK8zEstJ4BISgG4A,ase,validation
JcghlrvmXHY,UCSCwFQEjMmAZwT_x7tNAt7g,ase,train
JcnlOkm3ufA,UCmW6ihZmBKQGruMm4ALmzdw,fss,train
JdJiBy0vfGE,UCufxp6ZwK8zEstJ4BISgG4A,ase,validation
Jddk2kQxT04,UC7x0gXMnL58gq1hKLo1Ibqg,ase,train
JeZZTAIyNIw,UCRLLiAzad5ts5gQGcPwrTFQ,ase,train
JewPhp8Mdtw,UC129Vb3R9yWI03bhd1RrrRQ,ase,train
Jey2Vc4XNp8,UC4VHfRJHnbcGVLcr9vQIihQ,bfi,train
JfWFKcT8wPQ,UCuyQHJ4y76-i0w9N33vT-kg,ase,validation
JfhKHS2Sqbw,UC0jVtu9HO1ZJ3I7IF-zqxRQ,ase,train
Jg5jvXPo-PY,UCe2lcoNfWAp4bc0JySWnkmw,ssp,train
JgzL5RyR_IE,UC75cYKm6WbSk-se1deWaD0g,hsh,train
JhG5WRmhV8g,UCde7sxMcAxZMV-hFTcNcbMQ,ase,train
JhzT2xZ0BeY,UC75cYKm6WbSk-se1deWaD0g,hsh,train
Ji-1_33_5Ck,UCQJVI4-q2aT-9pSEmwtrMoA,ase,validation
JihV3Ht_wBg,UCGkggeR449U_G_ULi-Y0G0A,hsh,train
JjFdlGJhytI,UCC4RZThTgaepMZZS1CAHxwA,ase,train
JjZUVPb4jsI,UC1f5xYbrZxLkklmGkow7AgA,asq,train
Jjgh8fEi8oU,UC-gc7H_gu_IYUAxO2cu6STA,ise,train
JjxmHRHruB8,UC_9x0YFY3tQhHD1oxDriZ9g,sgg,train
JkuZqy3yeKc,UCsuBAbMlPGJ95w3mwhz-30g,ase,train
Jl7RJm2moZU,UC55C6FrDNkoh1-S8tGHdCDw,ise,train
JlFOZMKnCck,UCrjZxdIusulryZ8atHpndHw,ase,train
JlrU1GQ6UT0,UCFuu8KsC_I8RUWsRopecLOQ,bzs,validation
Jm4vnhqj4Q4,UCizGctLgAahGlOvtSAKdq3g,jsl,train
JmWBJOCCa7s,UC75cYKm6WbSk-se1deWaD0g,hsh,train
JmjB0jQSxz8,UCT_ibOnQ79FD6UX9nUwl1Fw,ise,train
JneN_T8wZO0,UCGkggeR449U_G_ULi-Y0G0A,hsh,train
Jo8Gx8YIhSI,UC7fVfWv6FL7HeTFeSLz-muQ,ase,train
JoGTHQY53rA,UCizMdOew80fbRcOk8uWUyTA,jsl,train
Jonv77HXHi0,UCD_l5RJmZlDqNI6gYACwOKQ,ase,train
Jp-ffGyNtCA,UC7JuChYmxhljc49dE3JG6Zw,ise,validation
Jp2_RgQRC4s,UCe2lcoNfWAp4bc0JySWnkmw,ssp,train
Jp_vDrJUhiA,UCDsoH108wJ2A0GWVbv-laWA,bzs,train
Jpofc9ISclw,UCTIBRINUegVQ_RtoLWTL-zw,rsl,train
Jre657dWfwQ,UC0UwRthhSbvihspoOxi2rEw,ase,train
Js2W7aWrht0,UCqtaBrGzW-WzWVdhrjCBQ4g,tsm,train
Js6opfCfsmA,UCFuu8KsC_I8RUWsRopecLOQ,bzs,validation
Js7iuPSHKjQ,UCQJVI4-q2aT-9pSEmwtrMoA,ase,validation
JsN9m07VDUU,UC2fTQSA7GccUUtG6RrJq9Hg,pks,train
JsXpKEY_mfU,UCDivIPRtPf_EHSiRfkwkfZA,bfi,train
Jsj32bB3WE8,UCk1VoxHx-HDqpTG4qUfCsnQ,asf,train
JszAE23lpfE,UCctnLMs5hWKC_qXO3xZE6XA,ase,train
JtPw-DVL4Rk,UCuyQHJ4y76-i0w9N33vT-kg,ase,validation
JtnkE_yZWYs,UCRLLiAzad5ts5gQGcPwrTFQ,ase,train
Ju2xf3mzcrc,UCs98soN6aBb6gnfbrLl-W0w,???,train
JuSTda_AeLg,UCYWJdRpk2jOOZaqvXGVjkxw,ase,train
JuTkqz0VNmg,UClv1kekXgC4s8Is-f1OBqQg,ase,train
JuTvaYdhgRE,UCszvwqbz04iulT9divgrNHw,ise,train
Jug8WeWwihs,UC75cYKm6WbSk-se1deWaD0g,hsh,train
Jv71lyI3feE,UCXoX5aPtcb02mt1LfY-4rOw,ase,train
JvIVuCzoARo,UCS_sxPSNGTfpkoa5nYEt-1g,ase,test
JvLFH-Iy6xA,UCQEaoawJajEBYTe1ozbVTUA,ase,train
JvUJ6h2lEIk,UC75cYKm6WbSk-se1deWaD0g,hsh,train
JvUr-LsqaF0,UCFfgJbY2jt4Notzk5M3baOA,asf,test
JwRgfVdT738,UCBRYgj8lhwnr9FrETyJbYEA,ise,train
JxPk7twvfLc,UC7JuChYmxhljc49dE3JG6Zw,ise,validation
JxS5KZViAeM,UCrorv-xu76u5ru5nca3bwHQ,ase,train
JyT1reZx-Qo,UC99w_Bzj8ikOz8Gpv0prbNg,ins,train
Jyb0yV7fFuA,UC8xDnYLS3EaMycxe3ZSUb5g,gsg,train
Jycw3co4j50,UCgEYcVOHaAhiJV9WpWwtisQ,ase,train
JyhSoF7OPd0,UC75cYKm6WbSk-se1deWaD0g,hsh,train
Jyq5qgWjoEU,UC99w_Bzj8ikOz8Gpv0prbNg,ins,train
Jzjaevj0SeU,UCKc4tr7djlPn1jc9IUlLw3w,asf,train
JzzLBzr1qoI,UCEkZb0c0A8uM7ootuvLAXdQ,asf,train
K-FDQnr13do,UCXwOXCSSrGU41dM2IaIubRw,swl,validation
K-FUAoGuBuY,UC4uM3CBUCkLqDwWoqvzOzFg,ase,train
K-UhU8qoKKI,UCLMEmb-pUA3tj3wXeOAVOnw,ase,train
K-VVO1GHpRo,UCjCBX_ZL4T0nCyq3AgFVsDg,asf,train
K-Xj0EnCgmI,UC75cYKm6WbSk-se1deWaD0g,hsh,train
K0AEGJpXCiI,UCkXMtRXcP9UznL6n7CWIS3Q,ase,train
K0BMqSzfWiY,UC2fTQSA7GccUUtG6RrJq9Hg,pks,train
K0bXkiWdulc,UC5S1zNP21fnH_xVERzTWuNg,ase,train
K14gL7b9zzw,UC7mjutpeJU1WVxtkGOvrDRg,ase,train
K1K9Yh0Bg_k,UCFQgb6Id4DNevMqqPVo_95A,ase,train
K1SJ2jqIMXQ,UC-8TBU8-W613NU2ysMh8DWQ,ase,train
K1_KqTEF-LQ,UCdbxRHakpoDaVCglFaNaFTg,ase,train
K1vAz1dcmAc,UCPNeYbg5gz7AYRCgg8vjhDg,ase,validation
K2ZmLI1t6rc,UC99w_Bzj8ikOz8Gpv0prbNg,ins,train
K3-GIS7o8SM,UCyIjlBUwgXeKO6MZ2Ospaxw,jsl,train
K3g_Jv3RrDo,UCSwgy2NOSgP1OCue5lh_vrw,ase,train
K4YNKliXmJ0,UCtCEoFMIllD5aOYneLrP4Vw,ase,validation
K4jYpSfvOpI,UCGisGwX9Mh6T6WrJsx-VjDg,pso,validation
K4lE4HHzK4s,UC75cYKm6WbSk-se1deWaD0g,hsh,train
K59HcPgEOXo,UCJzu69TgtBwVc03QEP9gL6A,rsl,train
K6Ea0u3AVwI,UCUW9iqeKBSdegW5onoBnx_w,hsh,train
K6kmvLQMqf4,UCs98soN6aBb6gnfbrLl-W0w,???,train
K7VYkNIzm0Q,UCAy7D9QAJRR-aH3LyZ5VOtg,bzs,train
K7aNaf5Yhs4,UCNo2VuP1bgQDqU9i5a4oTRQ,ase,train
K8FK3bGAkLo,UCQ_jW1xLUF7Sg711yXVvQPQ,ise,train
K8LahRY0o40,UCQJVI4-q2aT-9pSEmwtrMoA,ase,validation
K8T0-zeB3jc,UCyl2koki10uOzPU3chYrHuQ,ase,train
K8i0E_-nRN0,UChTbPO97Nt0OTDvqSBjhrVQ,isr,train
K9vt9xH20eU,UCcPn9hu99RkKTOVQi7nDyrw,eso,train
KAAKrDW6U8w,UCFfgJbY2jt4Notzk5M3baOA,asf,test
KAHh80lxSBw,UC7PByT-DKjERtGRmxfyWvnw,ssp,train
KAJXJs0fKVE,UCGLOly45we_1ZTXAXF7TZDA,asq,train
KAQYiaKUBBM,UCkaVvxq4vAwZxRdMQJVBB-A,ase,train
KAbwzM2WliE,UC5RXDE5hwwO_gXSa31_rgcQ,ase,train
KAi4Vtc825E,UC5H_CO6QGwd9hilVnfujz_w,bfi,train
KAnG6oAOH7Y,UCSNhfrkV9pxvUTAzfG6eu7w,ase,train
KAtczl27q9I,UCLq0QAPYJRxb4hN3DlYe2tw,ise,train
KAwmIpsN4JQ,UC52H_xHKrwnQRPb25kQtFCQ,ase,train
KB0o1D_9JRY,UCRwPaAUrbOL4X7WgxZzIOpw,ase,test
KBHa81o9dv8,UC75cYKm6WbSk-se1deWaD0g,hsh,train
KBSeoGIxJLo,,ase,unassigned
KBfo3BrCg1Q,UC75cYKm6WbSk-se1deWaD0g,hsh,train
KCBktOKTi7A,UC75cYKm6WbSk-se1deWaD0g,hsh,train
KCWAvcqjHe4,UC5H_CO6QGwd9hilVnfujz_w,bfi,train
KCb524h-cw0,UC8OKpHNnR0w4yNlp-wxZevg,ase,test
KCtDadxXZso,UC75cYKm6WbSk-se1deWaD0g,hsh,train
KCukh6JKXSM,UClf6uXqvt7z6Xr2wqGNxtwg,ase,train
KD-7kXYzmls,UCGoMw1fmVX0m5_qMsYG4A3g,ase,train
KDLkF0nD5KQ,UCJDZUpRa1-sh6vg3aA9LBtg,fsl,train
KDjkDzshVuw,UCGkggeR449U_G_ULi-Y0G0A,hsh,train
KE8ODL18bOY,UC8dHtefYYC4TmhRS_0qtKTA,bzs,train
KF0d1Ol9H6g,UC9UOORnRlRi5BhwQclMP1wg,lls,train
KF0g0HTGtQM,UCuseIvrm7VZrcUJipa5yw9g,ase,train
KF0jBQxVEiw,UCxie1H5Lzl5NFsMmAjzs9qQ,fse,train
KF5WKyyi8Qo,UCFuu8KsC_I8RUWsRopecLOQ,bzs,validation
KF5gEAch6ys,UCzRCa1CaqSk2zGn0LlLHnlQ,pso,train
KFyhxfSOxS8,UChIBEXStFmBeqKWI3uJmtTw,ase,train
KG-3sR0JOcI,UC75cYKm6WbSk-se1deWaD0g,hsh,train
KGHiLekcEwo,UCJTxt93QklvuM3jgR273y0Q,ase,train
KHHEsoAXYrg,UCYogpIfU7-Cy19rDs1WnpaA,aed,train
KHHjunqyVAg,UCAPKIo9ykV8iShMmG7c-BQA,swl,train
KHM-mgFuisA,UC7fVfWv6FL7HeTFeSLz-muQ,ase,train
KHkC2G_VEkI,UC75cYKm6WbSk-se1deWaD0g,hsh,train
KIEWShJUetc,UCEPuAkI8Fx_dqb2RMoy00CA,asf,validation
KIN-TbR5NjA,UCqtaBrGzW-WzWVdhrjCBQ4g,tsm,train
KJ2VmWkblLE,UCqLGAeTQmlRVfLK6jAWvDxA,ins,train
KJb_wB6UgSs,UC-6FZWLxrZE2YtmBINdDcgA,ase,train
KJhsAUZHYGo,UC75cYKm6WbSk-se1deWaD0g,hsh,train
KKAG2sMddZ8,UCeM9ju-z8IoVGomUJHd7DLQ,pso,train
KKy3-A1erOw,UCe2lcoNfWAp4bc0JySWnkmw,ssp,train
KLtM7Wk4DRE,UCQukMGEToh7Dcjsl8ZADaOw,ise,train
KMUweX7EpV0,UCxXNQXeKVXcwX3AH7O2l9lg,gsg,test
KN8CvuG_6v4,UC7grq7w27wu0zllsk4kBiFA,ase,validation
KNTNSt7PT9Y,UC75cYKm6WbSk-se1deWaD0g,hsh,train
KOLuvQOd0gk,UC3Z-XjH9KLIvQwU9J4-erSg,swl,train
KOf3fkl3jpc,UCs98soN6aBb6gnfbrLl-W0w,???,train
KOo1IajCSUg,UC_wh7CAHsakVopKtr8NnXsA,jsl,train
KOpA7uq5Yxw,UCfY_uBhH841gxpS0FhUqzvw,ase,train
KOwol6qds8M,UCszvwqbz04iulT9divgrNHw,ise,train
KP-2YJIkohc,UCHWGrg1onMlNiEiC5nq0y7g,gsg,train
KP4du70tu8k,UCOuE0zw9VItn-Bv71BNeBVQ,fsl,train
KPWp_S8fo-A,UCSMZ4td6mZMJVxJ2ow7zY4A,ase,train
KPWxcoLTCG8,UCaTMaFNkTiwgsSQ7FYaiaTQ,ins,train
KQ60g2KCDys,UCoA3JvRkP1z3GE6x5jo6OzA,rsl,train
KQ8XoQZFI78,UCqtaBrGzW-WzWVdhrjCBQ4g,tsm,train
KQUI6kT-rrw,UCYogpIfU7-Cy19rDs1WnpaA,aed,train
KQky_A77M7g,UCPTe3L3j5OQYlKrf763OSNA,ase,train
KRH6iDbJKc8,UC75cYKm6WbSk-se1deWaD0g,hsh,train
KRQDLq73Q-g,UCHxXEdeyNIfqhj3I1RQVEXw,ase,train
KRbdfFkoxu0,UCRwPaAUrbOL4X7WgxZzIOpw,ase,test
KRjHQUuqh_s,UCSfqYeUXjD3_cO2XiZxO6Vw,hks,train
KRr4hU1CZeo,UC5H_CO6QGwd9hilVnfujz_w,bfi,train
KS1s1NFLcQI,UCGraJRRgr70tI4kjoDnG9sQ,ase,train
KSNr8m7pH64,UC3N0FthuGXdS-HTtylzYM_w,ase,test
KSUaEoJPNic,UCFcpIA0onxgAkdsh3K0gpeQ,ssp,train
KSkNeSZSlWw,UCQJVI4-q2aT-9pSEmwtrMoA,ase,validation
KSmFyrhmHbk,UC99w_Bzj8ikOz8Gpv0prbNg,ins,train
KSmLUi9XPWE,UCA7PN1Q3WJ7_grrkbqqmAZg,ase,train
KT3Ic56motk,UC5H_CO6QGwd9hilVnfujz_w,bfi,train
KT8jSO_nR8c,UC2ko8jd4wJNPJuAI6Y6R12w,ase,train
KTURNRi-wy0,UCyl2koki10uOzPU3chYrHuQ,ase,train
KTkhqNN38JU,UCxY04Hvtx9_b6Sq_5uBQVWw,ase,train
KTnPl_iucHg,UCyAPbimBAxWyMA0t96UTbbg,svk,train
KUH0kgpx_0c,UCFfgJbY2jt4Notzk5M3baOA,asf,test
KUOBpp4QgLs,UC2fTQSA7GccUUtG6RrJq9Hg,pks,train
KUSj-Xk-CBU,UCuseIvrm7VZrcUJipa5yw9g,ase,train
KUfYNxNxO0s,UC3hOdPWDnQBs9NTt3y2fPRg,ase,test
KUuywjL0H70,UC6cIFkGZUkjUMovxdvhaeNg,ase,test
KVBnF8kFlP0,UCjMNgAHpmS8hDCYZ1tUCPPg,bfi,train
KVCxrJrM_vQ,UCaVlD3iSYMf35smXZswfteA,ase,train
KVU3fsCucSw,UCizGctLgAahGlOvtSAKdq3g,jsl,train
KVaTVJfl01A,UC7JuChYmxhljc49dE3JG6Zw,ise,validation
KW7GMZvZSdY,UCuyQHJ4y76-i0w9N33vT-kg,ase,validation
KWA8-TxsEH4,UC28RC-sGjdGyTC4MtVQEMWQ,bzs,train
KWDVmYuUGEY,UCjCBX_ZL4T0nCyq3AgFVsDg,asf,train
KWI-daG53Bw,UC5Xzq4Gg6mSNymC4xIaZg1g,ase,train
KWOGroRQYFo,UCfkSoGb96WUT7ABsHPej9Bw,sls,train
KWWJaQVx7hs,UC99w_Bzj8ikOz8Gpv0prbNg,ins,train
KWg1K7I1-jA,UCze42SSwKeotHUSIJS6MPcA,ase,train
KWm8xh30H64,UC99w_Bzj8ikOz8Gpv0prbNg,ins,train
KXUlg9e68CU,UC-8TBU8-W613NU2ysMh8DWQ,ase,train
KY-NsSRwwKQ,UC12nJ6vprm4pLeefoZjQSKw,ase,train
KYHxK5gh4IE,UC4KyhBCXwO-aSXDN-QyeSmQ,ase,train
KYIiSzYyf3M,UCFcpIA0onxgAkdsh3K0gpeQ,ssp,train
KYTwxjXHkI8,UC7fVfWv6FL7HeTFeSLz-muQ,ase,train
KZ0LgCeN9JU,UCcD4ou_0CcbWTRPtNhX43_g,psp,train
KZSOf4ffSRM,UCrcYjoyYuUQhxwlX69cCn4Q,ase,train
K_42Nwr7to8,UChTbPO97Nt0OTDvqSBjhrVQ,isr,train
K_DIOaIE9MQ,UCJO__dNjxupBKIdiTqkSGSw,ase,train
K_L4B4u6L7Y,UCaayieDFpDIZ1b_mspO_Rzg,ase,train
K_SvLT8hmk0,UCO9zhhszyR4Av4WxwdBJs-Q,ase,train
K_uDIkvOOoY,UCBRHakzZJTj96JM8Q0K6JuA,ase,train
Kaj-8L1SlfE,UCzxWduRjGn_A8rEf_-FtL5Q,pso,train
Kamp-mD_PIQ,UCFfgJbY2jt4Notzk5M3baOA,asf,test
KaxVbljpeeg,UC85LK96DQppcG7tpcqCcvIw,ase,train
Kb70JhnVwFg,UC75cYKm6WbSk-se1deWaD0g,hsh,train
Kb9CGWVN76o,UCjVpsnDflFe9dOWZWlnxUrA,ase,train
KbKSZDvMut8,UChTbPO97Nt0OTDvqSBjhrVQ,isr,train
KbiuzJ0sFS0,UCKki8PhClHFEiaSdKNXxilQ,ase,test
KbpCg5KkMcE,UCk1VoxHx-HDqpTG4qUfCsnQ,asf,train
KcoHDOlE7_I,UCsuBAbMlPGJ95w3mwhz-30g,ase,train
Kd_PaCEERgw,UCGkggeR449U_G_ULi-Y0G0A,hsh,train
Ke2_CdjNA2I,UCDaXsbs4hNm7X1QC_X9aTMA,ase,train
KeHI_4LD2m0,UC75cYKm6WbSk-se1deWaD0g,hsh,train
KeNKj1JEFq8,UChTbPO97Nt0OTDvqSBjhrVQ,isr,train
KenoMJ6F7IM,UCYnxGaBJ2NrdBhjqjW1mtFQ,kvk,train
KeoMgoxP75o,UC75cYKm6WbSk-se1deWaD0g,hsh,train
KexWgq7FoRg,UCuWZOPSRaa6vQQKfyB_W5OQ,ase,train
Kf2Ho7hvtC8,UCQhOtzmEDcf4XZk-vYf9hYQ,ase,train
KfB7dwSROl0,UC0jdsYSKy1VNhKw79mw0RsA,ase,train
KfM50Ko99Bw,UC1_mYJhSjSZ6DwfZoXlsPwQ,ase,train
KfjX6abm0Ak,UCFJLzd1pDjTJgPPHCpDfAwA,ssr,train
KflCyfH06Vw,UCfkSoGb96WUT7ABsHPej9Bw,sls,train
Kfqe_dJFzbg,UCszvwqbz04iulT9divgrNHw,ise,train
Kft9k73zJOQ,UChTbPO97Nt0OTDvqSBjhrVQ,isr,train
KftSv0EwaZs,UCSZXCac1P0Eoz4jGr4bQKCA,ase,train
KftfxuFLhW4,UCgSwPvGEI4aa1Wbf-iAXrlQ,ase,train
Kg117IiEWHo,UCWif2ls3MB_CDmg4z17y6tA,ils,train
KgKL7tHf3cI,UC75cYKm6WbSk-se1deWaD0g,hsh,train
KgQjhGEOvM4,UCufxp6ZwK8zEstJ4BISgG4A,ase,validation
KgVKJcF2KhY,UCDsoH108wJ2A0GWVbv-laWA,bzs,train
KgWo97A5RXI,UC7QNujTpyZqhFrP51eTA8uQ,hsh,train
KhFnJTQjAlM,UC99w_Bzj8ikOz8Gpv0prbNg,ins,train
KhMneUIC-zA,UCaY5JjIf6cKZrynK9Oc3SYQ,asq,train
KhmaIScbL_U,UC9Mlde3s6DC7SQfCNKfcKUg,ase,train
KiDjsnif4KU,UC_9x0YFY3tQhHD1oxDriZ9g,sgg,train
KiZNt-OfVIk,UCtNzaXLidpJaW5MMa38BpLg,ase,train
KicFSODOGks,UChY2KbksFUNoMCEP9ZiIs-A,ase,train
KimFlnzV5WY,UCLoFeIaIBe4ZjEpy_pU1reA,ase,train
KjWbYtew1NQ,UCEPuAkI8Fx_dqb2RMoy00CA,asf,validation
Kj_r27A9CF8,UCppxww7ZhWANg9ylM04i-3g,ase,train
Kk-seL4U4RM,UCYyRpJBseu43EojDdSUcSyA,ase,train
KkOhYpLIPIw,UC4KyhBCXwO-aSXDN-QyeSmQ,ase,train
Kkb0MjSN1Hk,UCUW9iqeKBSdegW5onoBnx_w,hsh,train
KkikPF20FxU,UCtjEjgYtRZWFL9pWa4yxtXg,jsl,train
KlQ1YBnMyKM,UCyl2koki10uOzPU3chYrHuQ,ase,train
KlUCciNJmIQ,UC75cYKm6WbSk-se1deWaD0g,hsh,train
KlhA4GXkbDQ,UCSEb5to-ht-mITMF_VP4zqw,ase,train
KlqRSPRvFLc,UCe2lcoNfWAp4bc0JySWnkmw,ssp,train
KlvOJXuBYTA,UCfEalJW91FE9BDH9xUVDvvg,ase,train
KmFzBq_dXmo,UCqLGAeTQmlRVfLK6jAWvDxA,ins,train
KmLxqgMr21o,UC75cYKm6WbSk-se1deWaD0g,hsh,train
KmgyChXgbgo,UCw8k42lRa3GdqXEF3lFL34w,gsg,train
KmjrJJLnzAg,UCcLRc_9b-3-maYyPM8p1rGg,aed,train
KmxzU-_WLn8,UCQukMGEToh7Dcjsl8ZADaOw,ise,train
Kn9M4njDZQU,UCW2eDYFQkF_gnDj8nelNpTA,ase,test
KnFILxdiAN8,UCqtaBrGzW-WzWVdhrjCBQ4g,tsm,train
KnTZqxXorM4,UCqLGAeTQmlRVfLK6jAWvDxA,ins,train
KoBvn8schEQ,UCMZD9P87-3WVUl2-nPOQagg,bzs,test
KoawSh5R8wI,UCfY_uBhH841gxpS0FhUqzvw,ase,train
KpFSHOE2UAQ,UCAPKIo9ykV8iShMmG7c-BQA,swl,train
Kpgkzgxetgs,UCmzoIHeCQkAa7dWEeGsTRbQ,ase,train
KptesJmuRw8,UCGkggeR449U_G_ULi-Y0G0A,hsh,train
KptgAVraUTc,UCrQ1mDU-2-T-jJoBK6P9OyA,ase,train
KpznTV4Omz0,UCqd6eos5-i46NbDH1uLWdFQ,bfi,train
KqP4T2rvpy8,UCWif2ls3MB_CDmg4z17y6tA,ils,train
Kqc2bDXWJW4,UCEPuAkI8Fx_dqb2RMoy00CA,asf,validation
Kqh_bNdVQNk,UCUW9iqeKBSdegW5onoBnx_w,hsh,train
KqiBEAQbyv0,UC75cYKm6WbSk-se1deWaD0g,hsh,train
KqlI4bdB16M,UCGkggeR449U_G_ULi-Y0G0A,hsh,train
KrSzS-XdMNc,UCWif2ls3MB_CDmg4z17y6tA,ils,train
Krh9pnlJWNI,UC4tTvsYt5st9KqtG0xYm1jA,ase,train
KroImfKZ6yU,UCNSimliLCmvTe_RNcFdRVFw,ase,train
Kru-5DrcU-k,UC00w49_nb3oRX8rC5sGFdxQ,sgg,train
Ks2ozJL3ci8,UCAPKIo9ykV8iShMmG7c-BQA,swl,train
Ks9uXtJkiKw,UCSDf7TIwdqLAB2l6H8foi2Q,ase,train
KsFfOmPanTc,UC4hKAY36ZwFrW14iaPyOw-g,sls,train
KsJLi0YvRLo,UCGkq72-SPOz-qhbHVttJnEA,ase,test
KsK2yOVqII4,UC-_uxJSqfBKmSWcz4jeiY4w,ase,train
KsO9CBmLw6c,UCKd4z9Y9PKEW-0rT6c2kIew,ase,train
KsbzahnCzNI,UCFfgJbY2jt4Notzk5M3baOA,asf,test
KsvdFnvMNAA,UCc-yg2OdlKtaAQw3SsvLHwA,ase,train
Kt6k75pNqik,UCQ_jW1xLUF7Sg711yXVvQPQ,ise,train
KtJpn0JjNso,UCN-A_lQl6uGuQi8vOvBgrSA,bfi,train
KtbsAj4epCk,,ase,unassigned
KtrNMqx_jPs,UC75cYKm6WbSk-se1deWaD0g,hsh,train
Ku3A4amaYa0,UCWVUF_aLbNrR_ObLwWZcU2Q,fsl,train
KuJ6BLcNzCA,UCgSwCawfopWlRFmD9PRaVdA,ase,train
KuRgh0BX1hw,UC9Wf_r2PVQbIR7XbiIN5fgw,ase,train
KuUFDqmp1vY,UC75cYKm6WbSk-se1deWaD0g,hsh,train
Kub5i7ucF5g,UCCkAfmCTGkgJi3QlB_6vkqw,jsl,train
KupNo63Ujus,UCou2pDYj7Soe9GfraVv74uQ,ase,train
Kuq0G9Gscc0,UC2KiaiFBcd9f5OMKO72uAaw,bfi,train
Kur1tStcO0I,UC85LK96DQppcG7tpcqCcvIw,ase,train
Kuy3GvMIWTo,UC3Z-XjH9KLIvQwU9J4-erSg,swl,train
KvJyEC0ME94,UCFHkpbh0wCDFk7fAPbh5Suw,ase,train
KvR90xRUA7g,UCaDrIDvpB0HdFTkpdjTPwSQ,rsl,train
KvcYdaasaiE,UCLB6I_tLs5ardhO_HRyKN0A,swl,train
Kw2usnWWP9g,UC75cYKm6WbSk-se1deWaD0g,hsh,train
KwFsOVGZP8c,UChTbPO97Nt0OTDvqSBjhrVQ,isr,train
KwGmHcbt218,UCzy0xBebzv0zaqhvuLbUWgQ,ase,train
KwHnckeZ5Jg,UCDRIKox5aKmzAMnWj4pAfOA,bzs,train
KwIpeqy_aBM,UC75cYKm6WbSk-se1deWaD0g,hsh,train
KwNTK-GCaYU,UCDsoH108wJ2A0GWVbv-laWA,bzs,train
KwSSKKLzEK4,UC0UwRthhSbvihspoOxi2rEw,ase,train
KwafsRFGiOo,UCqtaBrGzW-WzWVdhrjCBQ4g,tsm,train
Kww_ow7Fwq4,UCo-gfpHpOoytC793Ahvtm0Q,ase,train
KxYs4Xe3bUE,UC_wh7CAHsakVopKtr8NnXsA,jsl,train
KxmBtZT_3pU,UCGoMw1fmVX0m5_qMsYG4A3g,ase,train
KxpNsI2uB1s,UCWif2ls3MB_CDmg4z17y6tA,ils,train
Kxt12orszMI,UCXuTK8atuQJiJ-qLHbjgaag,bzs,train
Ky1RDSEGyu0,UCcKetdJqFvXWMkM0WSMKH2w,icl,train
Ky2zcNXrtsQ,UCGisGwX9Mh6T6WrJsx-VjDg,pso,validation
Ky3lfAmtKdc,UC75cYKm6WbSk-se1deWaD0g,hsh,train
KyvMN7B0Vs8,UCLWOJcqJyfsQXsqaJiOLZnw,ase,train
KyvP9cpGF_8,UC75cYKm6WbSk-se1deWaD0g,hsh,train
KyyFjUIUH2c,UCjCBX_ZL4T0nCyq3AgFVsDg,asf,train
KzZsYKngjrg,UCvlog3G_774ibLZfyPI_yOg,bfi,test
L-10A_noFeI,UCuyQHJ4y76-i0w9N33vT-kg,ase,validation
L-iv_Wgzj2Y,UCaayieDFpDIZ1b_mspO_Rzg,ase,train
L-wILNDkmy8,UCD9dMcimpi3FogilETOqGzQ,ase,train
L02n8mMiCW8,UC2fTQSA7GccUUtG6RrJq9Hg,pks,train
L03JWrinnRg,UC85LK96DQppcG7tpcqCcvIw,ase,train
L0S6owNYRQ8,UCWif2ls3MB_CDmg4z17y6tA,ils,train
L0U7sWKpiYo,UCUeCjB_U3zfmcYB3i9kF6fQ,ase,train
L0bOhsefhVc,UCY7IEMvav5pD9IrSKiw1oYQ,ase,train
L1AxyQ8Vz6o,UC5H_CO6QGwd9hilVnfujz_w,bfi,train
L1PbBfC0mX8,UC7PByT-DKjERtGRmxfyWvnw,ssp,train
L1V5CciRLeQ,UCeGnNTP0aHlTiOKlINLE5Pg,bfi,train
L1WhN2fFczs,UC75cYKm6WbSk-se1deWaD0g,hsh,train
L1hwZSFkUBo,UCcKetdJqFvXWMkM0WSMKH2w,icl,train
L1liqXocC-A,UCzxWduRjGn_A8rEf_-FtL5Q,pso,train
L1wH9idCe8g,UCsuBAbMlPGJ95w3mwhz-30g,ase,train
L2Hte4EazV4,UChN3EH7OlmSSLPoGPPjZ7qA,ase,train
L2KJpnXWlU0,UC5Xzq4Gg6mSNymC4xIaZg1g,ase,train
L2zGI_o-uYs,UCQJVI4-q2aT-9pSEmwtrMoA,ase,validation
L3DriqMqxd0,UC9UOORnRlRi5BhwQclMP1wg,lls,train
L3FzFtUfZl0,UCPgIzfHK5zkJXIygSEjxO4Q,icl,train
L3YER6UhQLk,UCAPKIo9ykV8iShMmG7c-BQA,swl,train
L49Pb2AVB4U,UCtWSKOEuSUkcIjw_l8UjwlQ,ase,train
L4KEU4IcxY4,UC8dHtefYYC4TmhRS_0qtKTA,bzs,train
L4aowDZlVUc,UChBZW-dB0I04raHsXu8hK2w,ase,test
L4b8OlIFq1Y,UC5H_CO6QGwd9hilVnfujz_w,bfi,train
L4iufVZTBlU,UCe2lcoNfWAp4bc0JySWnkmw,ssp,train
L4rHNOcDXQs,UC_UrP9dLp5R3wYJhqqz2btg,jsl,train
L566uVfOnJs,UCTKsrvPypyh3flFdEWqo53A,ase,train
L5BO8iNo8JI,UCWif2ls3MB_CDmg4z17y6tA,ils,train
L5UomFSIh-0,UCPTbovTtAz9LaZOSHLkpq-A,aed,train
L5XEZweOcmQ,UCuyQHJ4y76-i0w9N33vT-kg,ase,validation
L68SkmewDnI,UCaayieDFpDIZ1b_mspO_Rzg,ase,train
L6ryUlDubrM,UCPTbovTtAz9LaZOSHLkpq-A,aed,train
L6z9RcP7etc,UC5sI0JAZTrv1Hl2TDr51Znw,ase,train
L75VjG4kY6s,UCNMh0csop45XxYU0itusr1Q,jsl,train
L7Uk9okYz6o,UC85LK96DQppcG7tpcqCcvIw,ase,train
L7fqCdYTqpo,UC52H_xHKrwnQRPb25kQtFCQ,ase,train
L8EFyldtYP0,UCuLgHM31H7PmEAY92jBSU_Q,jsl,test
L8K4GNTMZrw,UCR_-CWbo1ZhNsQLyzKJL7DA,bzs,train
L8WO9r43i2Y,UCfLul2uPakgQyTab23cYB7Q,ise,train
L9bZmhnDtIc,UC2fTQSA7GccUUtG6RrJq9Hg,pks,train
L9iHYHc-VFw,UCuyQHJ4y76-i0w9N33vT-kg,ase,validation
L9meIwfo81w,UCPTbovTtAz9LaZOSHLkpq-A,aed,train
L9t14ll3FbU,UChTbPO97Nt0OTDvqSBjhrVQ,isr,train
LA0rRzQ0Cak,UCsISj8VNUUVr03sV4bkxWWw,pso,train
LBMJS02Wnig,UCs98soN6aBb6gnfbrLl-W0w,???,train
LC4lJD54_HA,UCuyQHJ4y76-i0w9N33vT-kg,ase,validation
LC9-muAELto,UCqLGAeTQmlRVfLK6jAWvDxA,ins,train
LCwcm44Fk9I,UCqLGAeTQmlRVfLK6jAWvDxA,ins,train
LCyOEmUs7vc,UCTGJiY5brn-4Jf-0HvvqX5w,pso,train
LDOiYJfu5FY,UCQJVI4-q2aT-9pSEmwtrMoA,ase,validation
LDUl-5ah4ss,UC7JuChYmxhljc49dE3JG6Zw,ise,validation
LE6aDL0kvlk,UCxie1H5Lzl5NFsMmAjzs9qQ,fss,train
LEBG2JVIuJA,UC85LK96DQppcG7tpcqCcvIw,ase,train
LELS_izhnag,UC0xB_dnJdbacxsMqC2WzbDg,ase,validation
LEsJmaQglaU,UC99w_Bzj8ikOz8Gpv0prbNg,ins,train
LFKQ-BSzmkw,UCYshY8Yf21rtt-eSrAyjlUg,ase,train
LFQ-8lQUPfM,UCA2H_91fntTz1lHMJ2RrlAg,ase,train
LFSBW3Hm2PY,UC75cYKm6WbSk-se1deWaD0g,hsh,train
LFb9P5Hem9s,UCqLGAeTQmlRVfLK6jAWvDxA,ins,train
LFf9TxPZ2Xs,UCyl2koki10uOzPU3chYrHuQ,ase,train
LFubuSAVtDk,UCM4pnQ1jk6UCyGDfvakbFpg,ase,train
LFw8mfc70yc,UCuseIvrm7VZrcUJipa5yw9g,ase,train
LG4QgtDgLdY,UC-gc7H_gu_IYUAxO2cu6STA,ise,train
LGBY0r2DRPQ,UCGisGwX9Mh6T6WrJsx-VjDg,pso,validation
LGdxCOA3cII,UCnLyStT8jaUrbubLXvoSV-g,ase,train
LGfVN7vLJvU,UC3p9-cdApmRUOgQ4-M4P01w,ase,train
LGv75Bbl3CU,UCLHnmSiJ5C_yWQktENSwvAA,ase,train
LH5Vq-QN_xc,UCOuE0zw9VItn-Bv71BNeBVQ,fsl,train
LHArOGWMhHg,UCsyOGLR4B9uT-O0P3J9M9Bw,ase,train
LHQ_vfzUUvc,UCKc4tr7djlPn1jc9IUlLw3w,asf,train
LHdfUU7w2eI,UCOmaLRDfWUbffkimbmY9cew,kvk,train
LHj674kHGKo,UC7fVfWv6FL7HeTFeSLz-muQ,ase,train
LI7A5egs-hQ,UCGraJRRgr70tI4kjoDnG9sQ,ase,train
LICIj8ITAGA,UCpTQy0LyP68CNVkvGa4WmDg,ase,train
LIFkY7Q0tQ8,UCDaXsbs4hNm7X1QC_X9aTMA,ase,train
LIKw1EbSdyU,UCK4l01VdkIXI3lA9ey1gUAA,icl,train
LIWxCj3t4Ok,UCPNeYbg5gz7AYRCgg8vjhDg,ase,validation
LIsAsrs7Oog,UCVCtmsq2MwxRAD5fdFeQp2Q,fse,train
LItziFlJnzg,UCAPKIo9ykV8iShMmG7c-BQA,swl,train
LJEywSnkODo,UCzXNfOVXNYqjFPgMly-1AvQ,isg,train
LJNvda_mVv0,UC75cYKm6WbSk-se1deWaD0g,hsh,train
LJdtuZRuG9A,UCjtd9mJ1HjP1gHsjsm7v0RQ,lls,train
LJvnAu2RLj4,UC5H_CO6QGwd9hilVnfujz_w,bfi,train
LK7Ne_jAGDw,UC5H_CO6QGwd9hilVnfujz_w,bfi,train
LKO_1dsV7Mc,UCC-n9JB45R7cRvKVpHrHdGg,ase,train
LKRqy7mDLjI,UCKGWL_pjR6PJC2bWAYf04WQ,fsl,train
LKXmbx-jhpY,UCWif2ls3MB_CDmg4z17y6tA,ils,train
LKv4nOMeemc,UCQJVI4-q2aT-9pSEmwtrMoA,ase,validation
LLG0aTiIZIc,UCQ-cTIHnx9gpTnuHQG5HYSA,ssp,train
LLM0jbQHurE,UCFuu8KsC_I8RUWsRopecLOQ,bzs,validation
LLePJ7g1Ta8,UCYyRpJBseu43EojDdSUcSyA,ase,train
LLeio9txPk0,UCe2lcoNfWAp4bc0JySWnkmw,ssp,train
LLoeJZ9sPGE,UC0UwRthhSbvihspoOxi2rEw,ase,train
LLrBqmz0AyM,UChTbPO97Nt0OTDvqSBjhrVQ,isr,train
LLxuDt5Sjag,UCqtaBrGzW-WzWVdhrjCBQ4g,tsm,train
LMAddM8IDXo,UCuyQHJ4y76-i0w9N33vT-kg,ase,validation
LMexKmH-Vxg,UCGTZaf2ewvVx65d-n22w2RA,ase,train
LMlNQdcQZNA,UC75cYKm6WbSk-se1deWaD0g,hsh,train
LN2omyQcGmo,UChFJaH0yhLOxelzhfz1QDDw,ase,validation
LNEzl4vTVyE,UCyl2koki10uOzPU3chYrHuQ,ase,train
LNbfDmbEIwI,UCDWuLgx0vTYBGr1G-diNgSw,jsl,train
LNjvFxAUbk0,UC75cYKm6WbSk-se1deWaD0g,hsh,train
LNvkBE0q1wE,UCPq0o6Vz-NvK6bKMGlDWVXw,ase,train
LNx_pHUhWOA,UCgSwCawfopWlRFmD9PRaVdA,ase,train
LODWHwA8Dz0,UCyIjlBUwgXeKO6MZ2Ospaxw,jsl,train
LOhB5YNQlrU,UC75cYKm6WbSk-se1deWaD0g,hsh,train
LOrL8hJTi-A,UCXAivKbEyzTb5tqwEu2ZDcw,ase,train
LPtbUB5FozI,UC7PByT-DKjERtGRmxfyWvnw,ssp,train
LQ31tEzzc-4,UCuyQHJ4y76-i0w9N33vT-kg,ase,validation
LQHJazUUiK8,UCjCBX_ZL4T0nCyq3AgFVsDg,asf,train
LQSbjnOk5jI,UCwc68gnEuzpx-8z-HFk7hdw,ase,train
LQorme_aGEQ,UCHckc4mrMU9b7L4hxQeN5HQ,ssp,test
LRhX7oeQ1ZU,UCSMZ4td6mZMJVxJ2ow7zY4A,ase,train
LSBFoa_O_Jo,UCWif2ls3MB_CDmg4z17y6tA,ils,train
LSmWzwmlnxc,UCaHymjlliFHCFG3qkD4blng,ase,train
LSnImODmYlU,UC6OCXcxQ4yKoPfsUPWg99bg,ase,train
LSswUjxhkEw,UCrvCLZQZY-x0-YAkgXGX-lQ,ase,validation
LT0x_nU3lPY,UCjJuQ_lsS8Eyee-yCmdFB6g,ase,train
LTIViZejgXE,UCAPKIo9ykV8iShMmG7c-BQA,swl,train
LTguAQRvpUQ,UC0ox_AVlRFIOMihM-zMW1rA,ase,train
LULAzT0vPi4,UCpKPV8LS9y2qUuuExuOJ1sg,pso,train
LUW5hoDXHQs,UC-8TBU8-W613NU2ysMh8DWQ,ase,train
LUpt0gJx8fM,UCx92YHaTWzmfL9trx_jzXNg,bfi,train
LVA5txUX5lU,UC5H_CO6QGwd9hilVnfujz_w,bfi,train
LVGw56lplKQ,UC-8TBU8-W613NU2ysMh8DWQ,ase,train
LVo5zVzOV34,UC75cYKm6WbSk-se1deWaD0g,hsh,train
LVpTPrD8YeU,UCrwT2BnMAWcUclwmlme4uHQ,ase,train
LW-J5q31B1A,UCCkAfmCTGkgJi3QlB_6vkqw,jsl,train
LWDVTC0tO6I,UCDlFWxo74LnVkI2NZrXxByA,ase,train
LWG5Gy0EM9s,UC6OCXcxQ4yKoPfsUPWg99bg,ase,train
LWKK6pvfQn8,UC6YbCm65GjM2wpGmDRtyGMQ,fsl,train
LWcFeumYrP4,UC75cYKm6WbSk-se1deWaD0g,hsh,train
LWrBMm0EHu4,UCAPKIo9ykV8iShMmG7c-BQA,swl,train
LX-b5OupO1g,UCwh6BdxT9-vYXcnMcCOWxIw,ase,validation
LX0rWBvEtVI,UC5H_CO6QGwd9hilVnfujz_w,bfi,train
LX8mDxwIjAw,UC7QNujTpyZqhFrP51eTA8uQ,hsh,train
LXGobMVP7j4,UCSO3QRT5nszhd5FwUG9qE3A,ase,train
LXNKQlbZC4A,UCJzu69TgtBwVc03QEP9gL6A,rsl,train
LX_jPEa-6yA,UCO9zhhszyR4Av4WxwdBJs-Q,ase,train
LY-2ieJoMwc,UCybhb6byp0nzYhyuaVQJ-3g,ase,test
LYdFXwigt5w,UCMFMAifPsPCkJYuEB8Tr1jQ,ase,train
LZDTFrLKEaQ,UC75cYKm6WbSk-se1deWaD0g,hsh,train
LZWz9PJb_74,UC75cYKm6WbSk-se1deWaD0g,hsh,train
LZeeAlE3Aek,UCOluMJeRlxs4pNnFsvcXvYA,ase,train
LZp8TwkuGvI,UC5H_CO6QGwd9hilVnfujz_w,bfi,train
LZzw_-Q2GDk,UCsuBAbMlPGJ95w3mwhz-30g,ase,train
L_JkseTWPhU,UCyIjlBUwgXeKO6MZ2Ospaxw,jsl,train
L_d9lNXIfz0,UCqLGAeTQmlRVfLK6jAWvDxA,ins,train
LaDt9VIoHCc,UC2fTQSA7GccUUtG6RrJq9Hg,pks,train
LaJ7yZ8BiIw,UC-i6bpzujhDcMyqfm7LPQfw,ase,train
LagcvCtEkMM,UCI4A_xft-8uziHWd1-Q0NWA,ase,train
LbBAT6ZnoSA,UCT_ibOnQ79FD6UX9nUwl1Fw,ise,train
LbFFQMlChuI,UCLzz9KVBGzJKUQ-CyIRmXoA,ise,train
LcbrmYCJrGU,UCv2vB1PMjcB_eB0bEFQlqKw,gsg,train
LcdbgKF0xnU,UCeM9ju-z8IoVGomUJHd7DLQ,pso,train
LcssDqDrjC0,UCHBvS1eMuD3sjLKQ3l-nQSQ,ase,train
LcwTnWkhdYQ,UCX2JqCeZsXOFAu6G-M3PNSQ,ase,train
Ld96-slexOg,UCqd6eos5-i46NbDH1uLWdFQ,bfi,train
LdVusCjiqiw,UCsuBAbMlPGJ95w3mwhz-30g,ase,train
Ldx6knD4whQ,UCjCBX_ZL4T0nCyq3AgFVsDg,asf,train
Le5wrXZ8EnM,UC9izhqlhPSPmiFzpHRQID4g,ase,train
LeEtfXDhSzc,UCNMh0csop45XxYU0itusr1Q,jsl,train
LeIClk3ClFk,UC-8TBU8-W613NU2ysMh8DWQ,ase,train
LetQlHuwRH0,UChPiOTHg7Oaoyvd-VEz2XMw,ase,train
LfbSrXgUVeY,UC4SqFeQL9FsN2A-2cBbUS5g,bzs,train
Lfh2n9C6_Gg,UCVrYey5SZMid_VZk9D8tYmA,ase,train
Lfsv7nTNPDQ,UCfrYaR1kmCHf8ddHb8O8niw,lls,train
Lg4vC4EuX3o,UC6IwTu3DmTe5bsElEqO4rdA,fsl,validation
LgsgDepgROw,UC6OCXcxQ4yKoPfsUPWg99bg,ase,train
LiTQpqvqfzc,UCMbT7f3uBbPv5dCPu7ND-yA,swl,train
LiZfFbMnByQ,UCYyRpJBseu43EojDdSUcSyA,ase,train
LijC6XhieYw,UCtbLIWhulcF5u93KRdB7eZA,ase,train
Lim-mW9w8KU,UCXAivKbEyzTb5tqwEu2ZDcw,ase,train
LimkpF05g9k,UCTIBRINUegVQ_RtoLWTL-zw,rsl,train
LjPyUu6Oz9U,UCizMdOew80fbRcOk8uWUyTA,jsl,train
LjZTTNE8IM8,UC7Tjg_h46r1Jhlgxa4bmDSQ,ase,train
LjgBTbj8leU,UCBRYgj8lhwnr9FrETyJbYEA,ise,train
Ljre7x00j44,UC5brFv_uCw2v-hen_x85NUA,ase,train
LjsGFIUqGGM,UCyl2koki10uOzPU3chYrHuQ,ase,train
LjuBYx6fLTc,UCZy9xs6Tn9vWqN_5l0EEIZA,ase,train
LjuwZ6XHD6g,UCKZipOudFKJtiZ_3VJKKcng,vietnam,train
Lk1Pd2BiMdk,UC2bK5-reqE8zppmJJ9kZdVQ,ase,train
Lk4kr2hsvRM,UCLp-AoFmEYbu9OPAe-SY8_w,ase,train
Lk9XdoEG-6g,UC7QNujTpyZqhFrP51eTA8uQ,hsh,train
LkqOFvBOuFw,UCDzq6J0KoGCbps96JQuXWRg,ase,validation
LlAmay31uVc,UCs98soN6aBb6gnfbrLl-W0w,???,train
LlFOR3eFlV4,UCqLGAeTQmlRVfLK6jAWvDxA,ins,train
LldB24H0P2w,UCgAwVbIignL2quKY_oNTxLA,ase,test
LllzVr8eIZ0,UC2fTQSA7GccUUtG6RrJq9Hg,pks,train
LlyKEWAAt-4,UCFfgJbY2jt4Notzk5M3baOA,asf,test
LmOAqfVEKaE,UChTbPO97Nt0OTDvqSBjhrVQ,isr,train
LmUyP54SsqM,UCgSpp0DROe7rURm_maT-zXA,ase,validation
LmW2mXmFgEs,UCGisGwX9Mh6T6WrJsx-VjDg,pso,validation
Ln-PRZ4vBiQ,UCTi9woRHA4r8e3oEWF8hxTA,aed,train
Ln3MaRp0Dvc,UC85LK96DQppcG7tpcqCcvIw,ase,train
LnKJuuPp2Is,UCGisGwX9Mh6T6WrJsx-VjDg,pso,validation
LnmGkbCgoGE,UCJzu69TgtBwVc03QEP9gL6A,rsl,train
Lo4vcNsmdsA,UCo7TejyH1kOQ9_AXgYFx2Cg,ase,train
LoSMkb87Xu4,UCIbdMT8t4m0A_d1ibZP6Yfw,ase,test
LoX11YLkbZo,UC5H_CO6QGwd9hilVnfujz_w,bfi,train
Lp2T9NmcPQQ,UCWVUF_aLbNrR_ObLwWZcU2Q,fsl,train
LpEW2P2r-1c,UCaY5JjIf6cKZrynK9Oc3SYQ,asq,train
LpYTqFB8Tbo,UC75cYKm6WbSk-se1deWaD0g,hsh,train
LpcFBKUjOP0,UCyIjlBUwgXeKO6MZ2Ospaxw,jsl,train
LqdiwBkUt90,UCUW9iqeKBSdegW5onoBnx_w,hsh,train
LqjMPAMRCQI,UCU_9wkBwqJODk-REd60Bx4g,pso,train
LqjkfqQbH2o,UCRwPaAUrbOL4X7WgxZzIOpw,ase,test
Lr4TLomsv2U,UCBxFGQJfsVq4P1W0M-sjIkA,ase,train
Lr8sPCHwvjM,UCOuE0zw9VItn-Bv71BNeBVQ,fsl,train
LrGzRmzn7WU,UCuyQHJ4y76-i0w9N33vT-kg,ase,validation
LrO-7V1-zvc,UC5peRRRRnXIMZvqFJiIwjNg,ase,train
LrrJZ2rQQio,UCJzu69TgtBwVc03QEP9gL6A,rsl,train
Ls6qmSW9tXk,UC1f5xYbrZxLkklmGkow7AgA,asq,train
LsQnlemueX8,UCGisGwX9Mh6T6WrJsx-VjDg,pso,validation
Lt8G1UzVw0s,UC-_uxJSqfBKmSWcz4jeiY4w,ase,train
Lt9pIJmZyJ8,UC7fVfWv6FL7HeTFeSLz-muQ,ase,train
LtJXXYLg3Ao,UCyIjlBUwgXeKO6MZ2Ospaxw,jsl,train
LtPQKmyEbMw,UCqM5MxgRiFKAsXTQUn2SsQw,bzs,train
LtVZpoTlfGg,UC2KiaiFBcd9f5OMKO72uAaw,bfi,train
LtwKYHJTPcE,UCuyQHJ4y76-i0w9N33vT-kg,ase,validation
LuJlk1InNbM,UCBRYgj8lhwnr9FrETyJbYEA,ise,train
LunSUXKDSDo,UCRRJlf5fd93oThu0726SNdw,csc,train
Luo57nYxdts,UCDWuLgx0vTYBGr1G-diNgSw,jsl,train
LvTks9ZI6xQ,UCcKetdJqFvXWMkM0WSMKH2w,icl,train
LvVcjHlQL8c,UCizGctLgAahGlOvtSAKdq3g,jsl,train
LvtvuXvrRv4,UCPSn0ZAwyevCSNrWMS33gow,ase,train
LwgyDOxshM4,UC7JuChYmxhljc49dE3JG6Zw,ise,validation
Lwjc36yaXMQ,UCSMZ4td6mZMJVxJ2ow7zY4A,ase,train
LwpUtlbUfMk,UCW5YSgfcgvgxUY5HjoMXA6Q,ase,train
Lwq1VFMR0Ig,UCuyQHJ4y76-i0w9N33vT-kg,ase,validation
LwuezjV7cVo,UCqLGAeTQmlRVfLK6jAWvDxA,ins,train
LwvP-rxwKPs,UC75cYKm6WbSk-se1deWaD0g,hsh,train
Lx0tEpJhsyU,,ase,unassigned
Lxs2OgzZen0,UCS_sxPSNGTfpkoa5nYEt-1g,ase,test
Ly9TkfRZayE,UCAPKIo9ykV8iShMmG7c-BQA,swl,train
LyaSKjouxA8,UCNuTk4O2fo38g2nmsGRSkzg,ase,test
LzBWodAK9dc,UCDsoH108wJ2A0GWVbv-laWA,bzs,train
LzEoiV1XlFw,UC5H_CO6QGwd9hilVnfujz_w,bfi,train
LzOYpIKYWMo,UCbdRgG-NhSwFlRV3MGVp_cQ,dse,train
LzaPSlJI75Y,UCI4A_xft-8uziHWd1-Q0NWA,ase,train
M-0mJDj7WY8,UCrdYVJMiz9i3wCY1oueNQbw,aed,train
M-8OVTUYcAM,UChTbPO97Nt0OTDvqSBjhrVQ,isr,train
M-CWBHMrP9U,UCyAPbimBAxWyMA0t96UTbbg,svk,train
M-F5OC8YCB4,UCeD3fCneRiezx2FboT5Cv2A,ase,train
M-z9QISHS3w,UCqtaBrGzW-WzWVdhrjCBQ4g,tsm,train
M03gaJ1Qkck,UCYWJdRpk2jOOZaqvXGVjkxw,ase,train
M0EC-wpa45Y,UCO9zhhszyR4Av4WxwdBJs-Q,ase,train
M0G-WHbs3Fs,UC99mR9Uvb6VuIlb4CW4czgg,pso,train
M17uzQsgtfw,UCuyQHJ4y76-i0w9N33vT-kg,ase,validation
M1O4U_MtzDU,UCjCBX_ZL4T0nCyq3AgFVsDg,asf,train
M1Uw0KWR0Wg,UCfLul2uPakgQyTab23cYB7Q,ise,train
M1l-WgCPBQA,UC2ugWoVg_NVMhBBolELMmog,ase,train
M1lLSxLGV40,UCXAivKbEyzTb5tqwEu2ZDcw,ase,train
M20Jt4gNsWg,UCCr3HRRDbGanZY7ExRRR3Cg,ase,train
M3RzdqYoqv8,UCWif2ls3MB_CDmg4z17y6tA,ils,train
M3bp8x6AslM,UCizGctLgAahGlOvtSAKdq3g,jsl,train
M3cF3cX8eyc,UCe2lcoNfWAp4bc0JySWnkmw,ssp,train
M3iq2v017Tw,UCAPKIo9ykV8iShMmG7c-BQA,swl,train
M3k4BTZC1TE,UCuanpEILmzKOj6UHQGSk4Qg,bfi,train
M4urpsWg6SY,UC75cYKm6WbSk-se1deWaD0g,hsh,train
M55xbX9vFis,UC-8TBU8-W613NU2ysMh8DWQ,ase,train
M6B15TJEG5A,UCuyQHJ4y76-i0w9N33vT-kg,ase,validation
M6MLYEZanjA,UCDsoH108wJ2A0GWVbv-laWA,bzs,train
M6OLhFhklI0,UCK0KSN6zI3qIJG-OlJASgQg,ase,test
M6eoQXRxJI8,UCs98soN6aBb6gnfbrLl-W0w,???,train
M7NzfaDeosU,UCHMBXgtO2Ez6Ie4HkbQk2Fg,ase,train
M7UGwZzjpK4,UCJzu69TgtBwVc03QEP9gL6A,rsl,train
M7ZnG6Ydius,UCGzWwSdhNQpPAATLZjs8lWw,ase,validation
M7hSlpydGVY,UC5Xzq4Gg6mSNymC4xIaZg1g,ase,train
M8A2JjMllGY,UCkxlMIMMRrlq0GVC_9ZeY5Q,ase,train
M8xzoN0sjzs,UCWif2ls3MB_CDmg4z17y6tA,ils,train
M9FkJ5NE5KM,UC6Sbc1vWr5J72WwfAyVMtiQ,bfi,train
MB35b4Q4OxA,UC_9x0YFY3tQhHD1oxDriZ9g,sgg,train
MBIwOkTLVKw,UC-gc7H_gu_IYUAxO2cu6STA,ise,train
MBM4oUa2qoQ,UC6Nw3otGxuESg2TXd2UToCA,ase,train
MBQLVz2g3gI,UChTbPO97Nt0OTDvqSBjhrVQ,isr,train
MBXieNGA2jo,UCAPKIo9ykV8iShMmG7c-BQA,swl,train
MBa5CpywYm4,UCfTOwuogte5nkoxLxcP5HWQ,ase,test
MBpTN6Kx_U0,UCUW9iqeKBSdegW5onoBnx_w,hsh,train
MCOAfpj75U0,UCufxp6ZwK8zEstJ4BISgG4A,ase,validation
MCQIyDfPunk,UCK-n3cLst9SuYfxk7oNhrlw,ase,train
MCtTND8ikF8,UCj4oYRilHPMx97CErna9pXw,ise,train
MCufXqq72Vw,UC7fVfWv6FL7HeTFeSLz-muQ,ase,train
MD052K1ADv4,UCUW9iqeKBSdegW5onoBnx_w,hsh,train
MDEs2TrHzM0,UCzlgSLz46z_OzLzH3DrLbFw,ase,train
MDqgnjSivds,UC75cYKm6WbSk-se1deWaD0g,hsh,train
MEBDH7_2Bso,UChhH5dTjtTV3PK2yEbbtMkw,cse,train
MEGOHtOvxug,UC4KyhBCXwO-aSXDN-QyeSmQ,ase,train
MEmFVNs25TU,UCO9zhhszyR4Av4WxwdBJs-Q,ase,train
MErWU5pgRO4,UC75cYKm6WbSk-se1deWaD0g,hsh,train
MFAisVPcn34,UC5H_CO6QGwd9hilVnfujz_w,bfi,train
MFLhKKXan0U,UCWgT5Ro0AroGs5fb4vHx8aQ,swl,train
MFeXikwMKU8,UCqLGAeTQmlRVfLK6jAWvDxA,ins,train
MFr-4E-ubdw,UCCkAfmCTGkgJi3QlB_6vkqw,jsl,train
MG1K15xrNO8,UCaTMaFNkTiwgsSQ7FYaiaTQ,ins,train
MG2qJ6GTYI8,UCWif2ls3MB_CDmg4z17y6tA,ils,train
MGgxDecNA8E,UC99w_Bzj8ikOz8Gpv0prbNg,ins,train
MGzmqGR54_M,UC5H_CO6QGwd9hilVnfujz_w,bfi,train
MHqcVt4poIE,UCYWJdRpk2jOOZaqvXGVjkxw,ase,train
MILWmTtYmx8,UCaayieDFpDIZ1b_mspO_Rzg,ase,train
MJ1RLTb3O_E,UC5H_CO6QGwd9hilVnfujz_w,bfi,train
MJ3mz3Onrgs,UCAPKIo9ykV8iShMmG7c-BQA,swl,train
MJZvSe-VNUo,UCSZXCac1P0Eoz4jGr4bQKCA,ase,train
MK9Mlv0cvBw,UCTwn0S3x3B8LKuPFN3ooAyw,ise,validation
MKFm5a4L50o,UCEPuAkI8Fx_dqb2RMoy00CA,asf,validation
MKKC_lNKWPY,UCEPuAkI8Fx_dqb2RMoy00CA,asf,validation
MKUAjxvcKsQ,UClv1kekXgC4s8Is-f1OBqQg,ase,train
MKYQO-XPfqY,UCTi9woRHA4r8e3oEWF8hxTA,aed,train
MKaxL6t-_G8,,ase,unassigned
ML414LW4Hps,UCGkggeR449U_G_ULi-Y0G0A,hsh,train
ML6oudznRj4,UC85LK96DQppcG7tpcqCcvIw,ase,train
MLUh7JLxUg0,UCLMEmb-pUA3tj3wXeOAVOnw,ase,train
MLps5SlCHCs,UC75cYKm6WbSk-se1deWaD0g,hsh,train
MLveO-Nunas,UCWPkrOk-WKilNHCrpXa17JQ,ase,train
MMYK-n2GJLg,UC75cYKm6WbSk-se1deWaD0g,hsh,train
MMrbrr_TZF0,UCS_sxPSNGTfpkoa5nYEt-1g,ase,test
MMxHR1FVHmQ,UCGV-ufMbl_OxY8OJgXy_8kA,asf,train
MNOflggn5yk,UCqtaBrGzW-WzWVdhrjCBQ4g,tsm,train
MO35UjFWv60,UC7grq7w27wu0zllsk4kBiFA,ase,validation
MOUZ3AebhR8,UCNMh0csop45XxYU0itusr1Q,jsl,train
MP5hoH-E6pA,UC1f5xYbrZxLkklmGkow7AgA,svk,train
MPvdKt2NxfU,UCLq0QAPYJRxb4hN3DlYe2tw,ise,train
MQQW-wtrYB4,UCCBWup10InaMbVxOwQUQPnA,ase,train
MRMrwpEC6UA,UCWif2ls3MB_CDmg4z17y6tA,ils,train
MRNomoL42GY,UC99w_Bzj8ikOz8Gpv0prbNg,ins,train
MROz4zzQ5nI,UCDL2Ug9aPMTAK0FDfWopZMw,ase,test
MRgmy4G2Kec,UCAPKIo9ykV8iShMmG7c-BQA,swl,train
MS8bAM4fAsE,UC4Oyj7LFV0gOgUgNUpyZUQg,ase,test
MS8cyBlQn8s,UC7fVfWv6FL7HeTFeSLz-muQ,ase,train
MSoBWcbawX4,UCyK_P6PID7pzK6eEwBPCB0w,ase,test
MTY9lPOvwzc,UCuyQHJ4y76-i0w9N33vT-kg,ase,validation
MULxMe0MnDA,UCNMh0csop45XxYU0itusr1Q,jsl,train
MUzaiPX1pJ8,UChTbPO97Nt0OTDvqSBjhrVQ,isr,train
MVQKuBPPrMM,UCapFShgxytRPexLxwUiXGVw,asq,train
MVfKwE81vmw,UC3hOdPWDnQBs9NTt3y2fPRg,ase,test
MXphW5AeCHU,UC7fVfWv6FL7HeTFeSLz-muQ,ase,train
MXwg3E_wDiI,UCoA3JvRkP1z3GE6x5jo6OzA,rsl,train
MYTg4zUIPec,UCWif2ls3MB_CDmg4z17y6tA,ils,train
MYfL6jLE32Q,UCAPKIo9ykV8iShMmG7c-BQA,swl,train
MZ4BgXlVEhI,UCXuTK8atuQJiJ-qLHbjgaag,bzs,train
MZJd52UY7JU,UCufxp6ZwK8zEstJ4BISgG4A,ase,validation
M_AtOjjTBpo,UCScR0I-J7gGR2jRCjcrt9Og,isr,train
M_ZD_pOspEY,UC5H_CO6QGwd9hilVnfujz_w,bfi,train
M_haClR79vk,UCYWJdRpk2jOOZaqvXGVjkxw,ase,train
M_x8999Mc_U,UCK-n3cLst9SuYfxk7oNhrlw,ase,train
Ma8avaTBN9c,UCgvywbxAcsgJr_gfpqKLXXw,pso,train
Mad62YZ8U7w,UC-8TBU8-W613NU2ysMh8DWQ,ase,train
MalAqx7wiE4,UCufxp6ZwK8zEstJ4BISgG4A,ase,validation
MazOKVsiLTE,UCWPkrOk-WKilNHCrpXa17JQ,ase,train
MbNF51yi3qo,UC_EayPtnQMkIWdS-PmdQ2aA,ase,train
MbWBxgYsfFE,UCLq0QAPYJRxb4hN3DlYe2tw,ise,train
Mbiu3ADKwKQ,UCYJlmq8muNdMMfbaHfjc7KQ,ase,train
Mbqw5H77JiI,UC75cYKm6WbSk-se1deWaD0g,hsh,train
Mbw9LFi8yrE,UC55C6FrDNkoh1-S8tGHdCDw,ise,train
McUlxE-8q94,UCWif2ls3MB_CDmg4z17y6tA,ils,train
MclATWdXRMw,UCO9zhhszyR4Av4WxwdBJs-Q,ase,train
McnpJiQuSEo,UComGRElAUtQBt2vXt7t_WQA,ase,train
MdaZI6d5Axk,UCNGqaycXbpN_ypXBp2pYOtQ,gsg,train
MeQ7LEYVk1k,UCufDAfMXMca-RdSxPkosYrg,hsh,train
MeSSv-ZiWmc,UC3D3um9BcGkQzquorcKWQLQ,ssp,test
Mf4rodjvOPw,UCuyQHJ4y76-i0w9N33vT-kg,ase,validation
MfGcqOMMcyg,UCZOG75UwSlaFOu-BmfSccUg,bfi,train
MfLEaTlZLxQ,UCvu5Mf3Yzi5DZBvCyjPqNVA,ase,train
Mg4RL51rQvU,UCwJaB2s-y6blRuPL9SruyMQ,ase,validation
MgOzMI5ihOw,UCRwPaAUrbOL4X7WgxZzIOpw,ase,test
Mgd5HhYNkE8,UCWif2ls3MB_CDmg4z17y6tA,ils,train
MhAA33YgKR8,UCTwn0S3x3B8LKuPFN3ooAyw,ise,validation
MiAF99aXUjY,UC-8TBU8-W613NU2ysMh8DWQ,ase,train
MiL3kbeF-0s,UCizGctLgAahGlOvtSAKdq3g,jsl,train
MirXca6Bf4c,UC75cYKm6WbSk-se1deWaD0g,hsh,train
MjL4QEynNCM,UCjVpsnDflFe9dOWZWlnxUrA,ase,train
MjnooSEoEqM,,ase,unassigned
MkQpzJenYks,UCs98soN6aBb6gnfbrLl-W0w,???,train
MkSCHxLHZDI,UC0ssa7FTeHexuO6wHhbX9ow,ase,test
Mlb-p2veP9I,UCCBWup10InaMbVxOwQUQPnA,ase,train
Mm1l6PFAobI,UCqOFUgPkdtSzuJgLM4xIDpg,ase,train
MmUFhM9jjss,UC-22JP32sKPIJztxTQ9yXTg,swl,validation
MmUonCdU5Ew,UC6ipV-gyyLuPZu4QIOm7Hag,gsg,train
MmYr8OdpGJA,UCGQ1207d-sBzP6ak1k68qyA,ssp,train
Mm_hwCEZd30,UC5H_CO6QGwd9hilVnfujz_w,bfi,train
MnPM_76bfBI,UCe2lcoNfWAp4bc0JySWnkmw,ssp,train
Mo_qDv3DQSM,UCqtaBrGzW-WzWVdhrjCBQ4g,tsm,train
Mol1qpTipug,UC8uCXPYvQqfhnic2GdpRkJg,ase,train
Mp4OynJ6J9Q,UChTbPO97Nt0OTDvqSBjhrVQ,isr,train
MpM7KEgMaiw,UCBRYgj8lhwnr9FrETyJbYEA,ise,train
MpMTBSLLmLE,UCWVUF_aLbNrR_ObLwWZcU2Q,fsl,train
MpRSGG-3yIE,UCs98soN6aBb6gnfbrLl-W0w,???,train
MpVckQkgn8U,UC8xDnYLS3EaMycxe3ZSUb5g,gsg,train
MpY3YgXdtnc,UCUW9iqeKBSdegW5onoBnx_w,hsh,train
Mpp_2V-uFpI,UCgo1f226ng6nuJ3d_lV3iog,ase,train
Mpt7H1qt6sg,UC0CVh4SoLLtlp0JotfSsnlQ,ase,validation
MpvjIGiBOlE,UCGkggeR449U_G_ULi-Y0G0A,hsh,train
Mq9fEdC03KI,UCWif2ls3MB_CDmg4z17y6tA,ils,train
MqJbC63ZgNs,UCGoMw1fmVX0m5_qMsYG4A3g,ase,train
MqOC5kezAfM,UCYQQ5RFqQjWRzzBwvFURuuQ,ase,train
MqgHepRNKzE,UCOUi2ePo94kHFtihOfGhIFQ,ase,validation
Mr31qrhkJ38,UCWif2ls3MB_CDmg4z17y6tA,ils,train
MrDaWBMR9Qg,UCs98soN6aBb6gnfbrLl-W0w,???,train
MrsM5T8EQzA,UC_wh7CAHsakVopKtr8NnXsA,jsl,train
MsE87U9-LsY,UClxAZnsU6AK4pX3dcFdSDPQ,ise,test
MtiCqghC2V4,UCQJVI4-q2aT-9pSEmwtrMoA,ase,validation
MtvOf18WNbk,UCUW8O6cgrk68VO-ABksF8uw,ssp,train
MuK3hh09HWE,UCwc0xtGUmoxvjYzaZNYCnEA,ase,train
MuOaayysf0k,UC6b1zI_hrSg-1nAndUEapeQ,ssp,train
MuZ1qH20Cps,UCQukMGEToh7Dcjsl8ZADaOw,ise,train
MuwIeTHRq48,UCS7wVohIwd66b95xyuw7DFQ,ase,train
MvgExGjwFEw,UC5Xzq4Gg6mSNymC4xIaZg1g,ase,train
MwHOIylCP-8,UCs98soN6aBb6gnfbrLl-W0w,???,train
MwN_Ui1bR2w,UC7j6LXY3Sd74pdr8ppzRhKw,ase,train
MwqC1Ig-0BI,UCjCBX_ZL4T0nCyq3AgFVsDg,asf,train
Mx7e8-eXvGo,UC75cYKm6WbSk-se1deWaD0g,hsh,train
Mx8v2tnNJu0,UC99w_Bzj8ikOz8Gpv0prbNg,ins,train
MxA-0cfoovs,UC85LK96DQppcG7tpcqCcvIw,ase,train
MxB-S0o7O6Y,UCcyYzf4tob-aLlZXejgXwAQ,ase,train
MxB6TNyz0BU,UC75cYKm6WbSk-se1deWaD0g,hsh,train
Mxf3ZPXnnHw,UCUqqjcC_4aMwQ_89RRGHN4Q,fse,train
My7XEWhMfR0,UChTbPO97Nt0OTDvqSBjhrVQ,isr,train
Myc778A46Hc,UC7JuChYmxhljc49dE3JG6Zw,ise,validation
MynzxdkfxfE,UC5brFv_uCw2v-hen_x85NUA,ase,train
N-92dqZdqAg,UCFcpIA0onxgAkdsh3K0gpeQ,ssp,train
N-AvyhE0aEA,UCSMZ4td6mZMJVxJ2ow7zY4A,ase,train
N-NO1E_vqEE,UCK-n3cLst9SuYfxk7oNhrlw,ase,train
N-RqkwNB7GY,UCe2lcoNfWAp4bc0JySWnkmw,ssp,train
N-cxRJbbdeQ,UCWif2ls3MB_CDmg4z17y6tA,ils,train
N0NSi1MNsJ8,UCST0jMJxGii_SsttkQxOVkQ,ase,validation
N0_ChIsUSuI,UCNMh0csop45XxYU0itusr1Q,jsl,train
N1Btsa3neGQ,UCcKetdJqFvXWMkM0WSMKH2w,icl,train
N1JCuwIkExg,UCsuBAbMlPGJ95w3mwhz-30g,ase,train
N1KMM7uHbXE,UC7JuChYmxhljc49dE3JG6Zw,ise,validation
N1Z6pY-_bvY,UCFHkpbh0wCDFk7fAPbh5Suw,ase,train
N1ar10YAupk,UC55C6FrDNkoh1-S8tGHdCDw,ise,train
N1drVsZLrUc,UCWKtYL1kNvm4KDRlIuHd2QA,ase,train
N1uHbuOeNyY,UCqLGAeTQmlRVfLK6jAWvDxA,ins,train
N1w6AeQjm7M,UC99w_Bzj8ikOz8Gpv0prbNg,ins,train
N2mw0263Nvw,UCQJVI4-q2aT-9pSEmwtrMoA,ase,validation
N34D_FwIL8s,UC75cYKm6WbSk-se1deWaD0g,hsh,train
N3KZ_l6Ns4A,UCzXNfOVXNYqjFPgMly-1AvQ,isg,train
N3Mt-y5EDhA,UC5H_CO6QGwd9hilVnfujz_w,bfi,train
N3uI8PNykzg,UC2fTQSA7GccUUtG6RrJq9Hg,pks,train
N49rO-p1r0A,UCO9zhhszyR4Av4WxwdBJs-Q,ase,train
N4cQX-1G8gc,UC-VQN3FOZICn0MCEEjOGZdA,ase,train
N4gtOa0uVI8,UClO2hO0t9tWsdgZmi_WQNkg,ssp,train
N59SEQxaeY8,UCZy9xs6Tn9vWqN_5l0EEIZA,ase,train
N5HP4gZWNjg,UC75cYKm6WbSk-se1deWaD0g,hsh,train
N5asubwnQuY,UCs98soN6aBb6gnfbrLl-W0w,???,train
N5hEsZfZMQE,UC52H_xHKrwnQRPb25kQtFCQ,ase,train
N5mZq_qp4GI,UCaVlD3iSYMf35smXZswfteA,ase,train
N5ydUeFjZMk,UClO2hO0t9tWsdgZmi_WQNkg,ssp,train
N6GA7sPAbdw,UC75cYKm6WbSk-se1deWaD0g,hsh,train
N6r0UzS_I0U,UCSwgy2NOSgP1OCue5lh_vrw,ase,train
N6vPCy-h4zo,UCGaQdCK2m305CkMZQasoz7w,csc,train
N7R4PvpMv4Q,UC4SqFeQL9FsN2A-2cBbUS5g,bzs,train
N8GbJIAn06E,UCaTMaFNkTiwgsSQ7FYaiaTQ,ins,train
N8OgCaKOP08,UCHarQ0J2LYiCVZqAzAOVlsg,ase,validation
N9A3DDohfcI,UCO9zhhszyR4Av4WxwdBJs-Q,ase,train
N9eCT32wBvQ,UCei9euUq-E7P99GtMUPbLKA,asf,train
NABRcgq1hEw,UCtjEjgYtRZWFL9pWa4yxtXg,jsl,train
NAEHFr8Psu0,UC6b1zI_hrSg-1nAndUEapeQ,ssp,train
NB1GTWM2Ua8,UCWPkrOk-WKilNHCrpXa17JQ,ase,train
NBpYolVo5WQ,UCaayieDFpDIZ1b_mspO_Rzg,ase,train
NBqc9UvhhNQ,UCqtaBrGzW-WzWVdhrjCBQ4g,tsm,train
NCOe0tsjJZ4,UC-Yown0jHQ5EOs0TwZrs-8A,fsl,train
NCWMFl8gZm8,UCIRAyiz7wF9uSPbL3STrVXA,ase,validation
NDRzAzVANmQ,UChTbPO97Nt0OTDvqSBjhrVQ,isr,train
NDXRiFpXyOk,UCbdRgG-NhSwFlRV3MGVp_cQ,dse,train
NEFjYmcL7Mo,UCtQg9Sbtr1Kk0VFIXoyDWKw,ase,train
NEcd80G8_M0,UCqLGAeTQmlRVfLK6jAWvDxA,ins,train
NF9E84FnOcc,UCk1VoxHx-HDqpTG4qUfCsnQ,asf,train
NFGxr9nYR3E,UCsuBAbMlPGJ95w3mwhz-30g,ase,train
NFSuv7du4fI,UCMY4Z-J2HERv_dEt0wrSATw,ase,validation
NFbioc09fPA,UC1f5xYbrZxLkklmGkow7AgA,svk,train
NFzaURv_5ig,UCNKetZsPL_BC2Xe5x_T2VYw,ase,validation
NG6dy4nta14,UCe2lcoNfWAp4bc0JySWnkmw,ssp,train
NGLzbcox-qM,UCBxFGQJfsVq4P1W0M-sjIkA,ase,train
NH0qDM2oY8Q,UCgvywbxAcsgJr_gfpqKLXXw,pso,train
NH3Y9qkHhfM,UC75cYKm6WbSk-se1deWaD0g,hsh,train
NH8izLF6zA0,UCaTMaFNkTiwgsSQ7FYaiaTQ,ins,train
NHCDY1pNpN8,UCDu0XXRzxz8pvm0PsLpPxFA,ise,train
NHqXU9vKgjg,UCUmS9xMlWGeYFJNodH3OiaA,ase,train
NIKHNIkrHjo,UC99w_Bzj8ikOz8Gpv0prbNg,ins,train
NIOWC_x1JYI,UCor3VcSrTRUPZUsvtDTi0rg,ase,train
NIU6Bqm5law,UC85LK96DQppcG7tpcqCcvIw,ase,train
NIvdgm73YOA,UCsuBAbMlPGJ95w3mwhz-30g,ase,train
NJoV_LsRf90,UC75cYKm6WbSk-se1deWaD0g,hsh,train
NKLFr-ifKI0,UCUn9Va4ycLeStKnyRAhgoEQ,fcs,train
NLghycXEEfk,UC75cYKm6WbSk-se1deWaD0g,hsh,train
NLjfSlmoxBE,UCizGctLgAahGlOvtSAKdq3g,jsl,train
NM1i6A49CJ8,UC7dORNM7OZwv5IsJktZlRBw,ase,train
NMLh9eoQFZ4,UC4KU3dXQfnJD45axc7vzahA,fsl,test
NMlo39v-s90,UCs98soN6aBb6gnfbrLl-W0w,???,train
NMnT9NlT2bY,UC6e5o01Wo54UFfxvHhZ1TyQ,ase,test
NNQaE_9YhrQ,UC99w_Bzj8ikOz8Gpv0prbNg,ins,train
NNVNXGIwWVE,UCufxp6ZwK8zEstJ4BISgG4A,ase,validation
NNpSVisSwgg,UCqd6eos5-i46NbDH1uLWdFQ,bfi,train
NNuJEsTf9J0,UC75cYKm6WbSk-se1deWaD0g,hsh,train
NOcc7B50lZw,UC4SqFeQL9FsN2A-2cBbUS5g,bzs,train
NOqeAyf2ScI,UC75cYKm6WbSk-se1deWaD0g,hsh,train
NPiMQcToeBQ,UC75cYKm6WbSk-se1deWaD0g,hsh,train
NQ2ThEAye9k,UCLZ-LkPh14mi5FAhz4XZovg,asf,train
NQ5aPqFXysE,UCWPkrOk-WKilNHCrpXa17JQ,ase,train
NQDPgeJu734,UClv1kekXgC4s8Is-f1OBqQg,ase,train
NQEC5C0RkeY,UCaTMaFNkTiwgsSQ7FYaiaTQ,ins,train
NQLpyDVw2Rw,UCuseIvrm7VZrcUJipa5yw9g,ase,train
NQNw-KWEaQ0,UC4SqFeQL9FsN2A-2cBbUS5g,bzs,train
NQaQHzeY7-w,UCuyQHJ4y76-i0w9N33vT-kg,ase,validation
NQvngyifnak,UCyAPbimBAxWyMA0t96UTbbg,svk,train
NR2FckoYgeo,UC2wh43wvMz1FGxTuDpdTygA,ase,validation
NR6vjX_PLF0,UCZ532DAlc-iwzDPiPLJwAQA,ase,train
NRS_gKSrsak,UCcKetdJqFvXWMkM0WSMKH2w,icl,train
NRqOeUJ_lI4,UClP0YRrEHpWn3_Uv2XYb5Zg,ase,train
NSjRf4a3_-I,UC5H_CO6QGwd9hilVnfujz_w,bfi,train
NToLr60DshM,UCdpIyABFCm29CfgGUSldq2A,ase,train
NUPNCg0eKAE,UC7fVfWv6FL7HeTFeSLz-muQ,ase,train
NUZAJgKcAuo,UCufxp6ZwK8zEstJ4BISgG4A,ase,validation
NUj7bZZUeak,UCUW9iqeKBSdegW5onoBnx_w,hsh,train
NUr5-Y5Fomo,UChTbPO97Nt0OTDvqSBjhrVQ,isr,train
NV6QsBMSa8I,UCEPuAkI8Fx_dqb2RMoy00CA,asf,validation
NV7qjg5RdI8,UCaDrIDvpB0HdFTkpdjTPwSQ,rsl,train
NVO3AP-4e0o,UChRvzF9tZ8Bh8nSCfUY4Ykg,ase,validation
NVpiyeK0rvk,UCRSAXY3RQKo1OmLKkL1WZog,ase,train
NW2f4wIX5ls,UCNMh0csop45XxYU0itusr1Q,jsl,train
NWJN-Mlqzj0,UCMfjVHF5e9FHoXaJzFFcydA,asq,train
NWOEw7rhj4E,UCzXNfOVXNYqjFPgMly-1AvQ,isg,train
NWmzc_0eGCo,UCwPpG8vaKodLUUUREMv7J3w,swl,train
NWzSGaqaBPE,UCsuBAbMlPGJ95w3mwhz-30g,ase,train
NXlHCAESNmo,UCrJfvlXIQJVJRMWxtnRgbeg,ase,train
NYvHAITmssc,UCXo34D2YjDzQKCpnb9jkDeQ,jsl,train
NZHTVwMedkw,UCO5kEsnz9vd3Fm2OMRTZmrA,isr,train
NZcOEa3Kxss,UCRRD3yalnoHR0ZvXqhiTI4Q,bzs,train
NZdI94WuNuE,UClf6uXqvt7z6Xr2wqGNxtwg,ase,train
N_1FmPT-Fkk,UCapFShgxytRPexLxwUiXGVw,asq,train
N_KsgrWKOXI,UCAPKIo9ykV8iShMmG7c-BQA,swl,train
N__YNqTA94g,UCEPuAkI8Fx_dqb2RMoy00CA,asf,validation
N_c5F1QF5qY,UCkyteSyUaOq2mH3RIKgFXcw,ase,test
N_qjkDtO4h4,UCM_ikHKedCIxwvcqRr3Kidw,ase,train
N_sif4CAJrg,UCXwOXCSSrGU41dM2IaIubRw,swl,validation
N_wei5yIIIA,UC75cYKm6WbSk-se1deWaD0g,hsh,train
Nas6BmD5SRc,UCU9J6ekXu_W3KM4VaK2Hpfw,ase,train
NbNbQLJxsM8,UCufxp6ZwK8zEstJ4BISgG4A,ase,validation
NbscWE5AgVU,UCR_-CWbo1ZhNsQLyzKJL7DA,bzs,train
NcYziyu_c5Q,UCgPgI0FiLs8v18146Suwo-w,csn,train
NccVIf-jfLs,UC5H_CO6QGwd9hilVnfujz_w,bfi,train
NciTsQE9RbA,UCyIjlBUwgXeKO6MZ2Ospaxw,jsl,train
NcxM5lVE9ls,UC6ipV-gyyLuPZu4QIOm7Hag,gsg,train
NdBXUOI7sEI,UChBakqNFNp2Atvb5cr9fPWw,ase,train
NdEBfmkYv_w,UC75cYKm6WbSk-se1deWaD0g,hsh,train
NdIwXa8jPgo,UCfLul2uPakgQyTab23cYB7Q,ise,train
NdjKyw7_8Kc,UCTXcAWgOBcI8M60BQJE_jSg,ase,test
Ne4EDKIonLU,UCufxp6ZwK8zEstJ4BISgG4A,ase,validation
NeQsSj8RBrI,UCR_-CWbo1ZhNsQLyzKJL7DA,bzs,train
NeRP-Sh7XUw,UCMDXlMW57J5NPNOJFvgDQ5Q,ase,train
Ng5KyjEtDR4,UCFfgJbY2jt4Notzk5M3baOA,asf,test
NgFlJNFsBB4,UCMbT7f3uBbPv5dCPu7ND-yA,swl,train
NgH-eoZiUCc,UCWif2ls3MB_CDmg4z17y6tA,ils,train
NgnsoMhN1is,UCK4lUC5qCIInraYM4NIoAuQ,ase,train
Ngv0tkvugKE,UCVyxYoSW-59ZPCd4krQg3fA,ase,train
NhiiLwneDjM,UChBZW-dB0I04raHsXu8hK2w,ase,test
NhjCP9xbNDQ,UCBRYgj8lhwnr9FrETyJbYEA,ise,train
Ni-JdbtrS8I,UCzXNfOVXNYqjFPgMly-1AvQ,isg,train
Ni-pzAZOtIc,UCZy9xs6Tn9vWqN_5l0EEIZA,ase,train
Ni0eybdU38Q,UC7R7zP9lJqxDLr1kZJJ_nIw,ase,test
NiAVSqHOPGM,UCUVAAm0i18M9AtfcQndAJrg,ase,train
NiXGUFHOFRI,UC1f5xYbrZxLkklmGkow7AgA,asq,train
NikM14YJUqg,UC75cYKm6WbSk-se1deWaD0g,hsh,train
NjDBJAYCbIQ,UCn9c-UlaJcoyHJvZH0PQO1A,ase,train
NjRU3mqGCsA,UCWif2ls3MB_CDmg4z17y6tA,ils,train
Nj_ZlNwex5s,UC7fVfWv6FL7HeTFeSLz-muQ,ase,train
Njdx09zpaPQ,UC75cYKm6WbSk-se1deWaD0g,hsh,train
Njy-ducLZtc,UC4SqFeQL9FsN2A-2cBbUS5g,bzs,train
NkiYzVXsFg4,UCST0jMJxGii_SsttkQxOVkQ,ase,validation
Nkqi2Y5OqrU,UCuPXVKrLQJtL4owCZ5KoStw,cse,train
Nl1wd8TA3ds,UCo7TejyH1kOQ9_AXgYFx2Cg,ase,train
NlkFDFoG7Ro,UCR7_ied3vPnb7Jwmplsz4ug,ase,train
NmBekMryvDA,UCUW9iqeKBSdegW5onoBnx_w,hsh,train
NmNhqO6aBO8,UC7QNujTpyZqhFrP51eTA8uQ,hsh,train
Nn3GT7oMRl8,UCK-n3cLst9SuYfxk7oNhrlw,ase,train
NnR7Iq1X5gs,UCs98soN6aBb6gnfbrLl-W0w,???,train
NnaJ-4UnzF0,UCp1ei78EfKnQwthUXjfkjaw,bzs,train
NnviK8MBhYk,UC6OCXcxQ4yKoPfsUPWg99bg,ase,train
NoTOaMVSQbM,UC6OCXcxQ4yKoPfsUPWg99bg,ase,train
NorBI26hzMg,UC6b1zI_hrSg-1nAndUEapeQ,ssp,train
Np7efUQJWyU,UCAPKIo9ykV8iShMmG7c-BQA,swl,train
NpOYEhaxDqE,UC75cYKm6WbSk-se1deWaD0g,hsh,train
NpeLUo3saZ8,UCFuu8KsC_I8RUWsRopecLOQ,bzs,validation
NqXti2z2P6E,UCaY5JjIf6cKZrynK9Oc3SYQ,asq,train
Nr04H12x6FE,UCWif2ls3MB_CDmg4z17y6tA,ils,train
NrYubbr2kTM,UCXtq98aDyvAafa-tfzHcdIg,gsg,validation
NruRm9bmSiQ,UCMaw3SccsjT_BtMjK_OE4ww,ase,train
NsFsiFZ6JyE,UC99w_Bzj8ikOz8Gpv0prbNg,ins,train
NsMVYivzNso,UCqtaBrGzW-WzWVdhrjCBQ4g,tsm,train
NslOWSLtwLs,UC7QNujTpyZqhFrP51eTA8uQ,hsh,train
NtsD4zB-Lck,UCwc0xtGUmoxvjYzaZNYCnEA,ase,train
NtxuXlLaIuY,UC7WqCfdYMVnVAhdRFhxcphw,ase,train
NuVCeHWw4Jo,UCJElYDVDWw1uyBXtfqgO_1A,ase,train
NucfDuTTocY,UCM6rAHZbPiEfJ5jUbHNtMZQ,ase,train
Nun1i0xfEbA,UCufDAfMXMca-RdSxPkosYrg,hsh,train
NvJ6HFx8GLU,UCWif2ls3MB_CDmg4z17y6tA,ils,train
NvKR_YJiYpM,UCFX9M3V5vaavL_lkkIZwV2A,ase,train
NvXfe7iecd0,UCEO4jEbSrgPx-4GDyAtdbmQ,ase,train
Nva4fvFSTUk,UCnb95mERpmhofHQNPOY42Lw,ase,train
NvemRRmEOgM,UC75cYKm6WbSk-se1deWaD0g,hsh,train
NwE4FK-aKVM,UCVyxYoSW-59ZPCd4krQg3fA,ase,train
Nwkgj0jl7iU,UCBJOcgmUmIMoS62uvMzGi5A,ase,test
Nwukl8Uxy9w,UC99w_Bzj8ikOz8Gpv0prbNg,ins,train
Nwz8j6abCEA,UC75cYKm6WbSk-se1deWaD0g,hsh,train
NxEgV9V3U1E,UCYnxGaBJ2NrdBhjqjW1mtFQ,kvk,train
NxkXDfYerjA,UCTi9woRHA4r8e3oEWF8hxTA,aed,train
Nxzz92NUoa8,UCXuTK8atuQJiJ-qLHbjgaag,bzs,train
NyZYIH5O0EM,UCs98soN6aBb6gnfbrLl-W0w,???,train
Ny_QaSnrap0,UClf6uXqvt7z6Xr2wqGNxtwg,ase,train
NypiB1x3Uq4,UCUW9iqeKBSdegW5onoBnx_w,hsh,train
Nz7jODWGsq4,UCxdmzSq4bynZOqJo_h0Hteg,ase,test
NzDVPUzgjYE,UCky7bYWLr_5JfYNfdiFYxJg,ase,train
NzKgrT8lixs,UC_wh7CAHsakVopKtr8NnXsA,jsl,train
NzRdWmeKJGQ,UCuyQHJ4y76-i0w9N33vT-kg,ase,validation
NzhK3z-yhzk,UC1PMoVZYg34azg9hCl8Dzaw,ase,test
O-H0lCJlu-k,UCaTMaFNkTiwgsSQ7FYaiaTQ,ins,train
O-Wvfkv_dos,UC5Xzq4Gg6mSNymC4xIaZg1g,ase,train
O-mOrsrfbJE,UCwc0xtGUmoxvjYzaZNYCnEA,ase,train
O-s_SseCoKc,UCmzoIHeCQkAa7dWEeGsTRbQ,ase,train
O0IMSmmaDK0,UCuyQHJ4y76-i0w9N33vT-kg,ase,validation
O0gZXu5RP6g,UCFuu8KsC_I8RUWsRopecLOQ,bzs,validation
O0lEULKAq7k,UCx8jxChJznkRPJCE79qldOg,pso,train
O0n7bhUWQAw,UCcmJuUulPHzBUuQbQUN7GzQ,bfi,train
O1ZRGpHHM_A,UCVvaxiyf6XARTEy_I5SSW9Q,dse,train
O1e9-MzcASc,,ase,unassigned
O1otbwjOXe4,UC7fVfWv6FL7HeTFeSLz-muQ,ase,train
O24ijfrEtJQ,UCqLGAeTQmlRVfLK6jAWvDxA,ins,train
O2RjWa1bNtE,UCmzoIHeCQkAa7dWEeGsTRbQ,ase,train
O32Xf1fiSjU,UC99w_Bzj8ikOz8Gpv0prbNg,ins,train
O35yGXS6wyg,UCizGctLgAahGlOvtSAKdq3g,jsl,train
O3loMr6kuyA,UCUW9iqeKBSdegW5onoBnx_w,hsh,train
O4vd4UxQJjQ,UCqd6eos5-i46NbDH1uLWdFQ,bfi,train
O5H7yqCWmHU,UCaTMaFNkTiwgsSQ7FYaiaTQ,ins,train
O5J-IySnX4s,UC6b1zI_hrSg-1nAndUEapeQ,ssp,train
O5NFu_RqCF0,UCze42SSwKeotHUSIJS6MPcA,ase,train
O5R4COF8KHQ,UCR8D-7Zmqpaa8f1IfnbwlZQ,ase,train
O5UzqRJtzlA,UC38aNrv3GhDsRRWHQ5_UBXw,ase,train
O5cq19P5RJ0,UCXAivKbEyzTb5tqwEu2ZDcw,ase,train
O6O4DEHz0KE,UC7JuChYmxhljc49dE3JG6Zw,ise,validation
O6T10aCChWc,UClxAZnsU6AK4pX3dcFdSDPQ,ise,test
O6_WmcpGWLA,UCEPuAkI8Fx_dqb2RMoy00CA,asf,validation
O6c7GAq-5HM,UClP0YRrEHpWn3_Uv2XYb5Zg,ase,train
O7LBbsKOm88,UC6Sbc1vWr5J72WwfAyVMtiQ,bfi,train
O7UrJavJnic,UCFHkpbh0wCDFk7fAPbh5Suw,ase,train
O8HrCGe28zE,UCly32S4raahgie7UFjJ9jug,ase,train
O8drzFJ8VWM,UCXPdhwRDuaqe7GdZbWbrR8g,ase,train
O8mqF-kU-d4,UC7JuChYmxhljc49dE3JG6Zw,ise,validation
O9kqg-Kt6MA,UC99w_Bzj8ikOz8Gpv0prbNg,ins,train
OA5aly0Mauk,UC75cYKm6WbSk-se1deWaD0g,hsh,train
OAlk_-5Vbl0,UCTi9woRHA4r8e3oEWF8hxTA,aed,train
OBOIdM3otGQ,UCAPKIo9ykV8iShMmG7c-BQA,swl,train
OBoYISqQL1E,UC75cYKm6WbSk-se1deWaD0g,hsh,train
OCFJ9UNGFEw,UC0ox_AVlRFIOMihM-zMW1rA,ase,train
OCRrtq2tj8Q,UCScR0I-J7gGR2jRCjcrt9Og,isr,train
OCzK4TQjdVc,UC_7B1ZTWIFJ_NUHGeujTSvQ,ase,train
ODeLBjhrSJc,UCQJVI4-q2aT-9pSEmwtrMoA,ase,validation
OEl0o8mPM2A,UCzXNfOVXNYqjFPgMly-1AvQ,isg,train
OErA6fJ_bN4,UCHckc4mrMU9b7L4hxQeN5HQ,ssp,test
OErqhYu5rOQ,UCqLGAeTQmlRVfLK6jAWvDxA,ins,train
OEtuepV2CVs,UClH-iALhZ2niASkp-XSNGpA,inl,train
OFgANEnHB2o,UC5Xzq4Gg6mSNymC4xIaZg1g,ase,train
OGDXgsMZ8fM,UC75cYKm6WbSk-se1deWaD0g,hsh,train
OHcQ2HxSXCE,UC1f5xYbrZxLkklmGkow7AgA,asq,train
OHjlt4Q-S3k,UC7fVfWv6FL7HeTFeSLz-muQ,ase,train
OHklQ9j7ywI,UC2fTQSA7GccUUtG6RrJq9Hg,pks,train
OI1rBkude5A,UCMZD9P87-3WVUl2-nPOQagg,bzs,test
OIW99kQfU3A,UC-gc7H_gu_IYUAxO2cu6STA,ise,train
OIgTioK9D3I,UCUW9iqeKBSdegW5onoBnx_w,hsh,train
OJ-Z6jOUdfU,UChTbPO97Nt0OTDvqSBjhrVQ,isr,train
OJKS7vXVbGY,,ase,unassigned
OJKyRC8E4rU,UCRRD3yalnoHR0ZvXqhiTI4Q,bzs,train
OK3x69FVqjU,UCA17q6v88p8FOlSDiWFkYyQ,bfi,train
OKCByN-xplo,UCyIjlBUwgXeKO6MZ2Ospaxw,jsl,train
OKXm2hEWBdA,UCVnYnjKyNuv7eVYQmTe8aIw,ase,test
OL3ie5DJz3w,UChTbPO97Nt0OTDvqSBjhrVQ,isr,train
OLgbYiIpooI,UCs98soN6aBb6gnfbrLl-W0w,???,train
OM2RtlOMb5k,UC28RC-sGjdGyTC4MtVQEMWQ,bzs,train
OMVjlKi4DYE,UCgPgI0FiLs8v18146Suwo-w,csn,train
OMa2-CjDgQQ,UCTwn0S3x3B8LKuPFN3ooAyw,ise,validation
OMjjllBN_4c,UCgSwCawfopWlRFmD9PRaVdA,ase,train
OMt0LOPy2eY,UCYyRpJBseu43EojDdSUcSyA,ase,train
OMu2qix9jaY,UCHckc4mrMU9b7L4hxQeN5HQ,ssp,test
ON1mfgy-iZ0,UChTbPO97Nt0OTDvqSBjhrVQ,isr,train
OOit-RY_oeM,UC7fVfWv6FL7HeTFeSLz-muQ,ase,train
OOljptiioOA,UCgGdDZw3Dj8eBkuWOfXfhgg,fsl,test
OOy6ZrhswaU,UC85LK96DQppcG7tpcqCcvIw,ase,train
OOzqhIftSc4,UCs98soN6aBb6gnfbrLl-W0w,???,train
OP0RCqgv0t4,UC-gc7H_gu_IYUAxO2cu6STA,ise,train
OPEvfBri7cs,UC-8TBU8-W613NU2ysMh8DWQ,ase,train
OPFmTf2s4n4,UC86B_54L0vBsuAiAet4WqSg,ase,train
OPTYAPaXApU,UCWif2ls3MB_CDmg4z17y6tA,ils,train
OQ9qcTJfzeo,UCQJVI4-q2aT-9pSEmwtrMoA,ase,validation
OQUbSIj1KN0,UCGkggeR449U_G_ULi-Y0G0A,hsh,train
OQhlRSTo3bk,UCssTWkeaSLQQhABDed68wdg,fcs,train
OQht7dnoSp4,UCvjJMMJ6FyZEpTJgu0bvg0w,ase,test
OQkyJ22tals,UC5Xzq4Gg6mSNymC4xIaZg1g,ase,train
OSBjMOsi7Jg,UC7JuChYmxhljc49dE3JG6Zw,ise,validation
OT0rM025OyY,UCWif2ls3MB_CDmg4z17y6tA,ils,train
OTPXL7w4pog,UCrv2oILK5tern9teoFrYd5A,ase,validation
OTdOnSXXmqo,UCWWo1pXRj4Nv8sA5R8ySHLA,dsl,train
OUDhisX6EMU,UCSMZ4td6mZMJVxJ2ow7zY4A,ase,train
OUKWZwV8Mf4,UCqd6eos5-i46NbDH1uLWdFQ,bfi,train
OUViKpQQP3Y,UC5H_CO6QGwd9hilVnfujz_w,bfi,train
OUmfPIa3zns,UCe2lcoNfWAp4bc0JySWnkmw,ssp,train
OV9T5flJcPs,UCWif2ls3MB_CDmg4z17y6tA,ils,train
OVGA6K6K9hw,UC7fVfWv6FL7HeTFeSLz-muQ,ase,train
OVYkksQ4xRQ,UCaGw9z5wD70PmLH_V2keTRQ,ase,test
OVyuNMJZt-c,UCYP-co2MKb0rzugG-cHRncQ,ase,test
OW-NApcCBDo,UC75cYKm6WbSk-se1deWaD0g,hsh,train
OW3CdpmD3w4,UChTbPO97Nt0OTDvqSBjhrVQ,isr,train
OWCe2XKCdAA,UCUW9iqeKBSdegW5onoBnx_w,hsh,train
OWGEmtKeDxk,UCtWSKOEuSUkcIjw_l8UjwlQ,ase,train
OX1PGmE4NLA,UCPTbovTtAz9LaZOSHLkpq-A,aed,train
OX53YTRuLSc,UCsuBAbMlPGJ95w3mwhz-30g,ase,train
OXMdTYbUmyU,UCDAOYycn4dnAFICIdeYJWwA,bfi,test
OYZ9M5Cl49M,UCScR0I-J7gGR2jRCjcrt9Og,isr,train
OYf2XVini8g,UCQFtUerX7nRMqQeZMeVTy_w,ase,train
OYvAIHy5HRA,UCkaVvxq4vAwZxRdMQJVBB-A,ase,train
OZ5hX2HyTpQ,UCgVov0p98js4psVaIc3PIyQ,ase,train
OZA3jwz8isg,UC75cYKm6WbSk-se1deWaD0g,hsh,train
OZGChYtn1s8,UC75cYKm6WbSk-se1deWaD0g,hsh,train
OZIemTACtSc,UCTone07FzoY66_X5qp3uPng,ase,train
OZN9ie1RECs,UCjCBX_ZL4T0nCyq3AgFVsDg,asf,train
O_25CzfPw1M,UC75cYKm6WbSk-se1deWaD0g,hsh,train
O_Ibj02ruRo,UCxzLtzsa8TI_sxLCpz4Pl-g,ase,train
O_OM_nSlB9A,UCMqPAPfBGsDMs2UiD-5Tbbg,ase,train
O__2SVGtod0,UCTFpxj9kWu47AwDn5w6dUjQ,ase,train
O_rlERrhBVw,UCmCse9Sfw8t8a2aVqDBfB7w,ase,train
OaGJWdJyPLI,UCebOhQiWvWfWVu2wsqkb4Nw,ase,train
OaR8i5PP470,UCDsoH108wJ2A0GWVbv-laWA,bzs,train
OaSXY2S2834,UCky7bYWLr_5JfYNfdiFYxJg,ase,train
OabMvOWA7kM,UChTbPO97Nt0OTDvqSBjhrVQ,isr,train
Ob3mhDA10yI,UC75cYKm6WbSk-se1deWaD0g,hsh,train
ObEhfAJSPrw,UC75cYKm6WbSk-se1deWaD0g,hsh,train
ObdQctD2rwg,UC1f5xYbrZxLkklmGkow7AgA,svk,train
ObfsOOmYVcY,UCYnxGaBJ2NrdBhjqjW1mtFQ,kvk,train
OcD7V1onFGM,UCsEBkTy545q7ZQXmbRu1szg,ase,test
OcYox0iJ_FA,UCluvxF_mzRdlqZlcFixC6rw,ase,train
Oc_Cce8ld4M,UCQ_jW1xLUF7Sg711yXVvQPQ,ise,train
OelrVcmy3PE,UCGkggeR449U_G_ULi-Y0G0A,hsh,train
OetubYDkYdQ,UCKc4tr7djlPn1jc9IUlLw3w,asf,train
Ofl2lJnlM3Q,UCcmJuUulPHzBUuQbQUN7GzQ,bfi,train
Og-NJcPqPRI,UCWif2ls3MB_CDmg4z17y6tA,ils,train
Og0avmQdSJE,UCwc68gnEuzpx-8z-HFk7hdw,ase,train
Og63OQ7wRJM,UC75cYKm6WbSk-se1deWaD0g,hsh,train
OgYWF_ev5xU,UCQukMGEToh7Dcjsl8ZADaOw,ise,train
Oh1pCoC6dPA,UCl4VX9ACj2r7vsQRMZoGQHw,nzs,train
OhIEhGLS6vc,UCseX61Lzx5F-rNQ1YNaWnSw,bfi,train
OhgINiaNOaQ,UCUW9iqeKBSdegW5onoBnx_w,hsh,train
OhsGztjM9Gc,UC3hOdPWDnQBs9NTt3y2fPRg,ase,test
Oi3t590mY7I,UCaY5JjIf6cKZrynK9Oc3SYQ,asq,train
OiAlJIaWOBg,UCBERhpWcbrcDEsM0A0D36rg,ase,train
OiPJDsFjGYw,UC6b1zI_hrSg-1nAndUEapeQ,ssp,train
OiUVmW-SWg8,UC75cYKm6WbSk-se1deWaD0g,hsh,train
OinAHQrDADg,UC0ssa7FTeHexuO6wHhbX9ow,ase,test
Ojln3VCf4Pw,UChRFBJVzl6c9ePdNALpU3yA,ase,test
OkCLACbSnFg,UCMFKtAdWp9CuKTxHucpxBlA,ase,test
OkQ3cJUVdyI,UCBRYgj8lhwnr9FrETyJbYEA,ise,train
OkRbgTaA8Ec,UC2fTQSA7GccUUtG6RrJq9Hg,pks,train
OkTvgoXQ4us,UC7JuChYmxhljc49dE3JG6Zw,ise,validation
OlSffXwiOSc,UC7cfJx8B_4y_Mg_rK5ku4Vg,ase,train
OlkjW4e6JzA,UCQ_jW1xLUF7Sg711yXVvQPQ,ise,train
Olothut9A-A,UCctnLMs5hWKC_qXO3xZE6XA,ase,train
OmIa21bjxpQ,UCqtaBrGzW-WzWVdhrjCBQ4g,tsm,train
On70x2OEE_A,UCsuBAbMlPGJ95w3mwhz-30g,ase,train
One9a_PzSvc,UC7PByT-DKjERtGRmxfyWvnw,ssp,train
OnfQIxuYWtI,UC-gc7H_gu_IYUAxO2cu6STA,ise,train
OnxkZaOfw_U,UCPNeYbg5gz7AYRCgg8vjhDg,ase,validation
Oo4OgFs3eaM,UCWif2ls3MB_CDmg4z17y6tA,ils,train
OoJki2kmqlw,UCk9vH6gO8-clQt-NZqEdojw,ase,validation
OojMJ7tnfpk,UCizGctLgAahGlOvtSAKdq3g,jsl,train
OpIHevDHMnU,UCe2lcoNfWAp4bc0JySWnkmw,ssp,train
OpQTVMwiLkc,UCFcpIA0onxgAkdsh3K0gpeQ,ssp,train
OpSE6zkW1cY,UCyAPbimBAxWyMA0t96UTbbg,svk,train
OpeXvfxSg9A,UCG4QqdbNxtn64MEYwuQ_AIQ,ase,train
OqDca2WHB-w,UC6WfyWPlLkx-Hz7L88QaZ3A,jsl,train
Oql4jTuHTg8,UCEPuAkI8Fx_dqb2RMoy00CA,asf,validation
Or3YCMWQ3vY,UC8dHtefYYC4TmhRS_0qtKTA,bzs,train
OrFkKwsDe-s,UC75cYKm6WbSk-se1deWaD0g,hsh,train
OrJIBxJnCnc,UCQFtUerX7nRMqQeZMeVTy_w,ase,train
OrsTYSGSPqo,UCrHpt5tgM33jXiIs8_F1VgQ,ase,test
Os83PVPYdXk,UCId7NmQqPKdFYVxK1O6YbgQ,ase,train
OsgCpyMRR5s,UC7FtDnt--bu7TVFMaDdBW5g,ase,train
OsvIfHS3W0k,UCXPRtrhFl8S4-uO7sArtXtQ,ase,train
Oszp8iw9TQE,UCEPuAkI8Fx_dqb2RMoy00CA,asf,validation
OtSXwPwHRx4,UC85LK96DQppcG7tpcqCcvIw,ase,train
OtoBAhyr8y4,UCWif2ls3MB_CDmg4z17y6tA,ils,train
OtojNsoGjGQ,UCRwPaAUrbOL4X7WgxZzIOpw,ase,test
OtpdlzgA42U,UChTbPO97Nt0OTDvqSBjhrVQ,isr,train
OtpeAPvYYSE,UC0-eCrGKtSM_W8E1fT7Gy_g,ase,train
OtszaFYdOPA,UCAPQuZJVtrhK9VoAAvi8z8Q,fss,train
Ou3FSqoMAQo,UCUW9iqeKBSdegW5onoBnx_w,hsh,train
OuW1t07mIvI,UC0ssa7FTeHexuO6wHhbX9ow,ase,test
Ov-2ZDTGQb0,UC99w_Bzj8ikOz8Gpv0prbNg,ins,train
Ov97MJDKWPo,UCuyQHJ4y76-i0w9N33vT-kg,ase,validation
Ovv7lai9gRE,UCFJLzd1pDjTJgPPHCpDfAwA,sgg,train
Ow9wMEH91fc,UC75cYKm6WbSk-se1deWaD0g,hsh,train
OwktW3dKkRM,UC99w_Bzj8ikOz8Gpv0prbNg,ins,train
OwrShPYOACQ,UCSMZ4td6mZMJVxJ2ow7zY4A,ase,train
OxTRTT6rWzY,UC75cYKm6WbSk-se1deWaD0g,hsh,train
OxaAZ22M3xw,UCj4oYRilHPMx97CErna9pXw,ise,train
OxbmvTHTUAo,UC75cYKm6WbSk-se1deWaD0g,hsh,train
Oylm0gtKryY,UCmzoIHeCQkAa7dWEeGsTRbQ,ase,train
OynHkZlRy8A,UCe2lcoNfWAp4bc0JySWnkmw,ssp,train
OzQDSZnbtIA,UC75cYKm6WbSk-se1deWaD0g,hsh,train
Ozbq3OsrmOE,UC3D3um9BcGkQzquorcKWQLQ,ssp,test
OzwMUE_V2a4,UCYyRpJBseu43EojDdSUcSyA,ase,train
P-0WWLwwr-A,UCxnHKNcdZJnlui1GHjJngEQ,ase,train
P-1ZmY0D_q0,UCdOvgbPcNL0iUEAcCYedBSw,ase,train
P-6wPj3R864,UC75cYKm6WbSk-se1deWaD0g,hsh,train
P-D0kEmncGw,UCXPRtrhFl8S4-uO7sArtXtQ,ase,train
P-ECsWB-qko,UCGkggeR449U_G_ULi-Y0G0A,hsh,train
P-HR2gPlACY,UCEPuAkI8Fx_dqb2RMoy00CA,asf,validation
P-UeecW3p98,UCXuTK8atuQJiJ-qLHbjgaag,bzs,train
P-bE0coRXpc,UCtxZKNA_A6x1PGmUHpe850A,gsg,train
P-c2z_l2BbM,UCKzRsAvopxz5PZ47wpctxbQ,ase,train
P0AnFI7MJLI,UCgPgI0FiLs8v18146Suwo-w,csn,train
P0CbkBtSbBQ,UCFtGkxr-rJgohiKKtftwy1A,ase,test
P0HvxffT0Gk,UCQJVI4-q2aT-9pSEmwtrMoA,ase,validation
P0JGI_jNixI,UChTbPO97Nt0OTDvqSBjhrVQ,isr,train
P0WN55x-KlY,UCs98soN6aBb6gnfbrLl-W0w,???,train
P0ZMGSu-cV4,UC_RoM5lDLDEbdt9KDfmSCCw,ase,validation
P0dObEoPkeo,UCSMZ4td6mZMJVxJ2ow7zY4A,ase,train
P1B41-M8Q6Y,UCizMdOew80fbRcOk8uWUyTA,jsl,train
P1zBhI6LRsE,UCTi9woRHA4r8e3oEWF8hxTA,aed,train
P2JO0cYIIe0,UChTbPO97Nt0OTDvqSBjhrVQ,isr,train
P2Y9Q8_GO1k,UCDu0XXRzxz8pvm0PsLpPxFA,ise,train
P2hZQZb4zV8,UC-gc7H_gu_IYUAxO2cu6STA,ise,train
P2n_rln1aYY,UC1xPhlKUKuJ3JH21N8ipwpQ,ase,validation
P30Fq2973Pk,UCUW9iqeKBSdegW5onoBnx_w,hsh,train
P4_v_iDD5MY,UCSXYLdp1b8UtMV-rzYECfyw,ase,train
P4h22yuT0v0,UC5Xzq4Gg6mSNymC4xIaZg1g,ase,train
P4rzHEJjnv8,UCjtd9mJ1HjP1gHsjsm7v0RQ,lls,train
P4s_vpjc_EA,UCFJLzd1pDjTJgPPHCpDfAwA,ssr,train
P4wEPHa_SgI,UC75cYKm6WbSk-se1deWaD0g,hsh,train
P5PmW93fjUU,UCYyRpJBseu43EojDdSUcSyA,ase,train
P5YLaF90tF0,UCSZXCac1P0Eoz4jGr4bQKCA,ase,train
P63wzMxhIgg,UCtjEjgYtRZWFL9pWa4yxtXg,jsl,train
P6SsT2hKH04,UCo6BkyB-xipWbTjUmWQgKcw,ase,validation
P6wOLWFdLhE,UCqtaBrGzW-WzWVdhrjCBQ4g,tsm,train
P755AxsgALE,UCxlYmL9hhZRR2QvwIsJkw_Q,ase,train
P7QK0NTZt5Y,UC4VHfRJHnbcGVLcr9vQIihQ,bfi,train
P7U1slNnPHg,UCUW9iqeKBSdegW5onoBnx_w,hsh,train
P8W7vS8buc0,UCO9zhhszyR4Av4WxwdBJs-Q,ase,train
P8ZRfAMRpE8,UCWif2ls3MB_CDmg4z17y6tA,ils,train
P8mUaCck6hM,UCljpiKbNcI3D8VKjQdm4tog,ils,train
P8x5Mm3GU3c,UCljpiKbNcI3D8VKjQdm4tog,ils,train
P9AYl7lqydM,UCLgti7NuK0RuW9wty-fxPjQ,bzs,train
PABKNHXaGJ0,UClP-V-Ie8wrVo1rzP4OTk5A,gsg,train
PACDtY_NJoQ,UCIeFO--ijTiM9q7c3EaDbhA,hsh,train
PB5ialMc_Tg,UCA17q6v88p8FOlSDiWFkYyQ,bfi,train
PB6ptoboAjQ,UCoA3JvRkP1z3GE6x5jo6OzA,rsl,train
PBXDBtGRIVA,UCA17q6v88p8FOlSDiWFkYyQ,bfi,train
PB_NgcNcOgw,UCYyRpJBseu43EojDdSUcSyA,ase,train
PBvPMbmTdLU,UCUW9iqeKBSdegW5onoBnx_w,hsh,train
PBxCNm7iheQ,UCQ_jW1xLUF7Sg711yXVvQPQ,ise,train
PCiupScMs28,UCizGctLgAahGlOvtSAKdq3g,jsl,train
PDmAay4v3sc,UCgvywbxAcsgJr_gfpqKLXXw,pso,train
PEJQp1Hl7sA,UCqLGAeTQmlRVfLK6jAWvDxA,ins,train
PEY_-U-sdmk,UCoM1KfRfRwaVEMFdhUmpE8w,ase,train
PEag5r-q0t0,UCDAOYycn4dnAFICIdeYJWwA,bfi,test
PF0xRBYOcBg,UCaayieDFpDIZ1b_mspO_Rzg,ase,train
PFUK-6U76aU,UCGTBY_2-dp8cFWDp5fYrQHw,ase,test
PFpSNqb-8XI,UCe2lcoNfWAp4bc0JySWnkmw,ssp,train
PG63xqBQTW4,UCAoG7jS0SdTXX-YqPqRWZKw,ase,train
PGCXsE5tTXE,UCFAo-MDAZrzLtvORMYUcYZg,bzs,test
PGKhUJ0LXAU,UCyCn7hXN9_GNAxGWpSVOSRw,ase,train
PGlfkNwG_io,UCDaXsbs4hNm7X1QC_X9aTMA,ase,train
PHr4AY1Vvd4,,asf,unassigned
PIRJcIQcqxI,UC75cYKm6WbSk-se1deWaD0g,hsh,train
PIZPRkx-ZJk,UCmua5gnqsibv0Gr5dkUfv2w,ase,train
PIeqHy5eIR0,UC75cYKm6WbSk-se1deWaD0g,hsh,train
PJ2FvxVn0FM,UCs98soN6aBb6gnfbrLl-W0w,???,train
PJ4RJgHtbB0,UCO5kEsnz9vd3Fm2OMRTZmrA,isr,train
PJC8uPWj390,UCMZD9P87-3WVUl2-nPOQagg,bzs,test
PJItu2Vcrog,UCGxfHBfP4ZBpg4TDg8v8G3A,ase,train
PK6ftbG3_e4,UCDivIPRtPf_EHSiRfkwkfZA,bfi,train
PKFULsn0sqk,UCGP4wUtKfrvrbjjcSFyGnNw,ase,train
PKIKc9lPV_I,UCPTbovTtAz9LaZOSHLkpq-A,aed,train
PKKAmGcMF24,UCcKetdJqFvXWMkM0WSMKH2w,icl,train
PKSqo-ZZtos,UChTbPO97Nt0OTDvqSBjhrVQ,isr,train
PKdnCsLgZEY,UCkRT0C3TXC50Y2SS0q70NMQ,ase,validation
PKsp4QlzFQM,UC3D3um9BcGkQzquorcKWQLQ,ssp,test
PKtMXP8ECfo,UCuyQHJ4y76-i0w9N33vT-kg,ase,validation
PKxD-V73zwg,UCamF7jhlvj_g2EJcmTuGtRA,ase,train
PKzhayoX41g,UCXuTK8atuQJiJ-qLHbjgaag,bzs,train
PM-dFpIcKFs,UC75cYKm6WbSk-se1deWaD0g,hsh,train
PM7lm7utldY,UCXwOXCSSrGU41dM2IaIubRw,swl,validation
PMIOprVgwU4,UCe2lcoNfWAp4bc0JySWnkmw,ssp,train
PMYltUj1DW4,UCWif2ls3MB_CDmg4z17y6tA,ils,train
PMxVnFO-2ic,UC7JuChYmxhljc49dE3JG6Zw,ise,validation
PN59NXlRlgk,UC1mrgxxrCtcAUBFR5Z9Kn6A,ase,train
PND0IbFaaYg,UCWif2ls3MB_CDmg4z17y6tA,ils,train
PNYUHcygSeM,UCEPuAkI8Fx_dqb2RMoy00CA,asf,validation
PNeG6aU1PsY,UCaY5JjIf6cKZrynK9Oc3SYQ,asq,train
PNh77g-UJCM,UCcD4ou_0CcbWTRPtNhX43_g,psp,train
PNsv4C8fOxI,UCqLGAeTQmlRVfLK6jAWvDxA,ins,train
POKkeQNjFHM,UCaayieDFpDIZ1b_mspO_Rzg,ase,train
POKxBmjGK9A,UCiCKeo9zzgAd04IP8AGxwGA,ase,train
POP6iKIuNRg,UCEPuAkI8Fx_dqb2RMoy00CA,asf,validation
PORcKMrZlTA,UCG8-qn55uMbHBXAD6wv2wAw,ins,train
PPTWMecxsLE,UC3C_5hzp5nV0VXULeXPyaSA,ase,train
PPqb-W_etd4,UC75cYKm6WbSk-se1deWaD0g,hsh,train
PPrvdsEVWKw,UCwTA2ecWjKgiZ_EoYgBavLA,ase,train
PQ8I3DL_mh0,UChTbPO97Nt0OTDvqSBjhrVQ,isr,train
PQm6vGJ7gT4,UCQ-vfa2lSer04XI3Q6P0pjA,ase,train
PQrAz6ii-xU,UCZOG75UwSlaFOu-BmfSccUg,bfi,train
PRBnTIMx7uM,UC75cYKm6WbSk-se1deWaD0g,hsh,train
PRE_3UG0lX8,UCGisGwX9Mh6T6WrJsx-VjDg,pso,validation
PRGpxJRj3MY,UCfaz727ukS3eFYNLysA9rRw,bfi,train
PRUOKqz2CBM,UC4Oyj7LFV0gOgUgNUpyZUQg,ase,test
PRc-8OF7Hv0,UC0UwRthhSbvihspoOxi2rEw,ase,train
PRqV4mRk5zo,UCs98soN6aBb6gnfbrLl-W0w,???,train
PS6bp6SxTg8,UCLG1ZDQqh5e1nVzXsxzeK0Q,bfi,train
PSS6s_dPTQo,UCR_-CWbo1ZhNsQLyzKJL7DA,bzs,train
PSUME_70xMs,UC99w_Bzj8ikOz8Gpv0prbNg,ins,train
PSqxz-OmT-E,UCQJVI4-q2aT-9pSEmwtrMoA,ase,validation
PT1-WpCG3YY,UC85LK96DQppcG7tpcqCcvIw,ase,train
PTLcCB5jacY,UCC85idQHOMQqqD-gGrK7FHw,ase,train
PTZIyqi76hA,UCwR2100YV-gAV83GvHFMeNw,asq,train
PTtDz7SK-Tw,UCGisGwX9Mh6T6WrJsx-VjDg,pso,validation
PTvxz5kzzEE,UC55C6FrDNkoh1-S8tGHdCDw,ise,train
PUmuL9tvRr8,UC75cYKm6WbSk-se1deWaD0g,hsh,train
PUzx2yxwB-o,UCWif2ls3MB_CDmg4z17y6tA,ils,train
PVF0P7xT5ao,UCyQc-FXsBJ9qF7s7iik4VUA,psp,train
PVSbK9A_ucc,UCp2ET1uJICyjOqVoREnHbTA,ase,train
PVzovEbkR7o,UCGQ1207d-sBzP6ak1k68qyA,ssp,train
PWEVWBQcB3E,UCky7bYWLr_5JfYNfdiFYxJg,ase,train
PWN5Y1Pk-8Q,UCWif2ls3MB_CDmg4z17y6tA,ils,train
PWaySHrNN2I,UCMA3KZ55MdHfSgtzQxlIuLg,kvk,train
PXDrBKu1scE,UCtFXZP7uAVr7BBZxvWRLTnw,ase,train
PXH3yJ1e5do,UCqtaBrGzW-WzWVdhrjCBQ4g,tsm,train
PXbXlk30TUI,UCN-A_lQl6uGuQi8vOvBgrSA,bfi,train
PY6skZ7PypQ,UCDAOYycn4dnAFICIdeYJWwA,bfi,test
PZ08yaw33Uk,UCXoTaGyuosnRZbjjlMDX24g,ase,train
PZ2rAmchDbU,UCNM18kUMy03Ud062Y30vfMA,ase,train
PZtPa_1ZC2A,UCJfnKMjX6imsPQWLkc4D7Uw,kvk,train
PZySHQDujjQ,UC6oJGXxO-n-Hzgjyt1Oyobw,ase,train
P_J-JVU-oVI,UC75cYKm6WbSk-se1deWaD0g,hsh,train
P_LnLmMKAs4,UCFJLzd1pDjTJgPPHCpDfAwA,ssr,train
P_nPWmlL51M,UC7fVfWv6FL7HeTFeSLz-muQ,ase,train
PaASzS_5Lw8,UC75cYKm6WbSk-se1deWaD0g,hsh,train
PaDPUv5z4Ds,UChTbPO97Nt0OTDvqSBjhrVQ,isr,train
PaEWgIgjeZA,UCWif2ls3MB_CDmg4z17y6tA,ils,train
PaVkwKPqRHY,UCnmpkEBgS2BDPz6HSOR5Stg,ase,train
Pb02QnHhm2w,UCg1kLT0DEJt_2SL8Lw9h7oQ,gsg,train
Pb_yiznfg3Y,UCFJLzd1pDjTJgPPHCpDfAwA,ssr,train
PbzjnmV72zw,UCWif2ls3MB_CDmg4z17y6tA,ils,train
Pc2fn-nNRJI,UCFfgJbY2jt4Notzk5M3baOA,asf,test
PcK3aBGI164,UCLZ-LkPh14mi5FAhz4XZovg,asf,train
PcPLIklWzuw,UCtxz8jPkqtzLnKBtsvxrQMQ,ase,train
PccFpczAvq0,UCWif2ls3MB_CDmg4z17y6tA,ils,train
Pd0pVNy3pOs,UC8uCXPYvQqfhnic2GdpRkJg,ase,train
Pe3hhOb7sDw,UCqLGAeTQmlRVfLK6jAWvDxA,ins,train
PeT8XZgHgco,UC75cYKm6WbSk-se1deWaD0g,hsh,train
PfMOI4xFNas,UChTbPO97Nt0OTDvqSBjhrVQ,isr,train
Pg3_D7zJ6iQ,UCJeBnwmzj3tVtS-3-sSOC_w,hsh,train
PgrN3IWv91k,UCyl2koki10uOzPU3chYrHuQ,ase,train
PhFpDlAr9Pg,UCSSvkdhCzfPwTWU3NpfEgpw,ase,train
PheiMQ6jaxQ,UCKIv6wCjbu5xj25Jn1BaxNA,ase,test
PhqS9gP_o1A,UCWVUF_aLbNrR_ObLwWZcU2Q,fsl,train
Pi6stTav_pk,UCs98soN6aBb6gnfbrLl-W0w,???,train
PiIMsdDQ3wM,UC75cYKm6WbSk-se1deWaD0g,hsh,train
PiUaH7Wyq1U,UCHr2GqhllLpeUkw67ueN1-A,ase,train
PkS4Yyh_vuk,UCyl2koki10uOzPU3chYrHuQ,ase,train
PkgGR5WUF9E,UCGisGwX9Mh6T6WrJsx-VjDg,pso,validation
PksIJ9_szbA,UC2_WSUCOzT_NABsc5G-aE0A,ase,validation
Plhx1CdaffQ,UCR7_ied3vPnb7Jwmplsz4ug,ase,train
Plj6XiaqD2s,,asf,unassigned
PluoqW7rX-g,UCizGctLgAahGlOvtSAKdq3g,jsl,train
PlxwFQfQDg0,UC1f5xYbrZxLkklmGkow7AgA,asq,train
Plydw6dI3O4,UCaHpmqlbEtpKQSwyUnE9PkA,jsl,train
Pm7VzfGgTfM,UC85LK96DQppcG7tpcqCcvIw,ase,train
PmMucvMisNg,UCgvywbxAcsgJr_gfpqKLXXw,pso,train
PmYeilTNPPc,UCYyRpJBseu43EojDdSUcSyA,ase,train
PmyaaqinOlY,UC99w_Bzj8ikOz8Gpv0prbNg,ins,train
PnJWMK5epzw,UC75cYKm6WbSk-se1deWaD0g,hsh,train
PnVpD3mk_Aw,UCaJQx0XXDGI5FZtIUcfvLWA,ase,train
Pnp-nuBDHSQ,UC3N0FthuGXdS-HTtylzYM_w,ase,test
PoE7P3nvQSo,UC6OCXcxQ4yKoPfsUPWg99bg,ase,train
Poj-up2pRfQ,UC75cYKm6WbSk-se1deWaD0g,hsh,train
PotvfB0etBs,UCOAJ_NBHsABBR26ZD_rLRXw,ase,train
Pp5bwrVKwDs,UClOFVzt6KnhH1cRm17LxBgA,ase,train
PpEJyUJCGNM,UC75cYKm6WbSk-se1deWaD0g,hsh,train
PpGqJSetjgc,UCEPuAkI8Fx_dqb2RMoy00CA,asf,validation
PpKJpKpEpy4,UCyl2koki10uOzPU3chYrHuQ,ase,train
Pp_aWq2pNR8,UCaayieDFpDIZ1b_mspO_Rzg,ase,train
Ppf5KpaqFs0,UCFfgJbY2jt4Notzk5M3baOA,asf,test
Pq42tT4L5o8,UCjCBX_ZL4T0nCyq3AgFVsDg,asf,train
PqCXStH7sgg,UC4SqFeQL9FsN2A-2cBbUS5g,bzs,train
PqdyJWAKCqA,UCuyQHJ4y76-i0w9N33vT-kg,ase,validation
PqfFioGL2IQ,UCs98soN6aBb6gnfbrLl-W0w,???,train
Pr-9YEMgg5Y,UC7grq7w27wu0zllsk4kBiFA,ase,validation
PrHicHWIw2E,UCaY5JjIf6cKZrynK9Oc3SYQ,asq,train
Pre8UpdNubY,UCWif2ls3MB_CDmg4z17y6tA,ils,train
Ps2dI-xiG_4,UC5Xzq4Gg6mSNymC4xIaZg1g,ase,train
PsMIe3bZX0A,UClOsOkZV-sLcukLWWMRfW7A,ase,train
PshjSl20GFo,UC75cYKm6WbSk-se1deWaD0g,hsh,train
Psvycoi5dR8,UC55C6FrDNkoh1-S8tGHdCDw,ise,train
PswP3WcwN40,UC5Xzq4Gg6mSNymC4xIaZg1g,ase,train
PtYdgNlIDps,UChzC_xVgG6hNwzeinTWE0DA,gsg,train
PtbwAr7M2sE,UC1f5xYbrZxLkklmGkow7AgA,asq,train
PthK3Pcyi2o,UC75cYKm6WbSk-se1deWaD0g,hsh,train
PtmCnoSGWIU,UCqLGAeTQmlRVfLK6jAWvDxA,ins,train
PtmhTuhumHc,UCJqEwbw7MfINS4T-oQ47JuA,ise,train
Pu-Z8WxnMLw,UCuf9yL507frOvcAEMGajJyg,ase,train
PuTf8rZUkbA,UCEPuAkI8Fx_dqb2RMoy00CA,asf,validation
PuZUpecBTPc,UCqLGAeTQmlRVfLK6jAWvDxA,ins,train
Pupv4wR3br8,UCzRCa1CaqSk2zGn0LlLHnlQ,pso,train
Pv3OuyeM7CU,UCT_ibOnQ79FD6UX9nUwl1Fw,ise,train
PvwLIafc324,UC75cYKm6WbSk-se1deWaD0g,hsh,train
PvxwaOEKL34,UCe3_F2KJ-rJ1I0dN_iDgzfg,ase,train
PwF_xtp3RHI,UC2bK5-reqE8zppmJJ9kZdVQ,ase,train
PwNIRNWe9T0,UC85LK96DQppcG7tpcqCcvIw,ase,train
PwNYlZplE5Q,UCx8jxChJznkRPJCE79qldOg,pso,train
PxQt-NIoQEo,UC7fVfWv6FL7HeTFeSLz-muQ,ase,train
PxtwICKF6SI,UCXAivKbEyzTb5tqwEu2ZDcw,ase,train
PysHBPYlm3g,UCWif2ls3MB_CDmg4z17y6tA,ils,train
PzS-E_sxjIo,UCTKsrvPypyh3flFdEWqo53A,ase,train
PzUOKEbVDv0,UCWif2ls3MB_CDmg4z17y6tA,ils,train
Pzlt_vj5Pso,UCaDrIDvpB0HdFTkpdjTPwSQ,rsl,train
Q-5UMKn0gVM,UC-gc7H_gu_IYUAxO2cu6STA,ise,train
Q-eyeFYbOhA,UCwYuuluV2ehHaWra2NmeMEA,fsl,validation
Q-wCZdNAMAY,UC-gc7H_gu_IYUAxO2cu6STA,ise,train
Q0E6aJumK-4,UCqLGAeTQmlRVfLK6jAWvDxA,ins,train
Q0ZkhNqUF60,UCuyQHJ4y76-i0w9N33vT-kg,ase,validation
Q0bwrUVpjVM,UCT_ibOnQ79FD6UX9nUwl1Fw,ise,train
Q0gfYYCnyhk,UCQJVI4-q2aT-9pSEmwtrMoA,ase,validation
Q1H12PaWroc,UCgEYcVOHaAhiJV9WpWwtisQ,ase,train
Q1OmDY2v89A,UCaSEiX0MrVi5-IBsgCgwqPw,ase,train
Q1U9DSbX9Js,UCU_RQp2FXHdS67j9NiucH7Q,lls,train
Q1Ws66nbIPI,UCUW9iqeKBSdegW5onoBnx_w,hsh,train
Q1Z1BjgiyY4,UCuyQHJ4y76-i0w9N33vT-kg,ase,validation
Q2I_vSIvfgk,UC75cYKm6WbSk-se1deWaD0g,hsh,train
Q2IaSHkJ7jU,UCYogpIfU7-Cy19rDs1WnpaA,aed,train
Q2JWVEjsVZU,UC_UrP9dLp5R3wYJhqqz2btg,jsl,train
Q2STZroUKx8,UCpSikih7IbGHYmrHqWusbPA,pso,train
Q2SsEJL4ySs,UCjCBX_ZL4T0nCyq3AgFVsDg,asf,train
Q2lacxR-kiM,UClv1kekXgC4s8Is-f1OBqQg,ase,train
Q2m1y3G--tc,UCMZD9P87-3WVUl2-nPOQagg,bzs,test
Q2rKFafDKiM,UCe2lcoNfWAp4bc0JySWnkmw,ssp,train
Q2wbaNiO0qk,UCszvwqbz04iulT9divgrNHw,ise,train
Q2zbnEYUqow,UC75cYKm6WbSk-se1deWaD0g,hsh,train
Q3DJ16TdrCg,UCWVUF_aLbNrR_ObLwWZcU2Q,fsl,train
Q3PZKUJApN0,UC75cYKm6WbSk-se1deWaD0g,hsh,train
Q3ROKNkKJF8,UCTJNV9I5LiMuOw6ReZYiKCA,fsl,train
Q3RXIsG0bdo,UCXAivKbEyzTb5tqwEu2ZDcw,ase,train
Q3Y1Kqv4loo,UCT9GZbjbgR-N7RkCRVp_weA,bfi,test
Q4UuIn-y308,UC9iTjM1LI5k60EhfTwNPO5w,ise,train
Q4Y9pAVcDCQ,UC7JuChYmxhljc49dE3JG6Zw,ise,validation
Q4lerTL0V7k,UCeXUV00dWAGylsNmzTnQoBA,ase,train
Q4ssOiCoEZI,UCaayieDFpDIZ1b_mspO_Rzg,ase,train
Q51fkaBaWHg,UCqLGAeTQmlRVfLK6jAWvDxA,ins,train
Q5qkBmdGRug,UCTwn0S3x3B8LKuPFN3ooAyw,ise,validation
Q5x5ARTrPaU,UCypp5hZ4UgHbXj5_44EVkcg,fsl,validation
Q65ECaprdC8,UCQmVgPZHUzskORIH4GMzhJQ,bfi,validation
Q67mFce_v9U,UCSMZ4td6mZMJVxJ2ow7zY4A,ase,train
Q6Jrp_gOKpA,UCHWGrg1onMlNiEiC5nq0y7g,gsg,train
Q6yfU72Ukyo,UCx8jxChJznkRPJCE79qldOg,pso,train
Q6zrtffyKWA,UC75cYKm6WbSk-se1deWaD0g,hsh,train
Q70Kz4o54GY,UC75cYKm6WbSk-se1deWaD0g,hsh,train
Q795D94Vz7o,UCyxmIWJ8ddzJ2Ct89DlTAIA,asf,train
Q86aimnRsns,UCuseIvrm7VZrcUJipa5yw9g,ase,train
Q8Ll9mQNaI4,UCqLGAeTQmlRVfLK6jAWvDxA,ins,train
Q8oQOvuHWmw,UCMHI7Qjro6J8VWFPHlcpyyQ,pso,train
Q9F0maobQcE,UC3p9-cdApmRUOgQ4-M4P01w,ase,train
Q9y8Amc34Zs,UC3hOdPWDnQBs9NTt3y2fPRg,ase,test
QAVt8hEdGJs,UCaayieDFpDIZ1b_mspO_Rzg,ase,train
QAYAQXiBVIk,UCWif2ls3MB_CDmg4z17y6tA,ils,train
QAnjaKkZKRs,UCufxp6ZwK8zEstJ4BISgG4A,ase,validation
QAxvQCer9lo,UCK4l01VdkIXI3lA9ey1gUAA,icl,train
QB-nEWe1JOA,UC6AhVjMzrLvPZDB9ifJedDQ,ase,train
QB2VMBfLUOs,UCaY5JjIf6cKZrynK9Oc3SYQ,asq,train
QBCddXwxrEs,UC1f5xYbrZxLkklmGkow7AgA,cse,train
QBJ-xSC6CBw,UCHYhDUKzFJYtxa1aGB3cpmw,ase,train
QBoCQ629o4s,UC85LK96DQppcG7tpcqCcvIw,ase,train
QBwuhvz8LAk,UC313FOvFt7xisV08qelCCKA,ase,test
QC5ZAURyzcY,UCFJLzd1pDjTJgPPHCpDfAwA,slf,train
QC7Jkyt6-gM,UCufxp6ZwK8zEstJ4BISgG4A,ase,validation
QCMPIMDLmoo,UC-8TBU8-W613NU2ysMh8DWQ,ase,train
QCybLq6nGqw,UCuanpEILmzKOj6UHQGSk4Qg,bfi,train
QDo7GsymsZc,UCtCEoFMIllD5aOYneLrP4Vw,ase,validation
QELWWvXzHAI,UC99w_Bzj8ikOz8Gpv0prbNg,ins,train
QEOoXB5eBdY,UC75cYKm6WbSk-se1deWaD0g,hsh,train
QET5rde4bjM,UCN8uaaGBwIM85EnuQfPDXMw,bfi,validation
QE_ULifKb9I,UC7fVfWv6FL7HeTFeSLz-muQ,ase,train
QEk1XZS0liw,UCFcpIA0onxgAkdsh3K0gpeQ,ssp,train
QF0n_qD6yXA,UCDWuLgx0vTYBGr1G-diNgSw,jsl,train
QF3HKbaosF8,UCyIjlBUwgXeKO6MZ2Ospaxw,jsl,train
QF3sUzZhQ6w,UCuyQHJ4y76-i0w9N33vT-kg,ase,validation
QFHRJ4_9XT4,UCAPKIo9ykV8iShMmG7c-BQA,swl,train
QGHtw0EjFL8,UCU4TCWHYuYURPLua-v76kuA,ase,train
QGJw_gNocRU,UC5H_CO6QGwd9hilVnfujz_w,bfi,train
QGN1HIw2ue8,UCOluMJeRlxs4pNnFsvcXvYA,ase,train
QGPIAXpN8uc,UC7fVfWv6FL7HeTFeSLz-muQ,ase,train
QGSr98PqZMc,UC_UcChE_YAN4uCWUj0CSLeQ,ase,train
QGV5WN0yU_A,UC_9x0YFY3tQhHD1oxDriZ9g,sgg,train
QGZ5VNuAcC8,UC75cYKm6WbSk-se1deWaD0g,hsh,train
QGcHq2FkgL4,UCrcYjoyYuUQhxwlX69cCn4Q,ase,train
QGdcaTOm2Pk,UCR7_ied3vPnb7Jwmplsz4ug,ase,train
QGeKlyACkVw,UC75cYKm6WbSk-se1deWaD0g,hsh,train
QGfPSvOEJQA,UC85LK96DQppcG7tpcqCcvIw,ase,train
QH42oo4A9fI,UChTbPO97Nt0OTDvqSBjhrVQ,isr,train
QHWLXObhE9c,UC75cYKm6WbSk-se1deWaD0g,hsh,train
QHZcMs2cwfE,UCXh-CAe3Rf--BhQgV4FvVqw,ase,test
QHtSaHzgLAI,UCWif2ls3MB_CDmg4z17y6tA,ils,train
QI9nXpvTTf4,UCMUYVKci-ClDNbwHf-6EPyQ,ase,train
QIRHy5pQRg8,UCFfgJbY2jt4Notzk5M3baOA,asf,test
QIoxV-pfzWM,UC75cYKm6WbSk-se1deWaD0g,hsh,train
QIxxiLPFEG4,UCAPKIo9ykV8iShMmG7c-BQA,swl,train
QJ0uksY6yfo,UCe2lcoNfWAp4bc0JySWnkmw,ssp,train
QJ7jcCbpwUQ,UCjVpsnDflFe9dOWZWlnxUrA,ase,train
QJVOkIH-Wqw,UCp1ei78EfKnQwthUXjfkjaw,bzs,train
QJbLCX3Wk7M,UCA7yuvsX0I5xX_SSXUJQJ1w,ase,validation
QK3l7FdmE_c,UC75cYKm6WbSk-se1deWaD0g,hsh,train
QK5D2_BBK1g,UCwcJIfRFwLcZF_teq6A86dA,ssp,test
QK5lFAW_WhU,UCfLul2uPakgQyTab23cYB7Q,asq,train
QK9dTopxZiA,UCa0NtaDK8Hcd0mpBqPsE8jA,ase,train
QKKA0wknD28,UC4mmUfuLa8bQS6-DEcE0nmA,bzs,train
QKOBeCZ90TA,UCSWAjWmKu2qNdHxFeLSBgpA,dse,train
QKOBmiKnZCY,UChQlizs-OWsYy4KooijW80g,ase,train
QKkMoqKkskQ,UCLZ-LkPh14mi5FAhz4XZovg,asf,train
QKmGVv0SAgc,UCHBvS1eMuD3sjLKQ3l-nQSQ,ase,train
QKx7ZANyFZI,UC4rj7Ns8MtIqoI7i0Lagkng,jsl,train
QL03cMWyE-s,UC5Xzq4Gg6mSNymC4xIaZg1g,ase,train
QL51VwTpBgM,UChTbPO97Nt0OTDvqSBjhrVQ,isr,train
QLZf8lGi-No,UCJzu69TgtBwVc03QEP9gL6A,rsl,train
QLa35G5cHQI,UClv1kekXgC4s8Is-f1OBqQg,ase,train
QLfDi3DSSPI,UCs98soN6aBb6gnfbrLl-W0w,???,train
QLp_DAmOHQ4,UC1f5xYbrZxLkklmGkow7AgA,svk,train
QLsFRIDBIKk,UCaayieDFpDIZ1b_mspO_Rzg,ase,train
QM4MHkLeQTM,UC75cYKm6WbSk-se1deWaD0g,hsh,train
QMVxLelumyw,UC55C6FrDNkoh1-S8tGHdCDw,ise,train
QMaBJfz1C2c,UCcLRc_9b-3-maYyPM8p1rGg,aed,train
QMc2bByNMxw,UCszvwqbz04iulT9divgrNHw,ise,train
QMh32ReiXZM,UCM9Tnwc56hOELuktC746uag,ase,train
QMm4UI4nmWk,UC75cYKm6WbSk-se1deWaD0g,hsh,train
QMy8WRX1dPw,UC75cYKm6WbSk-se1deWaD0g,hsh,train
QNCzyGiITfE,UCmTfNRUoOTCYi4CY5b9YTMA,ase,train
QNEbXgOq7iY,UCDaXsbs4hNm7X1QC_X9aTMA,ase,train
QNf9sO3f5ZQ,UCFuu8KsC_I8RUWsRopecLOQ,bzs,validation
QOBF_ecJr7I,UCGisGwX9Mh6T6WrJsx-VjDg,pso,validation
QOBMrY9Uo1g,UCtCEoFMIllD5aOYneLrP4Vw,ase,validation
QOna41P7ozM,UCYnxGaBJ2NrdBhjqjW1mtFQ,kvk,train
QP8HzRm8mFI,UChTbPO97Nt0OTDvqSBjhrVQ,isr,train
QPcn1pvrnuc,UC75cYKm6WbSk-se1deWaD0g,hsh,train
QQImlGHO_W8,UCWbnHpCljj8MuTeNnCiNVew,ase,train
QQUwMR_6DQU,UCe2lcoNfWAp4bc0JySWnkmw,ssp,train
QQaMz-1EHUk,UC55C6FrDNkoh1-S8tGHdCDw,ise,train
QQcg72TU7Rs,UC75cYKm6WbSk-se1deWaD0g,hsh,train
QQkQ_r9IHs4,UC99w_Bzj8ikOz8Gpv0prbNg,ins,train
QQthCMXgiaM,UCp9t1SmwYULLj42tl5BdKpQ,ase,train
QR2VdnDPSUg,UC2fTQSA7GccUUtG6RrJq9Hg,pks,train
QR3CmSDhnoI,UCyD6epypPmiwcb_0n7hofuQ,swl,train
QRADGqAa09k,UCpLtzKe6f_CWcISIhdQ2ncA,ase,validation
QRxFpSd2_yc,UC85LK96DQppcG7tpcqCcvIw,ase,train
QS8tQBwwvEg,UCiawIaoh8sdgcGenM88NkHA,pso,train
QTRLgSv1upE,UC1f5xYbrZxLkklmGkow7AgA,asq,train
QTZf2OP6XwQ,UCDivIPRtPf_EHSiRfkwkfZA,bfi,train
QTvrrD4Faq8,UCs98soN6aBb6gnfbrLl-W0w,???,train
QU1pcHg2YQw,UCuyQHJ4y76-i0w9N33vT-kg,ase,validation
QU38YwNAzpg,UC99w_Bzj8ikOz8Gpv0prbNg,ins,train
QUDIDt_YYxs,UCGisGwX9Mh6T6WrJsx-VjDg,pso,validation
QUMO6kPPz2Y,UCDivIPRtPf_EHSiRfkwkfZA,bfi,train
QUbUBeZWuyw,UCtWSKOEuSUkcIjw_l8UjwlQ,ase,train
QUebjRLsrDc,UC3hOdPWDnQBs9NTt3y2fPRg,ase,test
QUySfvHRw9U,UCuf9yL507frOvcAEMGajJyg,ase,train
QUzKWZZzViM,UCXAivKbEyzTb5tqwEu2ZDcw,ase,train
QVEdHXE-xGU,UCaayieDFpDIZ1b_mspO_Rzg,ase,train
QVMa2XO7TNE,UCWPkrOk-WKilNHCrpXa17JQ,ase,train
QVNXbq8BmdE,UCKZipOudFKJtiZ_3VJKKcng,vietnam,train
QVfFqyIxYgU,UC75cYKm6WbSk-se1deWaD0g,hsh,train
QVnVhTfxvpw,UCDu0XXRzxz8pvm0PsLpPxFA,ise,train
QW39zVPjKuY,UCDWuLgx0vTYBGr1G-diNgSw,jsl,train
QW5YvmzMU3w,UCyxmIWJ8ddzJ2Ct89DlTAIA,asf,train
QWAic5-xG1k,UC99w_Bzj8ikOz8Gpv0prbNg,ins,train
QWlb1GWXUtQ,UCXuTK8atuQJiJ-qLHbjgaag,bzs,train
QWueZTJ7MVM,UCs98soN6aBb6gnfbrLl-W0w,???,train
QX1jbDjhyFc,UCfrYaR1kmCHf8ddHb8O8niw,lls,train
QXYQ6qRFqiQ,UCEPuAkI8Fx_dqb2RMoy00CA,asf,validation
QXsRO53-kSM,UC75cYKm6WbSk-se1deWaD0g,hsh,train
QXujl0OU6N8,UCnh8ToPMuv3UbgY6nbPVEhQ,ase,test
QXx4fPEDSKc,UCuyQHJ4y76-i0w9N33vT-kg,ase,validation
QYgMne3mYGQ,UC3Z-XjH9KLIvQwU9J4-erSg,swl,train
QZRZoP3t-NA,UC75cYKm6WbSk-se1deWaD0g,hsh,train
Q_F-c6hh4io,UCz4zajXzH7ZfQNfw2wQwZ0g,ase,train
Q_PVI_pjtdU,UCgPgI0FiLs8v18146Suwo-w,csn,train
QaDK8qduaxI,UCGxfHBfP4ZBpg4TDg8v8G3A,ase,train
QaKHnQXtIYI,UCs98soN6aBb6gnfbrLl-W0w,???,train
QaKpC6CtlZo,UC_9x0YFY3tQhHD1oxDriZ9g,sgg,train
QaLbPsXR7f0,UCEp0rsZTbruVpumG5NLaNFA,ase,train
QaQ2Uc8VqX4,UCBuswEaVnR4hOUPy1R06wKw,ase,train
Qacv-lDcano,UC99mR9Uvb6VuIlb4CW4czgg,pso,train
QaeXrMWdZac,UCdTytgz2Mvb6odTHH9iNv8Q,ase,validation
QbCoflczjlg,UClf6uXqvt7z6Xr2wqGNxtwg,ase,train
QbiBj3jmlsk,UCgtGqac0XToRo3iql_TN-mg,ase,train
QcDQuT8j3xU,UCaayieDFpDIZ1b_mspO_Rzg,ase,train
QcLcnyGxtj4,UCeM9ju-z8IoVGomUJHd7DLQ,pso,train
QcOqJv9LE1E,UCAPKIo9ykV8iShMmG7c-BQA,swl,train
QcXDU_zkmus,UC5H_CO6QGwd9hilVnfujz_w,bfi,train
QcviXUlws00,UC75cYKm6WbSk-se1deWaD0g,hsh,train
QcxYmSTTxWs,UC-8TBU8-W613NU2ysMh8DWQ,ase,train
QdeDmrOHLs8,UCEPuAkI8Fx_dqb2RMoy00CA,asf,validation
QdemMyiu0gk,UCuLgHM31H7PmEAY92jBSU_Q,jsl,test
QeO2Tfv-7jY,UCqtaBrGzW-WzWVdhrjCBQ4g,tsm,train
Qedtn5wQS-c,UCOeNSKrOvPqk27YO9WycVvA,ase,train
QeiH2YxyBvQ,UCufDAfMXMca-RdSxPkosYrg,hsh,train
QfAT970a29o,UC5Xzq4Gg6mSNymC4xIaZg1g,ase,train
QfKZbxCAPBg,UCGisGwX9Mh6T6WrJsx-VjDg,pso,validation
QfQw_AN4bFM,UCI4A_xft-8uziHWd1-Q0NWA,ase,train
QfRPrYv8ykI,UC99w_Bzj8ikOz8Gpv0prbNg,ins,train
QfSHueqytqE,UCCkAfmCTGkgJi3QlB_6vkqw,jsl,train
QfsyBniNXGI,UC8XDnm6pem9XoJTjSlEGGtg,eso,train
Qg0Mspqj2TA,UC2KiaiFBcd9f5OMKO72uAaw,bfi,train
Qg42B5JVyKg,UCjCBX_ZL4T0nCyq3AgFVsDg,asf,train
QgH5KE33aTM,UC-8TBU8-W613NU2ysMh8DWQ,ase,train
QgHTsz1_xIQ,UCfSW63gpYNn98Wln-2lOmgQ,ase,train
QgM6zYEU0wU,UCwZMVa2C8Fgz2cyg7u7Tnpg,ase,train
QgTPL4L5iMQ,UCUApa257qMLu-Y2scz2QR7g,ase,train
QgcEkfsXTEw,UC75cYKm6WbSk-se1deWaD0g,hsh,train
QgfHc8-KLn8,UCMFQL3VqOivMVDfwt5VlZuw,ase,train
QgjTXjaw8r8,UCn7yxqMJA4q2UPE4gmfDqHQ,gsg,train
QgpduS12vuE,UCaayieDFpDIZ1b_mspO_Rzg,ase,train
Qgr2hcEiPlQ,UChTbPO97Nt0OTDvqSBjhrVQ,isr,train
QgvCrW38M2E,UCzxWduRjGn_A8rEf_-FtL5Q,pso,train
QiW6R8NcbE0,UCfTOwuogte5nkoxLxcP5HWQ,ase,test
QiiF-tDCOZQ,UC-iVYLlTgr-RTRMgvvoxIiQ,ase,train
QirLZShGfPs,UCCOaLeJLHuYax7_k5wbC6cw,ase,train
Qis9PXdOgzg,UCuLgHM31H7PmEAY92jBSU_Q,jsl,test
Qiy60BGwRT8,UCqtaBrGzW-WzWVdhrjCBQ4g,tsm,train
Qj2t09mU3Ko,UCSMZ4td6mZMJVxJ2ow7zY4A,ase,train
Qj4_rrSmgKk,UCB2TPZ9vox9PvK9arORVtNg,pso,train
QjLbp0lKg-0,UC75cYKm6WbSk-se1deWaD0g,hsh,train
Qja8Hom_ccM,UC75cYKm6WbSk-se1deWaD0g,hsh,train
QjbXrFlsBhw,UCc0GJrmUnCvxr5H7vjxx0eg,bfi,train
QkznO9XOglo,UCuyQHJ4y76-i0w9N33vT-kg,ase,validation
Ql8Hx5dEk1M,UC-gc7H_gu_IYUAxO2cu6STA,ise,train
QlHLT32tKqA,UCdTytgz2Mvb6odTHH9iNv8Q,ase,validation
QlKOIigRKh4,UCcoDU9dD-DyTN_2PZM6vf4g,gsg,train
QlPmEAkbSHg,UCvoOiiaQP-XJ8Kv6JY5da0A,ase,validation
QldhqFJtf0Q,UCqLGAeTQmlRVfLK6jAWvDxA,ins,train
QldraZdLrBQ,UCFJLzd1pDjTJgPPHCpDfAwA,ssr,train
QlzQg4XakAA,UCe2lcoNfWAp4bc0JySWnkmw,ssp,train
QmWCarfdDBo,UCcKetdJqFvXWMkM0WSMKH2w,icl,train
Qme3cB5F6SU,UC75cYKm6WbSk-se1deWaD0g,hsh,train
QmfWB09Ttk0,UCB2TPZ9vox9PvK9arORVtNg,pso,train
Qmz75oRhsYE,UC75cYKm6WbSk-se1deWaD0g,hsh,train
QngKFxjMY-0,UC3D3um9BcGkQzquorcKWQLQ,ssp,test
QnpSvB9IXDQ,UC4VHfRJHnbcGVLcr9vQIihQ,bfi,train
Qo46gKddQ0U,UCs98soN6aBb6gnfbrLl-W0w,???,train
Qo9AIHu0nt4,UCyK_P6PID7pzK6eEwBPCB0w,ase,test
QoA89SIhR7k,UCNMh0csop45XxYU0itusr1Q,jsl,train
QoFBE-yxOqo,UCuyQHJ4y76-i0w9N33vT-kg,ase,validation
QoQmt12XVPs,UCP5Y5m52u1a8vEx8VsHmyRQ,ase,train
QoRYOKYGyx4,UC75cYKm6WbSk-se1deWaD0g,hsh,train
QoyE9McGOsc,UCw5kLIHIJZPjetMjbjLSHQg,ase,train
QpCNGduWFEg,UC75cYKm6WbSk-se1deWaD0g,hsh,train
QppMjOY8lKI,UCqLGAeTQmlRVfLK6jAWvDxA,ins,train
QprzW2k9Se8,UCjCBX_ZL4T0nCyq3AgFVsDg,asf,train
Qq7GeGQu2_E,UC6IwTu3DmTe5bsElEqO4rdA,fsl,validation
Qq948l4CQxM,UCNMh0csop45XxYU0itusr1Q,jsl,train
QqD43eDG3T4,UChIBEXStFmBeqKWI3uJmtTw,ase,train
Qr0wpX_6Dxg,UCYnxGaBJ2NrdBhjqjW1mtFQ,kvk,train
QrbK83Le7gY,UCWif2ls3MB_CDmg4z17y6tA,ils,train
QsV6X3GRmfk,UC7JuChYmxhljc49dE3JG6Zw,ise,validation
Qsd6_5TPYwY,UC75cYKm6WbSk-se1deWaD0g,hsh,train
QtBelZmxHeI,UCs98soN6aBb6gnfbrLl-W0w,???,train
QtPbHFa7NlU,UCFfgJbY2jt4Notzk5M3baOA,asf,test
QteA666X-oI,UCe2lcoNfWAp4bc0JySWnkmw,ssp,train
QtgBXqP4wVk,UCqtaBrGzW-WzWVdhrjCBQ4g,tsm,train
QtngK2eeX2E,UCPV8xZOt__9bqGsbn3yF37A,ase,train
Qtu37tHGpQ4,UCziuFqo3zvUPYzruVnOP5mQ,ase,train
QtvRp89hQLs,UCPNeYbg5gz7AYRCgg8vjhDg,ase,validation
QuMni3ZOFj4,UCKyWIEse3u7ExKfAWuDMVnw,gsg,validation
QuPiyUy3FYk,UCjVhd0ghms_iD8JTQ3SAn-g,ase,train
QulkZWI6GTE,UCHckc4mrMU9b7L4hxQeN5HQ,ssp,test
QuqFealcRMc,UC75cYKm6WbSk-se1deWaD0g,hsh,train
Qv8Vwsx8-WA,UCAjgvDWCq3q0orL2e3AhIAA,ase,train
Qva0KIYYNR4,UCqLGAeTQmlRVfLK6jAWvDxA,ins,train
QwT6rUUwZTQ,UC6OCXcxQ4yKoPfsUPWg99bg,ase,train
QwiEOLnbKmo,UCaayieDFpDIZ1b_mspO_Rzg,ase,train
QwpDdgHNR5o,UCFuu8KsC_I8RUWsRopecLOQ,bzs,validation
QwyYZ37YL-g,UCaayieDFpDIZ1b_mspO_Rzg,ase,train
QxWcuZsl8Q8,UCIeFO--ijTiM9q7c3EaDbhA,hsh,train
QxbS05yyKuE,UCctnLMs5hWKC_qXO3xZE6XA,ase,train
Qy4buiNV8oY,UC7PByT-DKjERtGRmxfyWvnw,ssp,train
QycmA4aQflE,UCjoTffCCg-ShpqAFtP6MJQQ,gsg,test
QzA9cuMbml8,UC75cYKm6WbSk-se1deWaD0g,hsh,train
QzbyAl3ctHU,UCAPKIo9ykV8iShMmG7c-BQA,swl,train
QzedyYl-x2U,UClv1kekXgC4s8Is-f1OBqQg,ase,train
QzqLLA53dQk,UCBdpdF0Q7UVBrJRrGgN1PeA,ase,train
R-3S9uZbrAk,UCUW9iqeKBSdegW5onoBnx_w,hsh,train
R-aCunLL-X0,UCyK_P6PID7pzK6eEwBPCB0w,ase,test
R-yxjBsm5LU,UC0OJaZrsgoV3bGaPO5i4jdA,swl,train
R0SxGEVNhBM,UCe2lcoNfWAp4bc0JySWnkmw,ssp,train
R18wW95ZfD4,UCJzu69TgtBwVc03QEP9gL6A,rsl,train
R1PSifB70jg,UCtjEjgYtRZWFL9pWa4yxtXg,jsl,train
R1bH5_6wckI,UCfcUb7cN2ss_hmp5A1PBL-Q,ase,train
R2FAcxmZg8k,UC-IxzLFd4ph-4vv1-5VtfdQ,ase,test
R2XeTyKoKig,UC75cYKm6WbSk-se1deWaD0g,hsh,train
R2iXcVszR5E,UCB2TPZ9vox9PvK9arORVtNg,pso,train
R3cQYrI2WO0,UChTbPO97Nt0OTDvqSBjhrVQ,isr,train
R3wXjo8hyhA,UCtCEoFMIllD5aOYneLrP4Vw,ase,validation
R4XYBRQK0_Q,UC75cYKm6WbSk-se1deWaD0g,hsh,train
R4gZsh86cbs,UCAPKIo9ykV8iShMmG7c-BQA,swl,train
R4jTiL5Lgco,UC-gc7H_gu_IYUAxO2cu6STA,ise,train
R4orPw2RUkk,UCe2lcoNfWAp4bc0JySWnkmw,ssp,train
R4xZ6z5_oCc,UClH-iALhZ2niASkp-XSNGpA,inl,train
R5cBq5cbovQ,UC2WDqEZwIoRT3cV6aY_CHvg,ase,train
R6_mzcWh62c,UCEPuAkI8Fx_dqb2RMoy00CA,asf,validation
R6d130gly-k,UCAPKIo9ykV8iShMmG7c-BQA,swl,train
R6dVvtTGCS4,UC3hOdPWDnQBs9NTt3y2fPRg,ase,test
R7Et-roTyHs,UCjJuQ_lsS8Eyee-yCmdFB6g,ase,train
R7QEpMTRiYM,UCRSi-8QuPOeBBhFZmHZI5xA,ase,train
R7VXKrrg4_I,UCUW9iqeKBSdegW5onoBnx_w,hsh,train
R7bI3AeoPpg,UCs98soN6aBb6gnfbrLl-W0w,???,train
R7d5WkifiNM,UC75cYKm6WbSk-se1deWaD0g,hsh,train
R7l6AdAs6UE,UC00w49_nb3oRX8rC5sGFdxQ,sgg,train
R7lxeMiHzp4,UC7fVfWv6FL7HeTFeSLz-muQ,ase,train
R8AfLOmghfw,UC5OrUrp-NYNsrXsNIn4DzRQ,ase,train
R8Hy_uvLR-w,UCAPKIo9ykV8iShMmG7c-BQA,swl,train
R8Nm2rKGhPQ,UCgvywbxAcsgJr_gfpqKLXXw,pso,train
R8UbUCnE4YU,UCtjEjgYtRZWFL9pWa4yxtXg,jsl,train
R8pcXZNFUMo,UC6c7HMUMF_A7nZi2ysLfnig,ase,train
R9ScfEHrAns,UCpKPV8LS9y2qUuuExuOJ1sg,pso,train
RA6zwh5QMxE,UCuyQHJ4y76-i0w9N33vT-kg,ase,validation
RAE1StEpan8,UCaTMaFNkTiwgsSQ7FYaiaTQ,ins,train
RAUArYEdImI,UCLB6I_tLs5ardhO_HRyKN0A,swl,train
RAb0Mei4vjc,UChTbPO97Nt0OTDvqSBjhrVQ,isr,train
RAgyCxxPbZU,UCyK_P6PID7pzK6eEwBPCB0w,ase,test
RAovL-ZQfKc,UCWVUF_aLbNrR_ObLwWZcU2Q,fsl,train
RB3jfffTaEg,UC5JceFjXJRyp7dzuT96dWiQ,asf,train
RB9auQu2TpQ,UCHBvS1eMuD3sjLKQ3l-nQSQ,ase,train
RBOvoDEWg1M,UCbdRgG-NhSwFlRV3MGVp_cQ,dse,train
RB_9287T7AE,UCDRIKox5aKmzAMnWj4pAfOA,bzs,train
RC8Mkxt3PpI,UC75cYKm6WbSk-se1deWaD0g,hsh,train
RCfMP91HEPA,UClxAZnsU6AK4pX3dcFdSDPQ,ise,test
RChtyLd38PY,UCCZ_femzSxK1e936MTU9TaQ,asq,validation
RCi45Oumau8,UCaayieDFpDIZ1b_mspO_Rzg,ase,train
RCrnMCgGRBY,UC1f5xYbrZxLkklmGkow7AgA,svk,train
RD7kIwbYBao,UC7JuChYmxhljc49dE3JG6Zw,ise,validation
RDFgNt_uHe8,UCTi9woRHA4r8e3oEWF8hxTA,aed,train
RDKNU5p0aEY,UCYJlmq8muNdMMfbaHfjc7KQ,ase,train
RDMAC5Dubfw,UCsuBAbMlPGJ95w3mwhz-30g,ase,train
RDWDDPWDv9c,UCqLGAeTQmlRVfLK6jAWvDxA,ins,train
RE0mE9eTTD8,UCPU9T-mjmpi46QcLonTHPvA,bzs,validation
REGM8ZBp13U,UCutBHggRFn38J-tfVGC2tBw,ase,validation
REv1FtYvy5s,UCVIbI5DOBbWvfeyOv1VmUkQ,ase,train
RF0ol2yFtIE,UC55C6FrDNkoh1-S8tGHdCDw,ise,train
RF43fr4wNT0,UCsPQ5bv53ZaMw4h1cjaYVSg,ase,train
RFFTjGO84ZU,UCFcpIA0onxgAkdsh3K0gpeQ,ssp,train
RFMFVWkVxrc,UCLZ-LkPh14mi5FAhz4XZovg,asf,train
RG9DSVVwmCs,UCiKp2MILgzF7PChRKm-YUvw,ase,train
RGDUuiR1kRs,UCA1qf3o-WpqOOUJkkVOqrFw,ase,test
RGQ2AgeAwcQ,UChTbPO97Nt0OTDvqSBjhrVQ,isr,train
RGSpUFPxUkk,UChzC_xVgG6hNwzeinTWE0DA,gsg,train
RG_UlB0MiwM,UC75cYKm6WbSk-se1deWaD0g,hsh,train
RH2oZVnJbuA,UCWPkrOk-WKilNHCrpXa17JQ,ase,train
RHDKtllpIcg,UC75cYKm6WbSk-se1deWaD0g,hsh,train
RHb9Rr-njv0,UCQI7HUAl16Ti3UIq8T0Wo2w,ase,train
RHoIRuo0ng4,UCZ3vY1_AhI-UpoQwu-HqXgw,ase,train
RI6ii8vSwME,UCLUwomaXjHGKse8GYaXzTxQ,isr,train
RI9AraK6qaI,UCtCEoFMIllD5aOYneLrP4Vw,ase,validation
RILcIYC_vpg,UCS7wVohIwd66b95xyuw7DFQ,ase,train
RIPadSHSAO0,UCqd6eos5-i46NbDH1uLWdFQ,bfi,train
RIqWIBl1bRw,UCxB7XyX3ynzek_ptPPhJ4Vw,ase,train
RJK2LL0HCUU,UCdnj6KA5ewG73UgsPJqQ18w,ase,validation
RKXledyd3IU,UCm-cLN9VreBJm7EMmX7VRVg,ase,train
RKZl8E2Dykk,,ase,unassigned
RL-KtzNXsiY,UCkaVvxq4vAwZxRdMQJVBB-A,ase,train
RLDcJ3qhuV8,UCEPuAkI8Fx_dqb2RMoy00CA,asf,validation
RLGetQy6Jcc,UCszvwqbz04iulT9divgrNHw,ise,train
RLIzeTGgDhM,UCGkq72-SPOz-qhbHVttJnEA,ase,test
RLNTpJBrXBQ,UCQJVI4-q2aT-9pSEmwtrMoA,ase,validation
RLXCprUn0uA,UCWif2ls3MB_CDmg4z17y6tA,ils,train
RLq2GnE7TbQ,UCJQPAjZYGirtoNRraMgfc2w,csn,train
RMEiCSxcVig,UCaTMaFNkTiwgsSQ7FYaiaTQ,ins,train
RN7AF0NrXSU,UCWif2ls3MB_CDmg4z17y6tA,ils,train
RNGslJ8bplc,UC5H_CO6QGwd9hilVnfujz_w,bfi,train
RNHLFA-vnxI,UC3hOdPWDnQBs9NTt3y2fPRg,ase,test
RNIe-m1W8cY,UCrTAuekrucqVtHyVLL0Bc5g,ase,train
RNMZs0aAYQw,UCGWc-ks1eiAFjiBpZ_uuI3Q,ase,train
RNq2aNZol2s,UC-8TBU8-W613NU2ysMh8DWQ,ase,train
ROhDI2_tG-w,UCGisGwX9Mh6T6WrJsx-VjDg,pso,validation
RPHigXBeAHU,UC75cYKm6WbSk-se1deWaD0g,hsh,train
RQ0w1Pn4mco,UC75cYKm6WbSk-se1deWaD0g,hsh,train
RQ3roTUoiM0,UCuyQHJ4y76-i0w9N33vT-kg,ase,validation
RQMGqtgu7AM,UCIYO1hNz4Bwjt1FZRATK7hw,ase,train
RQXbO91LC9I,UC38PsEVuHyX7jgon-U-ps2A,ase,train
RS-KGsh2V9o,UC75cYKm6WbSk-se1deWaD0g,hsh,train
RSbGapasWYQ,UCaY5JjIf6cKZrynK9Oc3SYQ,asq,train
RTtEiHd7RUE,UC75cYKm6WbSk-se1deWaD0g,hsh,train
RUAehcMuw1Y,UCMHBAIHQZbOb0cO7UHfzL8w,ase,train
RUOH1Jm0eBI,UCgvywbxAcsgJr_gfpqKLXXw,pso,train
RUbsm54JmXc,UC85LK96DQppcG7tpcqCcvIw,ase,train
RUjAR2mK9LU,UCyIjlBUwgXeKO6MZ2Ospaxw,jsl,train
RV03UAWGfm8,UCqtaBrGzW-WzWVdhrjCBQ4g,tsm,train
RV0Qb4R7O0k,UC75cYKm6WbSk-se1deWaD0g,hsh,train
RVN4RIEvETo,UCAPKIo9ykV8iShMmG7c-BQA,swl,train
RVOug_r2BwM,UC7fVfWv6FL7HeTFeSLz-muQ,ase,train
RWqV2SmvNaE,UChRFBJVzl6c9ePdNALpU3yA,ase,test
RXWIa6u0oII,UCsP5EujgCYoOw8ttKlwAM0Q,gss,train
RXkRcwlfgAQ,UC7Tjg_h46r1Jhlgxa4bmDSQ,ase,train
RXnxpoaT3u4,UC0-eCrGKtSM_W8E1fT7Gy_g,ase,train
RXtNZYprRvI,UC75cYKm6WbSk-se1deWaD0g,hsh,train
RY7IOPM9pxY,UCA17q6v88p8FOlSDiWFkYyQ,bfi,train
RY8liUle8J0,UC99w_Bzj8ikOz8Gpv0prbNg,ins,train
RYF9dPbcVKw,UChY4vrAMEXvYXcuXg50sc1Q,asf,train
RYHNJr2K_Kk,UC0ZZN3LHtEp6lkdffjdGAYg,swl,test
RYIHWTn2FS8,UC75cYKm6WbSk-se1deWaD0g,hsh,train
RZ5DLiC7AZk,UC7PByT-DKjERtGRmxfyWvnw,ssp,train
RZq1t_G2lqw,UC5Xzq4Gg6mSNymC4xIaZg1g,ase,train
R_L9z0kgXpQ,UCGisGwX9Mh6T6WrJsx-VjDg,pso,validation
R_PenIDkUNs,UCWif2ls3MB_CDmg4z17y6tA,ils,train
R_loGol8a2w,UC5aT90pp8pjbySAjn-dBrBw,ase,train
Ra-5O1eHikY,UCKGWL_pjR6PJC2bWAYf04WQ,fsl,train
RaMrDkPjLcI,UCWif2ls3MB_CDmg4z17y6tA,ils,train
RaTR-s2JxDo,UC5Xzq4Gg6mSNymC4xIaZg1g,ase,train
RaUrdS2vI6I,UClP0YRrEHpWn3_Uv2XYb5Zg,ase,train
RaXOtM7dvNU,UCFfgJbY2jt4Notzk5M3baOA,asf,test
RaYSUC_MvsI,UCaayieDFpDIZ1b_mspO_Rzg,ase,train
RakbrAb4I-Q,UCWVUF_aLbNrR_ObLwWZcU2Q,fsl,train
RalKU175Muo,UCqtaBrGzW-WzWVdhrjCBQ4g,tsm,train
Rar9hriS3LU,UCJDZUpRa1-sh6vg3aA9LBtg,fsl,train
RazFSYF-g1g,UChTbPO97Nt0OTDvqSBjhrVQ,isr,train
RbE5uQEHrq4,UCHckc4mrMU9b7L4hxQeN5HQ,ssp,test
RbN_SdsJEhg,UCGisGwX9Mh6T6WrJsx-VjDg,pso,validation
RbXCsL7kO80,UCuXXzkdZPMxSZUTEj2psmow,ase,train
Rbo7Z7amonk,UCFfgJbY2jt4Notzk5M3baOA,asf,test
RcWFuLWY5NA,UCWif2ls3MB_CDmg4z17y6tA,ils,train
RcvCCqIbwdU,UCuyQHJ4y76-i0w9N33vT-kg,ase,validation
RcwNGHMun-M,UCGisGwX9Mh6T6WrJsx-VjDg,pso,validation
RdQTpQ78r3o,UC5Xzq4Gg6mSNymC4xIaZg1g,ase,train
RdRSszNow08,UCFfgJbY2jt4Notzk5M3baOA,asf,test
RdRk1pITf5o,UC4YIkyipvSWH51CYnKgvHbg,jsl,train
RdcJDGNElKA,UCuanpEILmzKOj6UHQGSk4Qg,bfi,train
Rdm635Hb3OM,UCJqEwbw7MfINS4T-oQ47JuA,ise,train
RdwNfoVgad8,UCcYjsu5AyXqWt1ZnHqAXYfQ,prl,train
Rea1N03kOBg,UCx8jxChJznkRPJCE79qldOg,pso,train
RemtDRjuKD8,UC5H_CO6QGwd9hilVnfujz_w,bfi,train
RepbkiVD8AM,UCSWAjWmKu2qNdHxFeLSBgpA,dse,train
Rf1_2PIdGOc,UClv1kekXgC4s8Is-f1OBqQg,ase,train
RfGQSzNAVa4,UChTbPO97Nt0OTDvqSBjhrVQ,isr,train
RfNqzhjI00k,UCaayieDFpDIZ1b_mspO_Rzg,ase,train
RfvivYZFpUM,UC_wh7CAHsakVopKtr8NnXsA,jsl,train
RgJHBhuO8lw,UCjYpWjCNjF1WCQTuBhdh8hg,csc,train
RgyXr5yiWnQ,UCAPKIo9ykV8iShMmG7c-BQA,swl,train
RhF92zidaV4,UCDL2Ug9aPMTAK0FDfWopZMw,ase,test
RhQvlq-mZtA,UCsuBAbMlPGJ95w3mwhz-30g,ase,train
Rhp0UeoRVaw,UCWPkrOk-WKilNHCrpXa17JQ,ase,train
RhvVnIuAdLE,UC75cYKm6WbSk-se1deWaD0g,hsh,train
RiAb0uqYmoQ,UC5H_CO6QGwd9hilVnfujz_w,bfi,train
RiCfJTkZawM,UCAPKIo9ykV8iShMmG7c-BQA,swl,train
Riv0xiAT5Rc,UCXKmEYshhizj-m1YOybnSTQ,ase,train
Rj76p51Tj0I,UChTbPO97Nt0OTDvqSBjhrVQ,isr,train
RjG17me6vkw,UC85LK96DQppcG7tpcqCcvIw,ase,train
RjX1cbvK5X8,UC55C6FrDNkoh1-S8tGHdCDw,ise,train
RjX30NrngVk,UCuseIvrm7VZrcUJipa5yw9g,ase,train
RjoF4XhlkVI,UC99w_Bzj8ikOz8Gpv0prbNg,ins,train
Rk6RlK_yoFk,UC3p9-cdApmRUOgQ4-M4P01w,ase,train
RkFwW6f4qzk,UChY4vrAMEXvYXcuXg50sc1Q,asf,train
RkoND1aHBs8,UC75cYKm6WbSk-se1deWaD0g,hsh,train
RlXGSWipOrM,UC1f5xYbrZxLkklmGkow7AgA,svk,train
RmFjtJCoQcQ,UCwc0xtGUmoxvjYzaZNYCnEA,ase,train
RmPJP9apxwE,UCFJLzd1pDjTJgPPHCpDfAwA,ssr,train
RmSM3HPtACY,UCxlEkSNBUvTqb6SdZ0PXudQ,ase,train
RmZsu8zaQgg,UCZy9xs6Tn9vWqN_5l0EEIZA,ase,train
Rm_LRkPwh1w,UC5H_CO6QGwd9hilVnfujz_w,bfi,train
RmzbtyU70d0,UCChKgcgVNfCT2wO1AJwNkGA,jsl,train
Rn3Z-wpQChk,UC3FPqGdu7CfCM9kvIHH-mWQ,bzs,test
Rn4LCtEmYe4,UCZy9xs6Tn9vWqN_5l0EEIZA,ase,train
RnAxdbL5jYo,UCHJeQ5nHoP0bkg0K4GlMn4w,bzs,train
RnP4StkyDMc,UCuyQHJ4y76-i0w9N33vT-kg,ase,validation
RnUPSOK50Zc,UC75cYKm6WbSk-se1deWaD0g,hsh,train
Rnfc_UQ9k6U,UCgRotAsrBoYPBdJdq0Hj2MQ,asq,validation
Rnk-gBj7RgQ,UC75cYKm6WbSk-se1deWaD0g,hsh,train
RoAbXpktmRU,UC5Xzq4Gg6mSNymC4xIaZg1g,ase,train
RoCnWkHh7Lg,UChY4vrAMEXvYXcuXg50sc1Q,asf,train
RoNR9FnkEOE,UCHckc4mrMU9b7L4hxQeN5HQ,ssp,test
RoV1vhlXoxA,UCWbnHpCljj8MuTeNnCiNVew,ase,train
Rp6RFm_NDgo,UCctnLMs5hWKC_qXO3xZE6XA,ase,train
RpE_yWZDhPs,UCWif2ls3MB_CDmg4z17y6tA,ils,train
RpMWYKvNMy4,UCUW8O6cgrk68VO-ABksF8uw,ssp,train
RpvJVhvz3UE,UCG88vKCVuz6Q_0m410-1GEw,bfi,validation
RpxmZebo2HU,UCI5QTvyLAM0xceBZvj3cQUA,ase,train
Rq0OFIfebf4,UCs98soN6aBb6gnfbrLl-W0w,???,train
RqGOflTJDg4,UCGoMw1fmVX0m5_qMsYG4A3g,ase,train
RqRVHrESRac,UCZ532DAlc-iwzDPiPLJwAQA,ase,train
Rr1BOTU2mhk,UClv1kekXgC4s8Is-f1OBqQg,ase,train
Rs8wFCQzPTs,UCEPuAkI8Fx_dqb2RMoy00CA,asf,validation
RsUwdkjXw-U,UCLB6I_tLs5ardhO_HRyKN0A,swl,train
RsmqVP01eW8,UCTIBRINUegVQ_RtoLWTL-zw,rsl,train
Rtv_2U2KkKA,UCufxp6ZwK8zEstJ4BISgG4A,ase,validation
Ru2qopNptjU,UCWif2ls3MB_CDmg4z17y6tA,ils,train
RuJSxTACNp4,UCWif2ls3MB_CDmg4z17y6tA,ils,train
Rub5F43MC_c,UC4SqFeQL9FsN2A-2cBbUS5g,bzs,train
RvcVCeU_7xI,UCufxp6ZwK8zEstJ4BISgG4A,ase,validation
Rw-ghZLpBf8,UCszvwqbz04iulT9divgrNHw,ise,train
RwHENdqUlDo,UC75cYKm6WbSk-se1deWaD0g,hsh,train
RwUIcL6TGn4,UCWbnHpCljj8MuTeNnCiNVew,ase,train
RyIvIiaOL2I,UCzXNfOVXNYqjFPgMly-1AvQ,isg,train
RygUTd1H4M8,UCLW1sAr1mCz1ZCbeaVpoELA,ase,train
Rz3ry-eNwds,UCJeBnwmzj3tVtS-3-sSOC_w,hsh,train
Rz415q6QI9s,UCptgB7HwsNaDO9Sqs9bOT4g,ase,train
Rz64f5GesUo,UClxAZnsU6AK4pX3dcFdSDPQ,ise,test
RzRrywiXEeM,UCcLRc_9b-3-maYyPM8p1rGg,aed,train
Rzsreosq3Hw,UCA17q6v88p8FOlSDiWFkYyQ,bfi,train
Rzt06pPU-0I,UCJzu69TgtBwVc03QEP9gL6A,rsl,train
S-MDHZAITfY,UCizGctLgAahGlOvtSAKdq3g,jsl,train
S-Obt5jJnDY,UC75cYKm6WbSk-se1deWaD0g,hsh,train
S0UQkwKROQQ,UCVrxlDymBXjcCAn25axZc8Q,swl,train
S0whRcMODaw,UC75cYKm6WbSk-se1deWaD0g,hsh,train
S1DIHemrxPw,UCufxp6ZwK8zEstJ4BISgG4A,ase,validation
S1NEmr7jZqo,UCDWuLgx0vTYBGr1G-diNgSw,jsl,train
S1RBKQ3-81Q,UCWif2ls3MB_CDmg4z17y6tA,ils,train
S1yHKmqUzBQ,UC75cYKm6WbSk-se1deWaD0g,hsh,train
S256muCKlto,UCx8jxChJznkRPJCE79qldOg,pso,train
S2WaiQ_z2xA,UCuyQHJ4y76-i0w9N33vT-kg,ase,validation
S3meirjIxUA,UClv1kekXgC4s8Is-f1OBqQg,ase,train
S4OrwSYiwl0,UCQJVI4-q2aT-9pSEmwtrMoA,ase,validation
S4ou_CRQ3D4,UC8dHtefYYC4TmhRS_0qtKTA,bzs,train
S5MOC1REtLA,UCWif2ls3MB_CDmg4z17y6tA,ils,train
S5ZTI8k59YQ,UCRwPaAUrbOL4X7WgxZzIOpw,ase,test
S5wr0ROzqjM,UC7rtwOJBv4c4PyIhSFvg3Hg,bzs,train
S6yuOjcFR7k,UCgGdDZw3Dj8eBkuWOfXfhgg,fsl,test
S7_TBDO60WE,UCZy9xs6Tn9vWqN_5l0EEIZA,ase,train
S8RCxExLxpA,UCDaXsbs4hNm7X1QC_X9aTMA,ase,train
S8kZoQVxU40,UCVrxlDymBXjcCAn25axZc8Q,swl,train
S90dqBUxTwU,UCKki8PhClHFEiaSdKNXxilQ,ase,test
S96HbNsx2oQ,UCWgT5Ro0AroGs5fb4vHx8aQ,swl,train
S9iYI4IM3ks,UCNMh0csop45XxYU0itusr1Q,jsl,train
S9xUGAYVclM,UCRtPvm1tnbVLw4NQ7OBPbnw,ase,train
S9ymb66ZqqY,UC99w_Bzj8ikOz8Gpv0prbNg,ins,train
SAaSzNHmKEc,UC5Xzq4Gg6mSNymC4xIaZg1g,ase,train
SB3vp5jeNbk,UCQElwBi-1gEg2dnYWlCoTgQ,ase,train
SB6DZV-Ev0g,UC7fVfWv6FL7HeTFeSLz-muQ,ase,train
SBfIbtkjOzs,UCeeO_lMTs0iW3H3AHb3Hykg,ase,train
SDigp05JV_o,UCYWJdRpk2jOOZaqvXGVjkxw,ase,train
SDxG6JvlVR8,UCWif2ls3MB_CDmg4z17y6tA,ils,train
SE32KBjoNXI,UChTbPO97Nt0OTDvqSBjhrVQ,isr,train
SEjWRZ-QsxY,UCNGqaycXbpN_ypXBp2pYOtQ,gsg,train
SEkxZm4ToSY,UC-gc7H_gu_IYUAxO2cu6STA,ise,train
SFfH2Ng6RF8,UChRFBJVzl6c9ePdNALpU3yA,ase,test
SGPqxrd97wY,UC2fTQSA7GccUUtG6RrJq9Hg,pks,train
SGhOZTGkVz4,UCAPKIo9ykV8iShMmG7c-BQA,swl,train
SGlWxxp-IBA,UCjX0HQzeaHBXVXXS7mPKFlA,ase,train
SGoahyb05CA,UC99w_Bzj8ikOz8Gpv0prbNg,ins,train
SHn3hTKhpng,UC5H_CO6QGwd9hilVnfujz_w,bfi,train
SIcWQa8NXj8,UC3p9-cdApmRUOgQ4-M4P01w,ase,train
SJ7v8zmSYaI,UCaHpmqlbEtpKQSwyUnE9PkA,jsl,train
SJHzLm3pFv4,UC75cYKm6WbSk-se1deWaD0g,hsh,train
SJe0anv27E4,UCQJVI4-q2aT-9pSEmwtrMoA,ase,validation
SJgYW0sJQug,UCvvTbNabOb2VoS_fPcUqu0A,ase,train
SKR7hfaAx2s,UCuyQHJ4y76-i0w9N33vT-kg,ase,validation
SKafIuSCb_0,UCaayieDFpDIZ1b_mspO_Rzg,ase,train
SLCM9VYQF9o,UC75cYKm6WbSk-se1deWaD0g,hsh,train
SLpxSBzzEm8,UCQukMGEToh7Dcjsl8ZADaOw,ise,train
SM7nGf7_HO8,UCszvwqbz04iulT9divgrNHw,ise,train
SMJcFI2KtYM,UC75cYKm6WbSk-se1deWaD0g,hsh,train
SMjlh-IYjsA,UC75cYKm6WbSk-se1deWaD0g,hsh,train
SN0zlJDpBsU,UCqtaBrGzW-WzWVdhrjCBQ4g,tsm,train
SNZUb-jLUuU,UCw5kLIHIJZPjetMjbjLSHQg,ase,train
SNf8W2lPj5Y,UClxAZnsU6AK4pX3dcFdSDPQ,ise,test
SO2Wx1KQgmY,UCizGctLgAahGlOvtSAKdq3g,jsl,train
SOCwHQavXM4,UC7PByT-DKjERtGRmxfyWvnw,ssp,train
SODonhrTRhs,UCAPKIo9ykV8iShMmG7c-BQA,swl,train
SOHQ0f_zbXY,UC55C6FrDNkoh1-S8tGHdCDw,ise,train
SOQQD0RX0B8,UCmW6ihZmBKQGruMm4ALmzdw,fss,train
SOQRch0pGsA,UCfBHVaEl7oWs68skvR07UWA,ase,train
SPVxVOqLrow,UCDivIPRtPf_EHSiRfkwkfZA,bfi,train
SPZ2LnmhdOo,UCI4A_xft-8uziHWd1-Q0NWA,ase,train
SPqWG42HCOc,UCe2lcoNfWAp4bc0JySWnkmw,ssp,train
SQ8kTXbCBKo,UCXuTK8atuQJiJ-qLHbjgaag,bzs,train
SQCEr4bl0sE,UCScR0I-J7gGR2jRCjcrt9Og,isr,train
SQSu06xOx0U,UCBRYgj8lhwnr9FrETyJbYEA,ise,train
SRe6hGRuyo4,UCkS3uW63Bc1204hDS18Y_CQ,swl,train
SSWVI0hb1dY,UCs98soN6aBb6gnfbrLl-W0w,???,train
ST1MoQZLKz0,UCDaXsbs4hNm7X1QC_X9aTMA,ase,train
ST2fOv7TFJ8,UCuyQHJ4y76-i0w9N33vT-kg,ase,validation
STNLbTFnUjQ,UC75cYKm6WbSk-se1deWaD0g,hsh,train
STgnvVEmbas,UCufxp6ZwK8zEstJ4BISgG4A,ase,validation
SULtKO194I4,UC75cYKm6WbSk-se1deWaD0g,hsh,train
SUuEFPqPhwE,UCXuTK8atuQJiJ-qLHbjgaag,bzs,train
SVUGvOqRcys,UCaY5JjIf6cKZrynK9Oc3SYQ,asq,train
SVhBeCb_gDE,UCTi9woRHA4r8e3oEWF8hxTA,aed,train
SWPSUrMMhH4,UC6b1zI_hrSg-1nAndUEapeQ,ssp,train
SWiSwGMYzEc,UCs98soN6aBb6gnfbrLl-W0w,???,train
SX5Vn34lSgs,UC75cYKm6WbSk-se1deWaD0g,hsh,train
SXyXXO94neY,UC5lvdrjVrbYEFjFeoH1aBnQ,ase,train
SYd2K25zDmw,UCebOhQiWvWfWVu2wsqkb4Nw,ase,train
SYkFIR0AoGE,UC99w_Bzj8ikOz8Gpv0prbNg,ins,train
SYpyn8msOzM,UC99w_Bzj8ikOz8Gpv0prbNg,ins,train
SZ0A3oy3PzI,UC75cYKm6WbSk-se1deWaD0g,hsh,train
SZ46T_CiINc,UC3V87rOz3XLF6ClyrOtwecQ,ase,test
SZsSwz0fquk,UC75cYKm6WbSk-se1deWaD0g,hsh,train
S_AQWhM1OWY,UC75cYKm6WbSk-se1deWaD0g,hsh,train
S_qdzkRhMHo,UCYWJdRpk2jOOZaqvXGVjkxw,ase,train
SaTpIzZ9FSU,UCY_1hb97iVCsgjc6MrE0ICA,bfi,train
SaUVc7jhhfQ,UCQJVI4-q2aT-9pSEmwtrMoA,ase,validation
Sb5iAbwSmTM,UC7QNujTpyZqhFrP51eTA8uQ,hsh,train
SbUl7BrCwb4,UCWif2ls3MB_CDmg4z17y6tA,ils,train
SbfBVra2jgA,UCWif2ls3MB_CDmg4z17y6tA,ils,train
Sbwxq3LxYaM,UCBRYgj8lhwnr9FrETyJbYEA,ise,train
Sd1qTTW5IFE,UC75cYKm6WbSk-se1deWaD0g,hsh,train
Sd9xpCs0tnA,UCWif2ls3MB_CDmg4z17y6tA,ils,train
Sdysd_NdZf4,UCO9zhhszyR4Av4WxwdBJs-Q,ase,train
SeI9xqn-gmY,UCqtaBrGzW-WzWVdhrjCBQ4g,tsm,train
SeMGQWmv5jo,UCrrUZVfztrpQU1YMMFoIR1A,bfi,test
SeMuJOf0nUU,UCWif2ls3MB_CDmg4z17y6tA,ils,train
SeTF0axAZMY,UComGRElAUtQBt2vXt7t_WQA,ase,train
SeUYAmzcwK0,UC4hKAY36ZwFrW14iaPyOw-g,sls,train
SeXD0sQ4ykM,UCWPkrOk-WKilNHCrpXa17JQ,ase,train
SefFhZA2bYM,UCs98soN6aBb6gnfbrLl-W0w,???,train
Sf3xdLgOb9k,UCXrl49csYISO1eismEQwKgA,ase,train
SfF7hk_wKzU,UC2fTQSA7GccUUtG6RrJq9Hg,pks,train
SfQtgzXInDw,UCTIBRINUegVQ_RtoLWTL-zw,rsl,train
SfuSMJjbWnQ,UCGQ1207d-sBzP6ak1k68qyA,ssp,train
Sg2O3yjkAyQ,UC75cYKm6WbSk-se1deWaD0g,hsh,train
SgCLZBrw7r4,UCs98soN6aBb6gnfbrLl-W0w,???,train
SgOu4hVGnfk,UC7fVfWv6FL7HeTFeSLz-muQ,ase,train
Sh1bx7okisU,UC-gc7H_gu_IYUAxO2cu6STA,ise,train
ShCNIPCalh4,UCuyQHJ4y76-i0w9N33vT-kg,ase,validation
ShHfe01U1to,UCAPKIo9ykV8iShMmG7c-BQA,swl,train
ShwzgEU_qtk,UC2fTQSA7GccUUtG6RrJq9Hg,pks,train
Si9VKQEo1pY,UCe2lcoNfWAp4bc0JySWnkmw,ssp,train
SiAJyX1S26Q,UCs98soN6aBb6gnfbrLl-W0w,???,train
SiJ_nkWbJJg,UCWgT5Ro0AroGs5fb4vHx8aQ,swl,train
SiU9xEatDnE,,isr,unassigned
SibrrG7xa1g,UC2fTQSA7GccUUtG6RrJq9Hg,pks,train
Sj22wb2OHbA,UC99mR9Uvb6VuIlb4CW4czgg,pso,train
SjxrKuANrB4,UCLrN3LrNjn6WP8kLbIyHDjQ,ssp,validation
SjzjFAQfrJ4,UCvWzhoLgL2lucJEx1ryuVeA,ase,train
SkCOrdWm0eo,UCrHpt5tgM33jXiIs8_F1VgQ,ase,test
SkRrb22MHVE,UCY_1hb97iVCsgjc6MrE0ICA,bfi,train
SkUDfpe0oz0,UCuyQHJ4y76-i0w9N33vT-kg,ase,validation
SkXP_bh57Ag,UC2ugWoVg_NVMhBBolELMmog,ase,train
SkeCIcMZ1Xo,UCscGC3sD2ix_V51v14zcwdA,ase,train
SkvF_KbQKjc,UCz800buj46hdu14Lbw7K22g,ase,train
SlFGGsffIe8,UCtixnRZS1OoxVzqRvtp8zYw,ase,train
SlKAltfMioY,UC1f5xYbrZxLkklmGkow7AgA,asq,train
Sm0u1ghrXq0,UCTIBRINUegVQ_RtoLWTL-zw,rsl,train
SmLJBiARN9U,UC0ssa7FTeHexuO6wHhbX9ow,ase,test
SmvUJJ5QUrE,UCLq0QAPYJRxb4hN3DlYe2tw,ise,train
SnHEKVvJRUI,UC7JuChYmxhljc49dE3JG6Zw,ise,validation
SoKa7HZZtFg,UC75cYKm6WbSk-se1deWaD0g,hsh,train
SoKdbIG6m2E,UC7JuChYmxhljc49dE3JG6Zw,ise,validation
SouuN61cVG0,UCDivIPRtPf_EHSiRfkwkfZA,bfi,train
SpSlbhEuGsw,UCaTMaFNkTiwgsSQ7FYaiaTQ,ins,train
SpYTeubdyYc,UCcLdlSjexi6lrYv_UbskUIA,ase,train
SpuerVheCSQ,UC7JuChYmxhljc49dE3JG6Zw,ise,validation
SqLAHlMvZAQ,UC7PByT-DKjERtGRmxfyWvnw,ssp,train
SqPIDpEUmxQ,UC3p9-cdApmRUOgQ4-M4P01w,ase,train
SqiJVitKfQM,UC1G3g-bBbvVR5oyJO3QIV0w,jsl,train
SqxjhX6wunw,UCJp_B3EFjj5Mj2bxKgFseBQ,ase,validation
SrNGKGLpfLU,UClxAZnsU6AK4pX3dcFdSDPQ,ise,test
SrqxsBAfQcA,UCLULAdF1-hor45QMG5DsjXQ,ase,train
Ss3kdNcDdhc,UCqd6eos5-i46NbDH1uLWdFQ,bfi,train
Ss7ZdcE7D0A,UCDaXsbs4hNm7X1QC_X9aTMA,ase,train
Ss8vuYXb0vw,UCLULAdF1-hor45QMG5DsjXQ,ase,train
Sseat1159GY,UChTbPO97Nt0OTDvqSBjhrVQ,isr,train
SsjAhyaJcZ4,UCWif2ls3MB_CDmg4z17y6tA,ils,train
Ssp76E0zfFc,UCk9vH6gO8-clQt-NZqEdojw,ase,validation
Sugl7O1vasU,UC7PByT-DKjERtGRmxfyWvnw,ssp,train
SukR396qFGo,UCtjEjgYtRZWFL9pWa4yxtXg,jsl,train
Sv03CZppkZE,UCQ-cTIHnx9gpTnuHQG5HYSA,ssp,train
Sv6TQYwZ3WI,UCljpiKbNcI3D8VKjQdm4tog,ils,train
SvBkZO1Qqtc,UCPgIzfHK5zkJXIygSEjxO4Q,icl,train
SvDzNE5tu4I,UCio_wWIoaB6TbBwdH1QXBiQ,jsl,train
SvN-6aXgVy8,UCWif2ls3MB_CDmg4z17y6tA,ils,train
SvRDDu2cMxQ,UC7JuChYmxhljc49dE3JG6Zw,ise,validation
SvpdsJdC7F0,UCRRD3yalnoHR0ZvXqhiTI4Q,bzs,train
Sw7lZpiTlt8,UCYWJdRpk2jOOZaqvXGVjkxw,ase,train
SwEqzSYNN14,UCSMZ4td6mZMJVxJ2ow7zY4A,ase,train
Swzg8Gte5tE,UC5H_CO6QGwd9hilVnfujz_w,bfi,train
SxauKIaUSJ4,UCLB6I_tLs5ardhO_HRyKN0A,swl,train
SxbftHdkWwU,UCG88vKCVuz6Q_0m410-1GEw,bfi,validation
SxqaOfK3taA,UCLrN3LrNjn6WP8kLbIyHDjQ,ssp,validation
SxxfXHEVAv8,UCEPuAkI8Fx_dqb2RMoy00CA,asf,validation
SyDT9s42uyw,UCJqEwbw7MfINS4T-oQ47JuA,ise,train
Sy_xLCxB8UA,UCo8HN7-u9CBBTzgm6X2GCaw,ase,test
SywUZ0DcHQU,UCQqsQc2SUfv765lU58ArIEA,ase,train
Sz5jIcyJ7WM,UCScR0I-J7gGR2jRCjcrt9Og,isr,train
Sz87RTsF0e8,UC75cYKm6WbSk-se1deWaD0g,hsh,train
SzCru5o1fn8,UCC4RZThTgaepMZZS1CAHxwA,ase,train
SzGv0MYAur8,UC7PByT-DKjERtGRmxfyWvnw,ssp,train
SzJ48olM2zA,UCAPKIo9ykV8iShMmG7c-BQA,swl,train
SzTz3CitjRU,UC75cYKm6WbSk-se1deWaD0g,hsh,train
SzziglsAHIY,UCyAPbimBAxWyMA0t96UTbbg,svk,train
T-PdK8Sku_U,UCK4l01VdkIXI3lA9ey1gUAA,ils,train
T-rcgL_Sqow,UCQqdVfOZmhnIa9AUQKfgijQ,swl,train
T0F3c78M7N8,UCYnxGaBJ2NrdBhjqjW1mtFQ,kvk,train
T0LFtQLQts4,UCqtaBrGzW-WzWVdhrjCBQ4g,tsm,train
T0jQlhAwP3M,UC99w_Bzj8ikOz8Gpv0prbNg,ins,train
T110fMCYE9s,UC75cYKm6WbSk-se1deWaD0g,hsh,train
T1TF4tpfnb4,UC75cYKm6WbSk-se1deWaD0g,hsh,train
T1UWBI_ZZy8,UC55C6FrDNkoh1-S8tGHdCDw,ise,train
T1a_9eSKeWM,UCYyRpJBseu43EojDdSUcSyA,ase,train
T1cy9thjRL0,UCQ_jW1xLUF7Sg711yXVvQPQ,ise,train
T1fkbC9hEDM,UCoeuw8goXaqQ-sGJ9tkwpXw,ase,train
T1kLrB1336Q,UC4SqFeQL9FsN2A-2cBbUS5g,bzs,train
T1s-cp_NJJg,UCqtaBrGzW-WzWVdhrjCBQ4g,tsm,train
T1wjn-iR3EI,UCe2lcoNfWAp4bc0JySWnkmw,ssp,train
T2L7mMJN6v0,UC75cYKm6WbSk-se1deWaD0g,hsh,train
T2_fcyh5RNM,UCFULhWYi1Z7Q8-gixsicrfA,ase,train
T2kiC93XyQE,UCAwUq47FcxxDL68rM4wf2ZQ,asf,train
T2m-58Eyapk,UCLAXWxlZ8ZBXHgsdMNCQv9A,ase,test
T349kklaRRM,UCyK_P6PID7pzK6eEwBPCB0w,ase,test
T3QLwjtg964,UCGkq72-SPOz-qhbHVttJnEA,ase,test
T3TqpJWPDEQ,UCLq0QAPYJRxb4hN3DlYe2tw,ise,train
T3YNSOPI2-Y,UC75cYKm6WbSk-se1deWaD0g,hsh,train
T4GG-qyvSrI,UCUW9iqeKBSdegW5onoBnx_w,hsh,train
T4eUdsP36SE,UCaVlD3iSYMf35smXZswfteA,ase,train
T4z0R8mNrAo,UCWif2ls3MB_CDmg4z17y6tA,ils,train
T5JlCk4WJlU,UCqd6eos5-i46NbDH1uLWdFQ,bfi,train
T5MaRptNS5Q,UCPrCwV9muvsj_ptf2wjazXA,ase,train
T5Mn_8XVx1g,UC75cYKm6WbSk-se1deWaD0g,hsh,train
T5_1oasE84g,UCWVUF_aLbNrR_ObLwWZcU2Q,fsl,train
T6eip8017ck,UCfcUb7cN2ss_hmp5A1PBL-Q,ase,train
T6qJTay-BOw,UCMZD9P87-3WVUl2-nPOQagg,bzs,test
T6qP2g7qSos,UCe2lcoNfWAp4bc0JySWnkmw,ssp,train
T74aLFMGaQg,UCGK9n7svoIjuaQfRIBJXkqQ,ase,train
T7DpBkzDHeA,UC5H_CO6QGwd9hilVnfujz_w,bfi,train
T7V8-Hfkj5w,UCcmJuUulPHzBUuQbQUN7GzQ,bfi,train
T89t-SpljxQ,UCNMh0csop45XxYU0itusr1Q,jsl,train
T8kZF5tJOkE,UC5H_CO6QGwd9hilVnfujz_w,bfi,train
T9C4QbZ7qOs,UCoRNJz8_ebIoFbJr8hctwpQ,ase,test
T9PTVqaAfgo,UCWif2ls3MB_CDmg4z17y6tA,ils,train
T9R5g1Kmmvo,UChTbPO97Nt0OTDvqSBjhrVQ,isr,train
T9RaVR2RfRk,UCuyQHJ4y76-i0w9N33vT-kg,ase,validation
T9v7ZK0JOJ0,UC75cYKm6WbSk-se1deWaD0g,hsh,train
TAUY41RTUy8,UC2gi50ZawoqrxnAPxrgax0w,ase,train
TAuGIjnjacA,UCeM9ju-z8IoVGomUJHd7DLQ,pso,train
TAxebHSZiUk,UCA17q6v88p8FOlSDiWFkYyQ,bfi,train
TB2JVuRXVn8,UCXwZKVPhgJP8oBPqjurpZdQ,sls,train
TBGfITFr_G0,UC75cYKm6WbSk-se1deWaD0g,hsh,train
TBjnpL8Mtys,UC0jMQ78r_s6Jfo0WO1QcpGw,ase,train
TBvHesTyAA4,UCGK9n7svoIjuaQfRIBJXkqQ,ase,train
TCEmnjcaCMQ,UCWif2ls3MB_CDmg4z17y6tA,ils,train
TCpTNuiIozY,UC75cYKm6WbSk-se1deWaD0g,hsh,train
TCt4lpcmXPE,UC3Z-XjH9KLIvQwU9J4-erSg,swl,train
TD0c32VOObw,UC3D3um9BcGkQzquorcKWQLQ,ssp,test
TD6UGjghP7k,UCe2lcoNfWAp4bc0JySWnkmw,ssp,train
TDFMvpGX3fM,UCYWJdRpk2jOOZaqvXGVjkxw,ase,train
TEvL69xIwjg,UC75cYKm6WbSk-se1deWaD0g,hsh,train
TF4woMSKZHY,UCQJVI4-q2aT-9pSEmwtrMoA,ase,validation
TFTtMlfHsb8,UCQJVI4-q2aT-9pSEmwtrMoA,ase,validation
TFXGyQi4Kwc,UC99w_Bzj8ikOz8Gpv0prbNg,ins,train
TFpBFLmUcvM,UChVhshQbA-8J3yTInY0L7pw,pso,train
TFrBZpbzrMs,UCe2lcoNfWAp4bc0JySWnkmw,ssp,train
TG4kzCKtYgE,UClMaPDsCefgHBktsMD-yw3w,ase,train
TGLPxZzaDVY,UCDivIPRtPf_EHSiRfkwkfZA,bfi,train
TGsAFXmkl-w,UCJshVKXPVp-YDQ5X583NnKQ,sls,train
THNuym6Fxnc,UCUW8O6cgrk68VO-ABksF8uw,ssp,train
TI3clhpkBrw,UC75cYKm6WbSk-se1deWaD0g,hsh,train
TIMHCms78D8,UC75cYKm6WbSk-se1deWaD0g,hsh,train
TIUmyRzJGEM,UCWPkrOk-WKilNHCrpXa17JQ,ase,train
TIlOle3cZnw,UC75cYKm6WbSk-se1deWaD0g,hsh,train
TIrDT2f-LAU,UC4SqFeQL9FsN2A-2cBbUS5g,bzs,train
TItzea3lGVg,UCsr7IfnQ8cE0JQdplu-Ti4Q,ase,train
TJMHOqbs3VI,UCe2lcoNfWAp4bc0JySWnkmw,ssp,train
TKH7rpsuFlg,UCAPKIo9ykV8iShMmG7c-BQA,swl,train
TKatS4-gzxE,UCJzOYp0Og8B3bRyCKABDiYg,ase,train
TKb0hMcuRzY,UC75cYKm6WbSk-se1deWaD0g,hsh,train
TKcpt_WUhhM,UClxAZnsU6AK4pX3dcFdSDPQ,ise,test
TKwsTazHedA,UCRFvc2c4c9zSx-cFX9pvDSg,bzs,test
TLN2ehHtkPQ,UC4uM3CBUCkLqDwWoqvzOzFg,ase,train
TMGmcLZMHbA,UCuyQHJ4y76-i0w9N33vT-kg,ase,validation
TMICjz77ckM,UCWif2ls3MB_CDmg4z17y6tA,ils,train
TMY9yMvY7CU,UC75cYKm6WbSk-se1deWaD0g,hsh,train
TO5QVtZ4nVM,UCgFre0cITpOjiun5f4c0NnQ,ase,train
TO8xh1UxOUs,UC75cYKm6WbSk-se1deWaD0g,hsh,train
TOJlHeBETc8,UCXwZKVPhgJP8oBPqjurpZdQ,sls,train
TOQg_lOH_3g,UCaDrIDvpB0HdFTkpdjTPwSQ,rsl,train
TOlEeq96fws,UChTbPO97Nt0OTDvqSBjhrVQ,isr,train
TOuqRaajxMo,UCT_ibOnQ79FD6UX9nUwl1Fw,ise,train
TP-VU6pDr4g,UCf1ZJOfah08vvJe25otVFrA,ase,train
TPNo-MhsECw,UCuyQHJ4y76-i0w9N33vT-kg,ase,validation
TPvjX0ljX80,UCBN5gb2cOMfd202NyfY-rUw,ase,train
TPvuYsSyp2c,UC75cYKm6WbSk-se1deWaD0g,hsh,train
TQLxETuLYYY,,ase,unassigned
TQmWDIp_3XI,UCxie1H5Lzl5NFsMmAjzs9qQ,fse,train
TQn_jiPUW6g,UC75cYKm6WbSk-se1deWaD0g,hsh,train
TQrKffdI2wU,UCYnxGaBJ2NrdBhjqjW1mtFQ,kvk,train
TQtvXcnjXeQ,UC75cYKm6WbSk-se1deWaD0g,hsh,train
TR9-W-hVQ_4,UC9UOORnRlRi5BhwQclMP1wg,lls,train
TSiiBOkv218,UCFBw35ntAepsFio47fnWUAA,ase,train
TSy-KwO66Gg,UChTbPO97Nt0OTDvqSBjhrVQ,isr,train
TTRAy7v2q5c,UC6OCXcxQ4yKoPfsUPWg99bg,ase,train
TU5S5WvDlco,UCMZD9P87-3WVUl2-nPOQagg,bzs,test
TU6gdj3iMxo,UCShkHi-RvG9bJwuLYtqScJA,csc,train
TUBurifEKyg,UChRADDcob8_XFVDBc7CUHVw,ase,train
TUHzID2YXGA,UC93t6PJiqPnAOAxZs2xXf9Q,fcs,train
TWY1Ev00cDU,UCwwwKsXYBZf5VsdJ-kK6zTg,rsl,train
TWfD9dihy0Y,UCCVpXPLdXvOXElEWbBVj9KQ,asf,train
TWjIsUeT1OI,UC75cYKm6WbSk-se1deWaD0g,hsh,train
TXFVPfG5nyA,UC7QNujTpyZqhFrP51eTA8uQ,hsh,train
TXGqdSR0skU,UC6b1zI_hrSg-1nAndUEapeQ,ssp,train
TXOLQ_rLj5k,UC_jiA1j16Dqgzvf29gvYlmQ,ase,train
TYIaQRBUqF8,UC85LK96DQppcG7tpcqCcvIw,ase,train
TYUZd4Wi0oQ,UCAbFXOPq0sx03ev-kO3FE2A,ase,train
TYtKNVGfSzQ,UCqtaBrGzW-WzWVdhrjCBQ4g,tsm,train
TYwilZjKynI,UC75cYKm6WbSk-se1deWaD0g,hsh,train
TZgYKzWYgoQ,UC75cYKm6WbSk-se1deWaD0g,hsh,train
TZuUK-aIaMk,UC75cYKm6WbSk-se1deWaD0g,hsh,train
T_E3f6L7NKo,UCfrYaR1kmCHf8ddHb8O8niw,lls,train
T_Lr9-TkV4M,UCSezNlsbS8mXua3Mun5UntQ,ase,train
T_Wjec5IGBA,UCA7yuvsX0I5xX_SSXUJQJ1w,ase,validation
T_nTVB2ZYCs,UCsEBkTy545q7ZQXmbRu1szg,ase,test
T_sRlT3hxUQ,UCcmJuUulPHzBUuQbQUN7GzQ,bfi,train
T_t4JOXd6sE,UCwysb4Tjiwn8bKJe0zNuSnA,ase,train
T_z3mnNFUaI,UCs98soN6aBb6gnfbrLl-W0w,???,train
TaRcyuMdal8,UC70SSNojGf-vMAdvjS1wfkg,ase,test
TaUjrRfx_UY,UCqd6eos5-i46NbDH1uLWdFQ,bfi,train
TahTx2ZgaGA,UCWif2ls3MB_CDmg4z17y6tA,ils,train
TauznNgfH8E,UC75cYKm6WbSk-se1deWaD0g,hsh,train
TayJw7BhQkc,UChTbPO97Nt0OTDvqSBjhrVQ,isr,train
TbLyCkHwn3M,UCzRCa1CaqSk2zGn0LlLHnlQ,asq,train
TbkYp2mTzos,UCsPQ5bv53ZaMw4h1cjaYVSg,ase,train
TblDbliDhUI,UCFHkpbh0wCDFk7fAPbh5Suw,ase,train
TbrHZJFs29o,UCFfgJbY2jt4Notzk5M3baOA,asf,test
TcfDmlVuF5M,UCEWSRmvpG01dJegOmsrWbMA,ase,train
TdAWAvf8sNw,UC5H_CO6QGwd9hilVnfujz_w,bfi,train
TdFaNZxBQRE,UCWif2ls3MB_CDmg4z17y6tA,ils,train
TdGpXgeaN9M,UCTi9woRHA4r8e3oEWF8hxTA,aed,train
Te7-hTp3JWk,UCTi9woRHA4r8e3oEWF8hxTA,aed,train
TeDdiW1Q2cY,UChTbPO97Nt0OTDvqSBjhrVQ,isr,train
Tf-swTFQSZ0,UCizGctLgAahGlOvtSAKdq3g,jsl,train
TfMjVgUgVh0,UC7fVfWv6FL7HeTFeSLz-muQ,ase,train
TfZQ5PP_iH4,UCWif2ls3MB_CDmg4z17y6tA,ils,train
TfgJhVM1Ji8,UCrrUZVfztrpQU1YMMFoIR1A,bfi,test
Tg6zS2muI_E,UC5H_CO6QGwd9hilVnfujz_w,bfi,train
Tg9pNG5K0rk,UCFuu8KsC_I8RUWsRopecLOQ,bzs,validation
TgUwyzolwu0,UCWAVxwEn9KPfQ0exkK1bzkw,ase,train
Tgj_Y3yIOCc,UCLq0QAPYJRxb4hN3DlYe2tw,ise,train
ThNFs5NG0lk,UC-_uxJSqfBKmSWcz4jeiY4w,ase,train
ThPuGZYJhTE,UCyIjlBUwgXeKO6MZ2Ospaxw,jsl,train
ThRnhxnr3Qw,UC5Xzq4Gg6mSNymC4xIaZg1g,ase,train
ThV1uaSb6y0,UC75cYKm6WbSk-se1deWaD0g,hsh,train
ThrMMDAuPZ8,UCDaXsbs4hNm7X1QC_X9aTMA,ase,train
TiDSw6rp2Rk,UCGvZg_aDeUw58HlJB3fbgWQ,ase,train
TiUIO6EeyN0,UCK4l01VdkIXI3lA9ey1gUAA,icl,train
TirVgEoRZEw,UC5H_CO6QGwd9hilVnfujz_w,bfi,train
Tj6swakNxcw,UCUW9iqeKBSdegW5onoBnx_w,hsh,train
TjDW3U5vCMk,UC-gc7H_gu_IYUAxO2cu6STA,ise,train
TjI7eHQjnw0,UCKZipOudFKJtiZ_3VJKKcng,vietnam,train
TjP-o3L_pkU,UCRwPaAUrbOL4X7WgxZzIOpw,ase,test
Tk0BOrv5rN0,UCC4RZThTgaepMZZS1CAHxwA,ase,train
TkoogDiGO_Y,UC7PByT-DKjERtGRmxfyWvnw,ssp,train
TksJSPHiAvw,UCF8COXG5VXpjpW_SMMYdBGA,bzs,train
Tlb6cHYOBGs,UC75cYKm6WbSk-se1deWaD0g,hsh,train
Tm1iRgVtlf4,UCJ55y20wHXaTlX7594XWTNA,ase,validation
TmL9eBmnVZo,UCHckc4mrMU9b7L4hxQeN5HQ,ssp,test
TmXUAWERUg0,UCzXNfOVXNYqjFPgMly-1AvQ,isg,train
Tmj8ZOBx6yk,UCAPKIo9ykV8iShMmG7c-BQA,swl,train
TnTXuFxi69k,UC4VHfRJHnbcGVLcr9vQIihQ,bfi,train
TngL4liVrFY,UCLq0QAPYJRxb4hN3DlYe2tw,ise,train
To1Mkj-jYOk,UC6b1zI_hrSg-1nAndUEapeQ,ssp,train
Tofk6d46suc,UClP0YRrEHpWn3_Uv2XYb5Zg,ase,train
Toyvqhv08Ts,UC75cYKm6WbSk-se1deWaD0g,hsh,train
Tp8NHDzcui0,UC-8TBU8-W613NU2ysMh8DWQ,ase,train
TpCcg1gN58w,UCoM1KfRfRwaVEMFdhUmpE8w,ase,train
TpEOrSXcfxw,UCQJVI4-q2aT-9pSEmwtrMoA,ase,validation
TpKiMFUGNbQ,UCe2lcoNfWAp4bc0JySWnkmw,ssp,train
Tq6JB_B0gbg,UCGisGwX9Mh6T6WrJsx-VjDg,pso,validation
TqXFsDYnEto,UCBxFGQJfsVq4P1W0M-sjIkA,ase,train
Tr9_dPujKkM,UCYyRpJBseu43EojDdSUcSyA,ase,train
TstqAZfWbsI,UCNMh0csop45XxYU0itusr1Q,jsl,train
Tt1PK_YWETA,UCLq0QAPYJRxb4hN3DlYe2tw,ise,train
Tt3bDjtj2_s,UCqe1m908QNjDxfgNWLRDyZw,aed,train
TtPYLofF-ng,UCbdRgG-NhSwFlRV3MGVp_cQ,dse,train
TtZ16q5U4X8,UC75cYKm6WbSk-se1deWaD0g,hsh,train
TtxTevFCSa8,UCMHBAIHQZbOb0cO7UHfzL8w,ase,train
Tuf3Kn6yn0Q,UCScR0I-J7gGR2jRCjcrt9Og,isr,train
TugTyNXzFHM,UCEp0rsZTbruVpumG5NLaNFA,ase,train
Tv7UPFzvsdY,UCrdYVJMiz9i3wCY1oueNQbw,aed,train
Tv8FMDo-ARk,UC75cYKm6WbSk-se1deWaD0g,hsh,train
TvdmHvMe_R4,UCe2lcoNfWAp4bc0JySWnkmw,ssp,train
TwE7in3ty3E,UC_wh7CAHsakVopKtr8NnXsA,jsl,train
Twrg1GlB8sE,UCLUwomaXjHGKse8GYaXzTxQ,isr,train
Tww2Ai9qzlY,UCs98soN6aBb6gnfbrLl-W0w,???,train
TxW_imgLb_k,UC2fTQSA7GccUUtG6RrJq9Hg,pks,train
TxXU7MeDVJ8,UC75cYKm6WbSk-se1deWaD0g,hsh,train
TxdPpvK_Yds,UC75cYKm6WbSk-se1deWaD0g,hsh,train
TyEhxY0uxZU,UCWif2ls3MB_CDmg4z17y6tA,ils,train
TyPZjcuHqwY,UC2fTQSA7GccUUtG6RrJq9Hg,pks,train
Ty_SWlF_UUY,UCaTMaFNkTiwgsSQ7FYaiaTQ,ins,train
Tyvwp1AZKH0,UC5H_CO6QGwd9hilVnfujz_w,bfi,train
Tzwes5xOV0I,UCGoMw1fmVX0m5_qMsYG4A3g,ase,train
U-RUbm0Ln8E,UC-8TBU8-W613NU2ysMh8DWQ,ase,train
U-fmfQcTtQY,UCLwjQ2R8M8YuItmwWIZpmEQ,jos,train
U0-4g5iIyqQ,UC85LK96DQppcG7tpcqCcvIw,ase,train
U0S3733b4O0,UCFuu8KsC_I8RUWsRopecLOQ,bzs,validation
U0qG639Vx-0,UCvd8SHzSp07_U55qFI0-dDA,ase,train
U1G4GaX1O20,UC7fVfWv6FL7HeTFeSLz-muQ,ase,train
U1K1pAVSeGQ,UC_UrP9dLp5R3wYJhqqz2btg,jsl,train
U1gTq2h5dI8,UC5H_CO6QGwd9hilVnfujz_w,bfi,train
U1rEIF1bSlw,UCFuu8KsC_I8RUWsRopecLOQ,bzs,validation
U2td-TqwPr0,UCDWuLgx0vTYBGr1G-diNgSw,jsl,train
U30Fi-YPp18,UCfaz727ukS3eFYNLysA9rRw,bfi,train
U3Za0HMUJMM,UCq_BWwLTxZqifLHzEdZavcw,ase,train
U3eg9rDfVVY,UCuyQHJ4y76-i0w9N33vT-kg,ase,validation
U4a8m7dLBhk,UCWif2ls3MB_CDmg4z17y6tA,ils,train
U4h3X0CNoNE,UCGQ1207d-sBzP6ak1k68qyA,ssp,train
U4r74xDDibg,UC5JceFjXJRyp7dzuT96dWiQ,asf,train
U6SblRJs4v8,UCFJLzd1pDjTJgPPHCpDfAwA,ssr,train
U7VkP8mRbjc,UCK-n3cLst9SuYfxk7oNhrlw,ase,train
U8Yq7IP-Ngw,UCDsoH108wJ2A0GWVbv-laWA,bzs,train
U92Q_TmQGcY,UCYshY8Yf21rtt-eSrAyjlUg,ase,train
U9ZHyPcBdSY,UCtCEoFMIllD5aOYneLrP4Vw,ase,validation
U9gDYJZ8mZQ,UC4VHfRJHnbcGVLcr9vQIihQ,bfi,train
U9jcWeEW0fI,UCWif2ls3MB_CDmg4z17y6tA,ils,train
UATo5I1VS6Y,UC75cYKm6WbSk-se1deWaD0g,hsh,train
UBkQ7oXsoI8,UCjfViJQjl_4uxSYiD2-mpPw,ase,train
UC0Qrmv2i2M,UClG6rk99fDsRQ5LW5bl11tg,ase,test
UCkErHPPBnw,UCRwPaAUrbOL4X7WgxZzIOpw,ase,test
UD7k-VO5-S8,UC4hKAY36ZwFrW14iaPyOw-g,sls,train
UDTvw2bmdS0,UCSMZ4td6mZMJVxJ2ow7zY4A,ase,train
UDaSf-XAo3s,UCuseIvrm7VZrcUJipa5yw9g,ase,train
UDbrjyR3jUQ,UCjMNgAHpmS8hDCYZ1tUCPPg,bfi,train
UDxpJChnmGU,UCohixLgvCZjn6Lds2YSKJPQ,ase,validation
UDzfOQsIWao,UCLwjQ2R8M8YuItmwWIZpmEQ,jos,train
UELwFmhO6WU,UC75cYKm6WbSk-se1deWaD0g,hsh,train
UERj8a5S45k,UCuyQHJ4y76-i0w9N33vT-kg,ase,validation
UEpN26kzjXM,UCMbT7f3uBbPv5dCPu7ND-yA,swl,train
UEqftX8fwno,UCsuBAbMlPGJ95w3mwhz-30g,ase,train
UFWuIKlGNEI,UCUW9iqeKBSdegW5onoBnx_w,hsh,train
UFopQ-TnPVk,UCszvwqbz04iulT9divgrNHw,ise,train
UGJslVdsKRE,UCWif2ls3MB_CDmg4z17y6tA,ils,train
UGqY-6G7DFY,UC5H_CO6QGwd9hilVnfujz_w,bfi,train
UH7a1qzo9J0,UCY_1hb97iVCsgjc6MrE0ICA,bfi,train
UIKF-Xp4E3s,UC-gc7H_gu_IYUAxO2cu6STA,ise,train
UIkWe4LC0Ek,UCrrUZVfztrpQU1YMMFoIR1A,bfi,test
UJSUvylgkeQ,UCsuBAbMlPGJ95w3mwhz-30g,ase,train
UJqP48iE-qc,UCNuTk4O2fo38g2nmsGRSkzg,ase,test
UJuo_cPAowc,UCx8jxChJznkRPJCE79qldOg,pso,train
UKDc_gp9yco,UCA17q6v88p8FOlSDiWFkYyQ,bfi,train
UKZ13doGEFQ,UCufxp6ZwK8zEstJ4BISgG4A,ase,validation
UKuOY7Ipp-0,UCyw2aLKkybS0hpAsCH2zUYQ,ase,train
UL8EPEjSGb4,UCkuWlxpXJp5ArwPhnFYcugA,ase,test
UL8ZNID_Nb8,UCaEa-LjV-VwFJ3Flc0ndcWg,hks,train
ULKHAgXAzm4,UCHckc4mrMU9b7L4hxQeN5HQ,ssp,test
ULQ5B07Xr3E,UCjVhd0ghms_iD8JTQ3SAn-g,ase,train
ULTQPjq9u0M,UCQFtUerX7nRMqQeZMeVTy_w,ase,train
ULxUNIyM4xI,UCqLGAeTQmlRVfLK6jAWvDxA,ins,train
ULypXzoKGvE,UC75cYKm6WbSk-se1deWaD0g,hsh,train
UM-OPHIIdEs,UC75cYKm6WbSk-se1deWaD0g,hsh,train
UMKR6EcwYnU,UCfOSt-1pvJhYKUSQLLDmPbQ,gsg,train
UMWNBwp3SEw,UC6OCXcxQ4yKoPfsUPWg99bg,ase,train
UMX7CnMKqSk,UCXuTK8atuQJiJ-qLHbjgaag,bzs,train
UMqC7OmUlGw,UCHckc4mrMU9b7L4hxQeN5HQ,ssp,test
UN1ffyZjv40,UCNSimliLCmvTe_RNcFdRVFw,ase,train
UN7rVHdDRBs,UC6AhVjMzrLvPZDB9ifJedDQ,ase,train
UNOGMfYBuwE,UCHxXEdeyNIfqhj3I1RQVEXw,ase,train
UNjk-Y3iqbI,UCGLOly45we_1ZTXAXF7TZDA,asq,train
UNopBdjXN8s,UCTwn0S3x3B8LKuPFN3ooAyw,ise,validation
UO2tTsPcN3I,UC75cYKm6WbSk-se1deWaD0g,hsh,train
UOJtaOI8tXk,UCGisGwX9Mh6T6WrJsx-VjDg,pso,validation
UOK_659xcPY,UCOaeDgls4FzoVkrYiXkJnOA,gsg,train
UOovbwl5s9A,UC75cYKm6WbSk-se1deWaD0g,hsh,train
UOtYq1EFQvc,UC00w49_nb3oRX8rC5sGFdxQ,sgg,train
UP-qhL4_qDw,UCLtdquxRVoHoHoCgLyW7r2g,ase,train
UPAyyHdUM1k,UC7fVfWv6FL7HeTFeSLz-muQ,ase,train
UPQC09zStD0,UC1f5xYbrZxLkklmGkow7AgA,asq,train
UPQlvRaSFx0,UC85LK96DQppcG7tpcqCcvIw,ase,train
UPRLgtNwkII,UC75cYKm6WbSk-se1deWaD0g,hsh,train
UPYuOMtxtiU,UCe2lcoNfWAp4bc0JySWnkmw,ssp,train
UPxuVfCBzzk,UCTi9woRHA4r8e3oEWF8hxTA,aed,train
UQ-9KH8BtJQ,UCHAqRv2beH6TxdFCGZQORYw,ase,train
UQ2IapPQvoQ,UCO9zhhszyR4Av4WxwdBJs-Q,ase,train
UQBCLvoqdV0,UCA17q6v88p8FOlSDiWFkYyQ,bfi,train
UQBzaoYwDyA,UCzXNfOVXNYqjFPgMly-1AvQ,isg,train
UQUeRKGjNLU,UC75cYKm6WbSk-se1deWaD0g,hsh,train
UQlIzjkMtmI,UC7fVfWv6FL7HeTFeSLz-muQ,ase,train
URhnN4qDkqA,UC5H_CO6QGwd9hilVnfujz_w,bfi,train
URv7GzgtfDI,UChTbPO97Nt0OTDvqSBjhrVQ,isr,train
URzwW4EQvb8,UC75cYKm6WbSk-se1deWaD0g,hsh,train
US-8kpdmrU8,UCgtGqac0XToRo3iql_TN-mg,ase,train
US0Z-q5UVFY,UCqd6eos5-i46NbDH1uLWdFQ,bfi,train
USIe2hc_Bro,UCO9zhhszyR4Av4WxwdBJs-Q,ase,train
USPduOesZOs,UCufxp6ZwK8zEstJ4BISgG4A,ase,validation
USaLGN_D270,UC4SqFeQL9FsN2A-2cBbUS5g,bzs,train
USr3-h3tfwQ,UC1NMfuVB7O-Nn-ltOdMLL5w,ase,validation
UTLyLaZcgrA,UCwc0xtGUmoxvjYzaZNYCnEA,ase,train
UTbDY5jcb7Y,UCs1S_ZbrCZw2xAJhK7ciBqQ,ase,train
UTdcXMNeI3g,UCT_ibOnQ79FD6UX9nUwl1Fw,ise,train
UTiL1A1bK2U,UCAPKIo9ykV8iShMmG7c-BQA,swl,train
UTuSWjI6_aU,UC75cYKm6WbSk-se1deWaD0g,hsh,train
UTz1DZOrCuw,UCKyWIEse3u7ExKfAWuDMVnw,gsg,validation
UUMtkTk4Ryk,UCAPKIo9ykV8iShMmG7c-BQA,swl,train
UUYVE204bHM,UC-8TBU8-W613NU2ysMh8DWQ,ase,train
UVKqayGIzvA,UCAPKIo9ykV8iShMmG7c-BQA,swl,train
UVY4cNeTND4,UC6FT2iHvHUI8eiasgOAUjMw,gsg,train
UVlPNQxdDok,UC6OCXcxQ4yKoPfsUPWg99bg,ase,train
UW-1K09YYO8,UC4KyhBCXwO-aSXDN-QyeSmQ,ase,train
UWRogwONggw,UCHxXEdeyNIfqhj3I1RQVEXw,ase,train
UWXr2fAbrUA,UC85LK96DQppcG7tpcqCcvIw,ase,train
UX-rHlxaxsw,UCT_ibOnQ79FD6UX9nUwl1Fw,ise,train
UX8ASRvXxew,UCuyQHJ4y76-i0w9N33vT-kg,ase,validation
UXXmzbNktwE,UChTbPO97Nt0OTDvqSBjhrVQ,isr,train
UXY7QIG2K5A,UC7fVfWv6FL7HeTFeSLz-muQ,ase,train
UXqacrp4xSo,UCwc0xtGUmoxvjYzaZNYCnEA,ase,train
UXrOP-00Gaw,UCWif2ls3MB_CDmg4z17y6tA,ils,train
UY2xsZgh618,UCJeBnwmzj3tVtS-3-sSOC_w,hsh,train
UYCiJI1aXU4,UCYyRpJBseu43EojDdSUcSyA,ase,train
UY_qLhC-hE8,UClv1kekXgC4s8Is-f1OBqQg,ase,train
UYyUBBriznw,UCEPuAkI8Fx_dqb2RMoy00CA,asf,validation
UZ6xPUgzqUE,UChaQXI_ya4H1gkJskWLS-7A,ase,train
UZMi6WFrh5s,UCaf4eTN4UyN4HKYCNnwyH2w,ase,train
UZdWMETGsPo,UCDdzmg94KoMcAqXDxafSGuw,pso,train
UZfJp1mtjM0,UCIWt1KZn7Nu21nbb5agLp4w,ase,train
U_9XrqO7D-E,UC75cYKm6WbSk-se1deWaD0g,hsh,train
U_UlGDiETq0,UCWVUF_aLbNrR_ObLwWZcU2Q,fsl,train
UagNGbCFXRc,UCI4A_xft-8uziHWd1-Q0NWA,ase,train
UbPVOQw22rY,UC75cYKm6WbSk-se1deWaD0g,hsh,train
UbiRistFJ4Y,UC75cYKm6WbSk-se1deWaD0g,hsh,train
Ubjn3sBSeFU,UCAwUq47FcxxDL68rM4wf2ZQ,asf,train
UchDC0ZzaIY,UCbt8SycZej80mabDtc-wuEQ,asf,train
Uck8OnELEus,UChTbPO97Nt0OTDvqSBjhrVQ,isr,train
UdPKVh3zdaU,UC5H_CO6QGwd9hilVnfujz_w,bfi,train
UdWhWo6qDik,UCDivIPRtPf_EHSiRfkwkfZA,bfi,train
UePIzbnH1PE,UCFfgJbY2jt4Notzk5M3baOA,asf,test
Uf48GhnjoFI,UCsuBAbMlPGJ95w3mwhz-30g,ase,train
Uf5hRWT7KEM,UC55C6FrDNkoh1-S8tGHdCDw,ise,train
UfERpn4a30A,UCHckc4mrMU9b7L4hxQeN5HQ,ssp,test
UfKKBlbCUXA,UCcmJuUulPHzBUuQbQUN7GzQ,bfi,train
UfQaoR-LoaE,UCWif2ls3MB_CDmg4z17y6tA,ils,train
UgEYkvpsAnQ,UCsuBAbMlPGJ95w3mwhz-30g,ase,train
UgltUBC1BDE,UCLZ-LkPh14mi5FAhz4XZovg,asf,train
Uh3-0cm9fhE,UCMHrycm2ZYKElSi_24Ih5ug,ase,train
UhN-7cE_7go,UCtCEoFMIllD5aOYneLrP4Vw,ase,validation
UhQSpGiY9u4,UCKzRsAvopxz5PZ47wpctxbQ,ase,train
UhSbogF8wo4,UCnvpXSaqEhHZdP3twfnxxTQ,ase,train
UhUgt5jqRLg,UCuseIvrm7VZrcUJipa5yw9g,ase,train
UhbbuJsPfnc,UCY_1hb97iVCsgjc6MrE0ICA,bfi,train
Ui0UcDi7DU0,UC1f5xYbrZxLkklmGkow7AgA,ise,train
Ui5tem0bnR8,UC75cYKm6WbSk-se1deWaD0g,hsh,train
UiFdJfoegZM,UC99w_Bzj8ikOz8Gpv0prbNg,ins,train
UiG4_ZLl3rI,UC75cYKm6WbSk-se1deWaD0g,hsh,train
UiPYXfKnNFg,UCBRYgj8lhwnr9FrETyJbYEA,ise,train
Uj1iOaQOXSk,UCTi9woRHA4r8e3oEWF8hxTA,aed,train
UjeYFOzI7V8,UCHckc4mrMU9b7L4hxQeN5HQ,ssp,test
UkFmRnOP1BM,UCUW9iqeKBSdegW5onoBnx_w,hsh,train
Ukc7yUoWWtk,UC7fVfWv6FL7HeTFeSLz-muQ,ase,train
UktG_vObV-s,UCkWksOb8T0mw0p7t0Bsw5Hg,ase,train
UlRyKsP78qQ,UCyl2koki10uOzPU3chYrHuQ,ase,train
UlUbZK6brPY,UCPgIzfHK5zkJXIygSEjxO4Q,icl,train
UlcuquVFlnk,UCUW9iqeKBSdegW5onoBnx_w,hsh,train
UlmRPXz9twk,UCSMZ4td6mZMJVxJ2ow7zY4A,ase,train
UmNUTEZKWsA,UClO2hO0t9tWsdgZmi_WQNkg,ssp,train
UmVzPiquT9Q,UCQukMGEToh7Dcjsl8ZADaOw,ise,train
Umjd6pIYSy8,UC-22JP32sKPIJztxTQ9yXTg,swl,validation
Umk_FhWVwAg,UCjCBX_ZL4T0nCyq3AgFVsDg,asf,train
UnPoUcSLDeE,UC2fTQSA7GccUUtG6RrJq9Hg,pks,train
UnVdgscWbY4,UC-8TBU8-W613NU2ysMh8DWQ,ase,train
Un_v7Rh3MNE,UCaHpmqlbEtpKQSwyUnE9PkA,jsl,train
UnzECEGpWFY,UCWif2ls3MB_CDmg4z17y6tA,ils,train
UoBmgpdHi_I,UCCZ_femzSxK1e936MTU9TaQ,asq,validation
UoK4hd8M_dI,UCLzz9KVBGzJKUQ-CyIRmXoA,ise,train
UoMr7GlcEso,UCqLGAeTQmlRVfLK6jAWvDxA,ins,train
UoPHO68IWWA,UCTi9woRHA4r8e3oEWF8hxTA,aed,train
Uop68nINDD0,UCFhkMmkHRtwFTMAFiABkTOw,bfi,test
UpL_-dfKsdQ,UCrvCLZQZY-x0-YAkgXGX-lQ,ase,validation
UpbG7D1tGxk,UCGQ1207d-sBzP6ak1k68qyA,ssp,train
UqYdwu8GNz4,UC4VHfRJHnbcGVLcr9vQIihQ,bfi,train
UrAmx8nDnIM,UCuyQHJ4y76-i0w9N33vT-kg,ase,validation
UrOmKqae0_c,UC3OemRXA8dNlAfcOrTaLl7g,aed,train
UraawR5a5LY,UC2RbTnQ9sr6r1FgbFKf-fOA,ase,train
UrvzBZ-8vX8,UC5H_CO6QGwd9hilVnfujz_w,bfi,train
UsAegIrKAdg,UC4mjeyM08arGRyqyG80PlvQ,bfi,train
UsHDAoy-WBo,UCBnS3ly6mzdxY0MM2MFcoeg,ase,validation
UsTO4Hw-EqM,UCMZD9P87-3WVUl2-nPOQagg,bzs,test
UsakKwTv2f0,UCPgIzfHK5zkJXIygSEjxO4Q,icl,train
UsdsbFgzYro,UC8FcwO2-Xw9pp0IkFSp2b2w,asf,train
UtCyMZfnJok,UClv1kekXgC4s8Is-f1OBqQg,ase,train
UtOC1aU57kY,UCZy9xs6Tn9vWqN_5l0EEIZA,ase,train
UtOISq-eis8,UC1NVY8allGCbbl3zI9o307g,ase,train
Utky9MIuLQ0,UCWif2ls3MB_CDmg4z17y6tA,ils,train
UtruZwmrrIA,UCSMZ4td6mZMJVxJ2ow7zY4A,ase,train
UtxrDAMRoNI,UCizGctLgAahGlOvtSAKdq3g,jsl,train
Uty0HDt5gKQ,UCHckc4mrMU9b7L4hxQeN5HQ,ssp,test
Uu7PRKGK1_s,UCp-zUJebVEpCBRs2FK-bhfQ,ase,train
Uu8o51qVQv8,UCHzwwq3Pf224bW9T9IyV9Zg,ase,train
UuGtzoNmGhk,UCjCBX_ZL4T0nCyq3AgFVsDg,asf,train
Uuaouu4j_9o,UC5H_CO6QGwd9hilVnfujz_w,bfi,train
Uv1IT0KUJLo,UCBNSVikhjsRFIZGWuOCUAug,ase,train
Uv2mCbfPbNY,UCky7bYWLr_5JfYNfdiFYxJg,ase,train
UvMZ4IwYjKs,UC7PByT-DKjERtGRmxfyWvnw,ssp,train
Uw-6aprsQmE,UC4fJ87vQIH9NUQwJNmgUkFw,ase,train
UweGyj2vy5E,UCWif2ls3MB_CDmg4z17y6tA,ils,train
UwoMccvUmJE,UCe2lcoNfWAp4bc0JySWnkmw,ssp,train
UwsewTOhuhg,UCBjB44dvd2F5MN-fC-eokIg,pso,train
Ux4J7B6KK8g,UC5Xzq4Gg6mSNymC4xIaZg1g,ase,train
UxMYUTIZCGs,UChTbPO97Nt0OTDvqSBjhrVQ,isr,train
UxS4p2gd1HY,UCzxWduRjGn_A8rEf_-FtL5Q,pso,train
UxXLQxusK14,UCWif2ls3MB_CDmg4z17y6tA,ils,train
UxbQ1bp5_Zg,UClO2hO0t9tWsdgZmi_WQNkg,ssp,train
UxlnxGyS3lc,UC85LK96DQppcG7tpcqCcvIw,ase,train
UxmHVeEjD4c,UCPTbovTtAz9LaZOSHLkpq-A,aed,train
UxoBCAAkSQo,UC1f5xYbrZxLkklmGkow7AgA,asq,train
UxuLj17UyDU,UCyl2koki10uOzPU3chYrHuQ,ase,train
Uy-ME_BtvN8,UC-XWx33KnEIZ1uIx_wF9ohA,ase,train
UyIoj_ZYhvI,UCMZD9P87-3WVUl2-nPOQagg,bzs,test
Uyowtc0y_Xw,UCSQ_x986Xm0D3pRkCNCgPOw,ase,validation
UzEL9ogyj5g,UCHBvS1eMuD3sjLKQ3l-nQSQ,ase,train
UzI8nrtdOLw,UC75cYKm6WbSk-se1deWaD0g,hsh,train
UziUavFY6wo,UCUW9iqeKBSdegW5onoBnx_w,hsh,train
V-8H23F-_dc,UCFcpIA0onxgAkdsh3K0gpeQ,ssp,train
V-R7pMCn7fU,UC5H_CO6QGwd9hilVnfujz_w,bfi,train
V-YSDa_dN_s,UC5H_CO6QGwd9hilVnfujz_w,bfi,train
V-bIwiXNyTI,UCQJVI4-q2aT-9pSEmwtrMoA,ase,validation
V071kaozdVs,UCByksiqhfiOx06fjOgQ5zHA,swl,train
V0DX3LxRK8o,UC5H_CO6QGwd9hilVnfujz_w,bfi,train
V0NeVibKyqU,UChTbPO97Nt0OTDvqSBjhrVQ,isr,train
V0fottgqdPY,UCRvJ2TV_v5OE1OGbFDfN2JQ,ase,train
V12WwUwrsxA,UCsuBAbMlPGJ95w3mwhz-30g,ase,train
V1Lacy1yZhU,UCak8RWtAcTa8J1P57Y60YNA,ase,train
V1Q8wUhCSz4,UCJDZUpRa1-sh6vg3aA9LBtg,fsl,train
V2-PU_ec2v8,UCGisGwX9Mh6T6WrJsx-VjDg,pso,validation
V2FjfhooLZk,UCUG55S8guAvcrxLt2yfieag,tsm,train
V2sK04pbu8M,UCDivIPRtPf_EHSiRfkwkfZA,bfi,train
V3GXyJ3l0vc,UCGisGwX9Mh6T6WrJsx-VjDg,pso,validation
V3VmToCW_18,UCLULAdF1-hor45QMG5DsjXQ,ase,train
V3fq_kTfmpc,UCvrsnjoJpCj7A0-Nu5JTA4A,fsl,train
V4OA2lWlweg,UCe2lcoNfWAp4bc0JySWnkmw,ssp,train
V4xm97wQ51o,UCTwn0S3x3B8LKuPFN3ooAyw,ise,validation
V5D4G7tweo0,UCEPuAkI8Fx_dqb2RMoy00CA,asf,validation
V5Hjq3aGAwc,UCK-n3cLst9SuYfxk7oNhrlw,ase,train
V5IWrQV-jYs,UCxie1H5Lzl5NFsMmAjzs9qQ,fss,train
V5J40Xl0p6s,UCs98soN6aBb6gnfbrLl-W0w,???,train
V67n-bvuTlk,UCAPKIo9ykV8iShMmG7c-BQA,swl,train
V6A6rmEVjPs,UCWif2ls3MB_CDmg4z17y6tA,ils,train
V7XeSMxy4Ck,UCChKgcgVNfCT2wO1AJwNkGA,jsl,train
V7jQPrbK7gM,UCT_ibOnQ79FD6UX9nUwl1Fw,ise,train
V82Az7N-rdo,UCGisGwX9Mh6T6WrJsx-VjDg,pso,validation
V899KF-Wjn8,UC75cYKm6WbSk-se1deWaD0g,hsh,train
V8E5o20VqSA,UCFcpIA0onxgAkdsh3K0gpeQ,ssp,train
V8d3FPg5LvA,UCdKUnIqbQF8GMG-WzlQ6kFg,ase,train
V8gQIz26XRI,UCqLGAeTQmlRVfLK6jAWvDxA,ins,train
V8nMhA9QVp0,UC4rj7Ns8MtIqoI7i0Lagkng,jsl,train
V8zwMb7tWoA,UCo6BkyB-xipWbTjUmWQgKcw,ase,validation
V91qpfpMEug,UC75cYKm6WbSk-se1deWaD0g,hsh,train
V93fJniFgoQ,UC-8TBU8-W613NU2ysMh8DWQ,ase,train
V9AsHFtfLPI,UC75cYKm6WbSk-se1deWaD0g,hsh,train
V9eWCq2KHcY,UC6OCXcxQ4yKoPfsUPWg99bg,ase,train
VA24vWpLnhs,UCAPKIo9ykV8iShMmG7c-BQA,swl,train
VB0ZOoiMu4U,UCDu0XXRzxz8pvm0PsLpPxFA,ise,train
VBUXs4fgI-M,UC1f5xYbrZxLkklmGkow7AgA,gsg,train
VBgWw7l75j0,UC-gc7H_gu_IYUAxO2cu6STA,ise,train
VBjj4hniRUw,UC2fTQSA7GccUUtG6RrJq9Hg,pks,train
VCI7NT4IEYY,UC2fTQSA7GccUUtG6RrJq9Hg,pks,train
VCUy6633ADw,UCt5gmuWn19Z-emh-ncc2I-g,ase,train
VCsDJfikMOM,UCWif2ls3MB_CDmg4z17y6tA,ils,train
VD0QXBlpOSI,UCWif2ls3MB_CDmg4z17y6tA,ils,train
VDB471IU_wo,UCizGctLgAahGlOvtSAKdq3g,jsl,train
VDBP5dPeepU,UC7JuChYmxhljc49dE3JG6Zw,ise,validation
VDOT3UXEFPg,UC75cYKm6WbSk-se1deWaD0g,hsh,train
VDX8jLFfUnc,UCCkAfmCTGkgJi3QlB_6vkqw,jsl,train
VDfV1Osuzvc,UC99w_Bzj8ikOz8Gpv0prbNg,ins,train
VDhibEchIR0,UC_9x0YFY3tQhHD1oxDriZ9g,sgg,train
VDrCes7muaY,UCIeEC8gGm-UeNHP309VO9_w,ase,train
VEy3BCVHfAQ,,rsl,unassigned
VF2wTW8pEMQ,UC75cYKm6WbSk-se1deWaD0g,hsh,train
VG7i-tXWVTs,UC4SqFeQL9FsN2A-2cBbUS5g,bzs,train
VGKhmkLtl1s,UCe2lcoNfWAp4bc0JySWnkmw,ssp,train
VG_q7002P0k,UCHMBXgtO2Ez6Ie4HkbQk2Fg,ase,train
VGhkXvmF8O8,UCiKW8Rn0EdwtYw1ofoeYSkw,ase,train
VGtb8lngpNk,UCfi4_aCc2nEhtUMSGqaim_Q,ase,train
VGuRBA18pVY,UCSMZ4td6mZMJVxJ2ow7zY4A,ase,train
VGzELwh6r1o,UCWif2ls3MB_CDmg4z17y6tA,ils,train
VGzjRzcct1E,UCRRD3yalnoHR0ZvXqhiTI4Q,bzs,train
VH1WzAAfFYU,UCcmJuUulPHzBUuQbQUN7GzQ,bfi,train
VHSc-b7mj44,UCaayieDFpDIZ1b_mspO_Rzg,ase,train
VHboFh6WjY4,UCmW6ihZmBKQGruMm4ALmzdw,fss,train
VI-vswxcKR4,UCCMrPyfFJUzeXDX5OVB9bEg,ase,train
VIQIPyovo9U,UCzXNfOVXNYqjFPgMly-1AvQ,isg,train
VI_NQQ5V2aA,UCFuu8KsC_I8RUWsRopecLOQ,bzs,validation
VIa4JX3SpoA,UC-8TBU8-W613NU2ysMh8DWQ,ase,train
VJY48K3XDPU,UCYnxGaBJ2NrdBhjqjW1mtFQ,kvk,train
VJ_EZ1FPGFA,UCFyhiizY8-4GUcAeYQlylMg,jsl,train
VJpyYc7n5os,UCo8HN7-u9CBBTzgm6X2GCaw,ase,test
VJrzCZzEa2s,UCXKmEYshhizj-m1YOybnSTQ,ase,train
VJximEVbCnE,UC5Xzq4Gg6mSNymC4xIaZg1g,ase,train
VKIVGkcJyTI,UCYWJdRpk2jOOZaqvXGVjkxw,ase,train
VKRJLRB1v-E,UCS_sxPSNGTfpkoa5nYEt-1g,ase,test
VK_sNPQV99o,UCe2lcoNfWAp4bc0JySWnkmw,ssp,train
VKcZk_hJc5I,UCDaXsbs4hNm7X1QC_X9aTMA,ase,train
VKkTgYtHWpI,UCqd6eos5-i46NbDH1uLWdFQ,ils,train
VKla3BG9Wys,UCFHkpbh0wCDFk7fAPbh5Suw,ase,train
VKwUTDrwC0Y,UC0ssa7FTeHexuO6wHhbX9ow,ase,test
VLPFZNxLzN0,UCEKGHMXIzNxYOmpyjnjJI7g,ase,train
VLRfCTLcGMg,UCcKetdJqFvXWMkM0WSMKH2w,icl,train
VLrizXpk8aY,UC55C6FrDNkoh1-S8tGHdCDw,ise,train
VLtkBUB-Q4o,UCfrYaR1kmCHf8ddHb8O8niw,lls,train
VLyJxjDgmvk,UCWif2ls3MB_CDmg4z17y6tA,ils,train
VMMXtiCdlFk,UCn9c-UlaJcoyHJvZH0PQO1A,ase,train
VMcd7runnvY,UCky7bYWLr_5JfYNfdiFYxJg,ase,train
VN9X1WQKjWI,UCuyQHJ4y76-i0w9N33vT-kg,ase,validation
VNBjnILAKRU,UC75cYKm6WbSk-se1deWaD0g,hsh,train
VNIghmHvPno,UCTwn0S3x3B8LKuPFN3ooAyw,ise,validation
VN_AlJvcLwE,UC75cYKm6WbSk-se1deWaD0g,hsh,train
VNfdwv1NlX8,UCDWuLgx0vTYBGr1G-diNgSw,jsl,train
VOBDIpZnI2I,UC6OCXcxQ4yKoPfsUPWg99bg,ase,train
VOEgKMH6ffw,UCDWuLgx0vTYBGr1G-diNgSw,jsl,train
VOTbvyfTODs,UC75cYKm6WbSk-se1deWaD0g,hsh,train
VOcpwaRfuW4,UC4SqFeQL9FsN2A-2cBbUS5g,bzs,train
VOvg7zKCZRg,UC4KyhBCXwO-aSXDN-QyeSmQ,ase,train
VPJGOuox8Oo,UCQmVgPZHUzskORIH4GMzhJQ,bfi,validation
VP_MRegKfSI,UCJzu69TgtBwVc03QEP9gL6A,rsl,train
VPe9vXRTMdY,UCNp3NlRcLqwZCfFSrttbSAA,ase,validation
VPlj3AJcxts,UC6b1zI_hrSg-1nAndUEapeQ,ssp,train
VQkgVW2NPMs,UC5Xzq4Gg6mSNymC4xIaZg1g,ase,train
VRIHeJbscSY,UC00EFeKtTs_jUf9B2mYNJBQ,csg,train
VRchn6W8Qpg,UCa--AimRP5o7l3OvTaMHvAA,ase,test
VSG-cnFkh7Q,UCRRD3yalnoHR0ZvXqhiTI4Q,bzs,train
VSG2Q4h7WrQ,,ase,unassigned
VSKJ1AyaTsQ,UCAPKIo9ykV8iShMmG7c-BQA,swl,train
VSYCc0nMSyw,UCjwxf1XewJ4LeDQ-WqKAD5Q,ase,train
VSfgzF_mAu4,UC-mxCnXPYvlmiR_l0b7VMow,ase,train
VSlg2eX-Od0,UCqd6eos5-i46NbDH1uLWdFQ,bfi,train
VStcVuXDsdc,UC7fVfWv6FL7HeTFeSLz-muQ,ase,train
VT7VhEkV9oY,UCaayieDFpDIZ1b_mspO_Rzg,ase,train
VTTdP1lnKcg,UC75cYKm6WbSk-se1deWaD0g,hsh,train
VTi0lrB3YfE,UC55C6FrDNkoh1-S8tGHdCDw,ise,train
VTuIztE6GVU,UCO5kEsnz9vd3Fm2OMRTZmrA,isr,train
VU0-UpLTGHI,UCk9vH6gO8-clQt-NZqEdojw,ase,validation
VU7hbbZQ5H8,UCpXR1-L2AhobxMJU90ysN_A,ase,train
VUPKjslbYgY,UC-gc7H_gu_IYUAxO2cu6STA,ise,train
VUbXPxLj6fg,UCsuBAbMlPGJ95w3mwhz-30g,ase,train
VUcy7gygtNc,UCw53Qi9hiPazgL1yLrc9l_g,ase,train
VUkXi6clr0U,UCIYyD-O85i1hNkZ8354aX8g,ase,train
VUsz0cNMl1M,UC75cYKm6WbSk-se1deWaD0g,hsh,train
VVIa4Ci9xR8,UCGisGwX9Mh6T6WrJsx-VjDg,pso,validation
VVPBm6ORLTM,UC8xDnYLS3EaMycxe3ZSUb5g,gsg,train
VVWSD2A65fQ,UCWif2ls3MB_CDmg4z17y6tA,ils,train
VVobYn0Oo6A,UCq2Dzn67767dKnZu-MqLVkw,ase,train
VW3PXMYyU-I,UC75cYKm6WbSk-se1deWaD0g,hsh,train
VWimoP7iXHs,UC75cYKm6WbSk-se1deWaD0g,hsh,train
VWwFYdJeFRM,UCLG1ZDQqh5e1nVzXsxzeK0Q,bfi,train
VX2cffn_0Gk,UCRVMLXnWRF_u17XLa4wwtmg,ase,train
VXBB9j8JDoE,UCU_9wkBwqJODk-REd60Bx4g,pso,train
VXaTfkS5zII,UCYogpIfU7-Cy19rDs1WnpaA,aed,train
VXa_Yr_19d4,UCGisGwX9Mh6T6WrJsx-VjDg,pso,validation
VXz2xCb4z_0,UC7fVfWv6FL7HeTFeSLz-muQ,ase,train
VYEHKk1CAWs,UCJzu69TgtBwVc03QEP9gL6A,rsl,train
VYHhHuryk4s,UCqLGAeTQmlRVfLK6jAWvDxA,ins,train
VYVzIFwTtdc,UCJGkWwXm0v41ZPTcY1y7_uQ,cse,train
VYWEHxxDHDM,UCWif2ls3MB_CDmg4z17y6tA,ils,train
VYo3A8ChO84,UCLULAdF1-hor45QMG5DsjXQ,ase,train
VZ4FUG_HuEM,UCuyQHJ4y76-i0w9N33vT-kg,ase,validation
VZ9x_GSWd1M,UC85LK96DQppcG7tpcqCcvIw,ase,train
VZMpqIyboZ0,UCK8FpAlE2RUsrpTIBkOBrsw,ase,train
VZcAFJKejGo,UCcKetdJqFvXWMkM0WSMKH2w,icl,train
VZf7CCFE6j8,UCDAOYycn4dnAFICIdeYJWwA,bfi,test
V_MIbTMsODc,UCuyQHJ4y76-i0w9N33vT-kg,ase,validation
Va3oQo6qLiM,UCUW9iqeKBSdegW5onoBnx_w,hsh,train
VaGSspTZY90,UCERH7awdY3M-n5otvzurJkg,ase,train
VaJHBoB_J6s,UC4VHfRJHnbcGVLcr9vQIihQ,bfi,train
Vb5yAlpWC3c,UC4VHfRJHnbcGVLcr9vQIihQ,bfi,train
VbKHUsr-T00,UCXSQazZ2oxhI3TbAVaRhTSw,ase,train
Vbz8b5nySfU,UCBRYgj8lhwnr9FrETyJbYEA,ise,train
Vc8swaeGvpk,UCYnxGaBJ2NrdBhjqjW1mtFQ,kvk,train
VcCRWv31i1I,UCeOdSeu80D-06pkfKchgE1g,ase,train
VcXm0vSNtX8,UC8dlCFhi6sZu0L0n_bXTEpA,ase,validation
VcxM_v2GDkw,UCBRYgj8lhwnr9FrETyJbYEA,ise,train
VdBQTOx5T3U,UC9wDj2_57e2TlH2UE2OvE8g,ase,train
VdMP9H9BliQ,UCDivIPRtPf_EHSiRfkwkfZA,bfi,train
VdRSD0bbArg,UC75cYKm6WbSk-se1deWaD0g,hsh,train
Vdc9zWkPLhI,UCCkAfmCTGkgJi3QlB_6vkqw,jsl,train
Ve50WAQ3Nu4,UCcKetdJqFvXWMkM0WSMKH2w,icl,train
VeE6nKlVVNA,UC75cYKm6WbSk-se1deWaD0g,hsh,train
VeNBzi1t3cc,UCEPuAkI8Fx_dqb2RMoy00CA,asf,validation
VeSxr0uJdkY,UCapFShgxytRPexLxwUiXGVw,asq,train
VeeLu9Vh1vg,UCNMh0csop45XxYU0itusr1Q,jsl,train
VegmaoGB_GA,UC59Ma3-UuJPEg1lomLlZWyA,ase,train
VffJgMBK_NQ,UCVnYnjKyNuv7eVYQmTe8aIw,ase,test
Vg9kIFlaPHM,UC7fVfWv6FL7HeTFeSLz-muQ,ase,train
VghWZHzwh-Q,UCZ3vY1_AhI-UpoQwu-HqXgw,ase,train
Vh7_QMEVxps,UCyAPbimBAxWyMA0t96UTbbg,svk,train
VheVpfs0aTk,UCKki8PhClHFEiaSdKNXxilQ,ase,test
VhuDIGfnt6w,UC75cYKm6WbSk-se1deWaD0g,hsh,train
Vi6ZoCCG2oI,UCWif2ls3MB_CDmg4z17y6tA,ils,train
ViABW_imBJ4,UCAPKIo9ykV8iShMmG7c-BQA,swl,train
ViP3O6YGmIQ,UCAwUq47FcxxDL68rM4wf2ZQ,asf,train
Vih46jDo9hQ,UC2fTQSA7GccUUtG6RrJq9Hg,pks,train
Vj6c3uCpCfY,UCWif2ls3MB_CDmg4z17y6tA,ils,train
VjVYXNanZEY,UC2bK5-reqE8zppmJJ9kZdVQ,ase,train
VjhxYDxPhQc,UCaTMaFNkTiwgsSQ7FYaiaTQ,ins,train
VjmTr0jj0g4,UCZy9xs6Tn9vWqN_5l0EEIZA,ase,train
Vk8FVtr-QfA,UC5bGL3ozWZL_PNZjmSwXnTA,pso,train
VkJUPqwB8PA,UC75cYKm6WbSk-se1deWaD0g,hsh,train
VkLIJDtQYQw,UC85LK96DQppcG7tpcqCcvIw,ase,train
VkR-qObc7JA,UC75cYKm6WbSk-se1deWaD0g,hsh,train
VkSyRAnfoDo,UCLUSM7sbFDJD4EeLCegPB1Q,pso,train
Vlx-IelDM5M,UCcpZbrHf7s9cochAVYatcpA,ase,validation
VmF6lXikZ9E,UCeGnNTP0aHlTiOKlINLE5Pg,bfi,train
VmQ1UMuLdWg,UC7fVfWv6FL7HeTFeSLz-muQ,ase,train
VmWgRP0Pz2I,UCPcaUL_Tp9Qh6TMYweH6IcQ,ase,train
Vm_L-nszVFU,UC7fVfWv6FL7HeTFeSLz-muQ,ase,train
Vm_dAT0UqTM,UClyngyD31Bj6fPGCDyobHYA,ase,train
VmcgZMLCH_4,UC-8TBU8-W613NU2ysMh8DWQ,ase,train
VnBdiZmPAn0,UC1mrgxxrCtcAUBFR5Z9Kn6A,ase,train
VnMPXKRl0dA,UCGisGwX9Mh6T6WrJsx-VjDg,pso,validation
Vnxt2XmKWII,UC5Xzq4Gg6mSNymC4xIaZg1g,ase,train
VoGiVvoZf_Q,UCypYeupYrqp2tfKwOM6SWrQ,ase,train
Voxnw_Qqz3w,UCaGw9z5wD70PmLH_V2keTRQ,ase,test
Voy7-zgIR8M,UCT_ibOnQ79FD6UX9nUwl1Fw,ise,train
Vp64x1KkFZM,UCHYhDUKzFJYtxa1aGB3cpmw,ase,train
Vq5x4_WAj9Y,UCWif2ls3MB_CDmg4z17y6tA,ils,train
Vq6uqnkdxks,UCN3EpusqMLO3-N_WWNgHyXg,ase,train
VqBKBXlIn3E,UCzXNfOVXNYqjFPgMly-1AvQ,isg,train
VqVMZTSTmJY,UC99w_Bzj8ikOz8Gpv0prbNg,ins,train
VqXxmdIbiBY,UCWau6pJZH8XD8sjCrJu6cwA,ase,train
VqiV6x9LkdQ,UC75cYKm6WbSk-se1deWaD0g,hsh,train
Vr4AszSQFAA,UCuyQHJ4y76-i0w9N33vT-kg,ase,validation
VrMN4OZkPlg,UC85LK96DQppcG7tpcqCcvIw,ase,train
VrTIgZlb0F8,UCaayieDFpDIZ1b_mspO_Rzg,ase,train
VsCttY-n3bM,UC1f5xYbrZxLkklmGkow7AgA,ise,train
Vsaio98oS7k,UCor3VcSrTRUPZUsvtDTi0rg,ase,train
Vsssah3gvu0,UCGoMw1fmVX0m5_qMsYG4A3g,ase,train
VsvrhtYgHF0,UC85LK96DQppcG7tpcqCcvIw,ase,train
Vtxy4-Yq8bQ,UCBjB44dvd2F5MN-fC-eokIg,pso,train
VuKBmD50278,UCUW9iqeKBSdegW5onoBnx_w,hsh,train
VuRtK_KIRaE,UCYWJdRpk2jOOZaqvXGVjkxw,ase,train
Vue6Q3OFj0c,UCPgIzfHK5zkJXIygSEjxO4Q,icl,train
VuorVqsiHy0,UCRLLiAzad5ts5gQGcPwrTFQ,ase,train
VvBkNUYwgvQ,UC75cYKm6WbSk-se1deWaD0g,hsh,train
VvPtuS1H9ZA,UCqLGAeTQmlRVfLK6jAWvDxA,ins,train
VvWsDONvJwk,UCqLGAeTQmlRVfLK6jAWvDxA,ins,train
Vw681PUQiPc,UC6cIFkGZUkjUMovxdvhaeNg,ase,test
VwGx1_FgMGI,UCNSimliLCmvTe_RNcFdRVFw,ase,train
Vww4LIZvaWE,UCe2lcoNfWAp4bc0JySWnkmw,ssp,train
Vx7ONVdzP6o,UCgEYcVOHaAhiJV9WpWwtisQ,ase,train
VxBSqy_Usxg,UChhH5dTjtTV3PK2yEbbtMkw,cse,train
VxRS1HHhiMc,UCWif2ls3MB_CDmg4z17y6tA,ils,train
Vxnb89_Mq68,UCpKPV8LS9y2qUuuExuOJ1sg,pso,train
VxneyYwv-c4,UC75cYKm6WbSk-se1deWaD0g,hsh,train
Vxw-NgW50FE,UCukFXUY31fuIz6L-3T2BWyw,ase,train
VyH-hWXMtRo,UC75cYKm6WbSk-se1deWaD0g,hsh,train
VyKo6H1K44k,UCAPKIo9ykV8iShMmG7c-BQA,swl,train
VyLNpCAuyXQ,UC99w_Bzj8ikOz8Gpv0prbNg,ins,train
VyRr-Ek4nMA,UCaTMaFNkTiwgsSQ7FYaiaTQ,ins,train
VzusI5OTtvw,UCZy9xs6Tn9vWqN_5l0EEIZA,ase,train
W-Ag3H16yN0,UCuyQHJ4y76-i0w9N33vT-kg,ase,validation
W-GlJDxbnQU,UCvlog3G_774ibLZfyPI_yOg,bfi,test
W-N-fCUq3RA,UC-gc7H_gu_IYUAxO2cu6STA,ise,train
W-XJ7s8Dh5A,UCAPKIo9ykV8iShMmG7c-BQA,swl,train
W-Yh5mpmgZY,UCPTbovTtAz9LaZOSHLkpq-A,aed,train
W0Ui0pO1Lng,UC_9x0YFY3tQhHD1oxDriZ9g,sgg,train
W0d3cAQDGxs,UCkgsbepPxInyy8LfIyJr7pg,ase,train
W1iqXshp8CU,UCZaMYDwU4FaKLU0G6EhqohQ,ase,test
W1pWXm4zas4,UCOcpdk1Yx8LIXBAjDAMM6HA,ase,train
W2ACu4-zBrc,UCVmcKvycL7ZBqJ0taEzGPBQ,bfi,train
W2I1zVXVILc,UCA7yuvsX0I5xX_SSXUJQJ1w,ase,validation
W2Vhj4zWty0,UCs98soN6aBb6gnfbrLl-W0w,???,train
W2sQblG-4Sc,UClv1kekXgC4s8Is-f1OBqQg,ase,train
W3LxmDbUAHo,UC6OCXcxQ4yKoPfsUPWg99bg,ase,train
W3UpESuoqrI,UCWif2ls3MB_CDmg4z17y6tA,ils,train
W3vk2q4DLjQ,UC75cYKm6WbSk-se1deWaD0g,hsh,train
W4IbQRtGKts,UCR7_ied3vPnb7Jwmplsz4ug,ase,train
W4KOM45LpyM,UCFJLzd1pDjTJgPPHCpDfAwA,ssr,train
W4T6ljY5Ndg,UCGisGwX9Mh6T6WrJsx-VjDg,pso,validation
W5Q6_hnV6ws,UCWif2ls3MB_CDmg4z17y6tA,ils,train
W5ZQTtsPUAM,UCFJLzd1pDjTJgPPHCpDfAwA,ssr,train
W64r6b5J13o,UCjCBX_ZL4T0nCyq3AgFVsDg,asf,train
W69xSgeUbzE,UCVCtmsq2MwxRAD5fdFeQp2Q,fse,train
W6BLJn2nBV4,UC5H_CO6QGwd9hilVnfujz_w,bfi,train
W7ZqE2Kb0v8,UC8il6LlkrWyamf2AgAal65w,eso,train
W8McjJKAH2o,UCqLGAeTQmlRVfLK6jAWvDxA,ins,train
W8gA3tLP9cw,UCVyxYoSW-59ZPCd4krQg3fA,ase,train
W9FfF9S-jlI,UC55C6FrDNkoh1-S8tGHdCDw,ise,train
W9OU06An4O8,UCDsoH108wJ2A0GWVbv-laWA,bzs,train
W9QsARXu368,UC75cYKm6WbSk-se1deWaD0g,hsh,train
W9V5cPJPYvM,UC85LK96DQppcG7tpcqCcvIw,ase,train
W9sg9bU-0EQ,UC75cYKm6WbSk-se1deWaD0g,hsh,train
WAEOTQ-Kf78,UChTbPO97Nt0OTDvqSBjhrVQ,isr,train
WAIniP4w6iE,UCfLul2uPakgQyTab23cYB7Q,asq,train
WASRVpQnGrE,UC5RrTOs35gE_w5625uGLSdA,kvk,train
WAbays4OGlA,UCHBvS1eMuD3sjLKQ3l-nQSQ,ase,train
WAlxUyCzN_w,UCoM1KfRfRwaVEMFdhUmpE8w,ase,train
WBDRNocW9n0,UC7PByT-DKjERtGRmxfyWvnw,ssp,train
WBG69V6maB4,UC0sY0BlkHyM81CyH0N_95bg,ase,train
WBPdHuAOmxU,UC75cYKm6WbSk-se1deWaD0g,hsh,train
WBVp-x-YQxw,UCqtaBrGzW-WzWVdhrjCBQ4g,tsm,train
WBWApvls2Bo,UCR6WxkZJW2gfYMt6ZqnF8cg,ase,train
WBfu3UDWlj8,UCHBvS1eMuD3sjLKQ3l-nQSQ,ase,train
WBvOEdCWy6o,UCXure2AUaxceW_Ya1Jw0Mxg,gsg,train
WByoHc4oWKE,UCB2TPZ9vox9PvK9arORVtNg,pso,train
WCBKXeH4ftA,UCizGctLgAahGlOvtSAKdq3g,jsl,train
WCaed_oGBWs,UC4rj7Ns8MtIqoI7i0Lagkng,jsl,train
WCcUlj7_OKU,UCHA7KnutwUZzQn-Y18PYV5g,ase,train
WD5bjeYe0kY,UC4SqFeQL9FsN2A-2cBbUS5g,bzs,train
WDt6kZkQBoE,UCTwn0S3x3B8LKuPFN3ooAyw,ise,validation
WEal0D9jFnk,UC7fVfWv6FL7HeTFeSLz-muQ,ase,train
WFE5atTN6rE,UC9MGNRfXnAFlg_KQWBWQCyg,ase,validation
WFUGOt79w3g,UCgvywbxAcsgJr_gfpqKLXXw,pso,train
WGLmFBvilfY,UCAPKIo9ykV8iShMmG7c-BQA,swl,train
WGRjKWzxPpw,UCXuTK8atuQJiJ-qLHbjgaag,bzs,train
WGrto8pTHW0,UCfY_uBhH841gxpS0FhUqzvw,ase,train
WGtFeSSNPAQ,UCX4NIudbUkjKByHblXKywGA,ase,train
WGuvdN3_9Nc,UCgEYcVOHaAhiJV9WpWwtisQ,ase,train
WGwaWtigG5o,UCOYqpKAL3HkMo6CEPPVl4gg,ase,train
WH3txmwIwcs,UCaDrIDvpB0HdFTkpdjTPwSQ,rsl,train
WHUTVZrtfhI,UCrrUZVfztrpQU1YMMFoIR1A,bfi,test
WI20ntgF_XA,UCuseIvrm7VZrcUJipa5yw9g,ase,train
WIJvUqUcCCU,UCEPuAkI8Fx_dqb2RMoy00CA,asf,validation
WIb94U3gCAM,UCWif2ls3MB_CDmg4z17y6tA,ils,train
WJ00-lJ9h6E,UCA17q6v88p8FOlSDiWFkYyQ,bfi,train
WJe7ra_GWtI,UCpCJLRVKoM8j5PwsO8ZTYNg,ase,train
WJuYHxOWgCo,UCFcpIA0onxgAkdsh3K0gpeQ,ssp,train
WKUBLpnRKb0,UC75cYKm6WbSk-se1deWaD0g,hsh,train
WKZAtAI0agg,UCUW9iqeKBSdegW5onoBnx_w,hsh,train
WKf7RKlNKzw,UCyD6epypPmiwcb_0n7hofuQ,swl,train
WKloUuV_M2A,UCZt8Ax4h45sML6CYW0sTrlQ,ase,train
WLPUNpnWfbg,UC5H_CO6QGwd9hilVnfujz_w,bfi,train
WLXW5D2u0Ao,UCYWJdRpk2jOOZaqvXGVjkxw,ase,train
WLj9ZiuJQuU,UCqtaBrGzW-WzWVdhrjCBQ4g,tsm,train
WMcjUquEf6s,UCdxrkOJVVCd8l9shSwsz8sQ,ase,train
WMxozuAEIg8,UC75cYKm6WbSk-se1deWaD0g,hsh,train
WNyRhMxuwXA,UC75cYKm6WbSk-se1deWaD0g,hsh,train
WO5ZoULrxEo,UCaayieDFpDIZ1b_mspO_Rzg,ase,train
WOU2ehxGu-E,UCFfAXfuCw-EHNVJgL_WEoQw,pso,train
WOrT5N3kDgw,UCK-n3cLst9SuYfxk7oNhrlw,ase,train
WP0wcM85Uyo,UC75cYKm6WbSk-se1deWaD0g,hsh,train
WPb9neFJsrs,UCTKsrvPypyh3flFdEWqo53A,ase,train
WPl7o920tiQ,UCK-n3cLst9SuYfxk7oNhrlw,ase,train
WQhwldNsOac,UCszvwqbz04iulT9divgrNHw,ise,train
WQw-pheuE78,UCcKgLKvPqmphAXnQg7IX-Mg,hsh,train
WRpp45BXmG8,UCs98soN6aBb6gnfbrLl-W0w,???,train
WS3URRaLYHk,UC75cYKm6WbSk-se1deWaD0g,hsh,train
WSH8zf6nSkw,UCL4ZEsnRRng4iKT4va2JN2g,ase,train
WShKgHoSW0M,UCWif2ls3MB_CDmg4z17y6tA,ils,train
WSsaqKldH9U,UChTbPO97Nt0OTDvqSBjhrVQ,isr,train
WT5FR9huTm0,UCSMZ4td6mZMJVxJ2ow7zY4A,ase,train
WT8O6cGB-do,UC6b1zI_hrSg-1nAndUEapeQ,ssp,train
WT9bC2FgrIE,UCyjpMQ5wd2whW1BRGf9W2_g,ase,train
WTONL2KaXn0,UCEPuAkI8Fx_dqb2RMoy00CA,asf,validation
WU1qiDlaS5I,UC85LK96DQppcG7tpcqCcvIw,ase,train
WUFU_98RYNo,UCevMr_KrsrWAxBVC1uWDL1g,ase,train
WUOeHGfL9xI,UC75cYKm6WbSk-se1deWaD0g,hsh,train
WUSJ3CyA7qI,UCHKZbbNa2IRgasTR7D92ApA,ase,validation
WUi1_-sCjUc,UCcKetdJqFvXWMkM0WSMKH2w,icl,train
WUzS0MZWeKM,UCtCEoFMIllD5aOYneLrP4Vw,ase,validation
WVvnaDHqAuQ,UCEPuAkI8Fx_dqb2RMoy00CA,asf,validation
WVvs9gFsBQU,UCFuu8KsC_I8RUWsRopecLOQ,bzs,validation
WWXgza9mujw,UCYWJdRpk2jOOZaqvXGVjkxw,ase,train
WWgA9xmw_Sg,UCYWJdRpk2jOOZaqvXGVjkxw,ase,train
WX7UTpH3-bQ,UC75cYKm6WbSk-se1deWaD0g,hsh,train
WXbO2sesRiI,UCqLGAeTQmlRVfLK6jAWvDxA,ins,train
WXfLgaV1rLs,UC9UOORnRlRi5BhwQclMP1wg,lls,train
WXvokdLo0QA,UCs98soN6aBb6gnfbrLl-W0w,???,train
WY9E-WW84vM,UCtjEjgYtRZWFL9pWa4yxtXg,jsl,train
WYJLKO9ViBU,UC4VHfRJHnbcGVLcr9vQIihQ,bfi,train
WZ3Ho17MgCE,UChTbPO97Nt0OTDvqSBjhrVQ,isr,train
WZ5k8DI2l48,UCWif2ls3MB_CDmg4z17y6tA,ils,train
WZQEE5IzRYM,UCaY5JjIf6cKZrynK9Oc3SYQ,asq,train
WZg4Rs0Udgo,UCyIjlBUwgXeKO6MZ2Ospaxw,jsl,train
WZmps-ID9QA,UCAPKIo9ykV8iShMmG7c-BQA,swl,train
WZs_kcbbP8c,UCiLvX-CBPxTqYhIoFQEv-Ig,ase,train
W_BYHhQkiEo,UCCkAfmCTGkgJi3QlB_6vkqw,jsl,train
W_BvyyFXEqI,UC99w_Bzj8ikOz8Gpv0prbNg,ins,train
W_UDnDB80mc,UCQJVI4-q2aT-9pSEmwtrMoA,ase,validation
W_UJsvkzkHk,UC3etnnsIxGpH89XgojqE0Ng,ase,train
W_aLVO4luWA,UCaDrIDvpB0HdFTkpdjTPwSQ,rsl,train
Wa6RcysQhmY,UC75cYKm6WbSk-se1deWaD0g,hsh,train
WaD0z0wolSg,UC6OCXcxQ4yKoPfsUPWg99bg,ase,train
WaFD2QJOTV4,UCAPKIo9ykV8iShMmG7c-BQA,swl,train
WaVQTAnsAWg,UC-gc7H_gu_IYUAxO2cu6STA,ise,train
WbwiYNvbZWg,UC4hKAY36ZwFrW14iaPyOw-g,sls,train
WbwjFaRzRgI,UCDWuLgx0vTYBGr1G-diNgSw,jsl,train
Wc0EHgB2Eow,UCEp0rsZTbruVpumG5NLaNFA,ase,train
WcCswt2eXLs,UCLrN3LrNjn6WP8kLbIyHDjQ,ssp,validation
WcGJ3kIHs40,UCufxp6ZwK8zEstJ4BISgG4A,ase,validation
WcTe__riH7U,UCWPkrOk-WKilNHCrpXa17JQ,ase,train
Wc_ejgU4fKE,UCufxp6ZwK8zEstJ4BISgG4A,ase,validation
Wd3ycsroN0c,UC2fTQSA7GccUUtG6RrJq9Hg,pks,train
Wd6lb7o2Lvk,UCeGPs7iuExX7VXCGL2msfXA,ase,test
Wdc6dX7iHuY,UCT2e0bRS9fhEkE4XiO0u2ug,ase,test
WdfLMs3dPtU,UCP259BymkzQ6qKWIabkg90A,ase,validation
Weatf-NjPTQ,UCWif2ls3MB_CDmg4z17y6tA,ils,train
WebOcGddFW0,UC3Z-XjH9KLIvQwU9J4-erSg,swl,train
WebqqvW8mK8,UCXo34D2YjDzQKCpnb9jkDeQ,jsl,train
WejKu6TQjhM,UC-8TBU8-W613NU2ysMh8DWQ,ase,train
WeoD1F1Si90,UCWif2ls3MB_CDmg4z17y6tA,ils,train
WewS6zZGIhw,UCWif2ls3MB_CDmg4z17y6tA,ils,train
Wf1T-pWM23Y,,ase,unassigned
Wf5ZhGpVNU4,UCiawIaoh8sdgcGenM88NkHA,pso,train
Wf8BpCAoTWM,UC5H_CO6QGwd9hilVnfujz_w,bfi,train
WfI0lY8wVKc,UChTbPO97Nt0OTDvqSBjhrVQ,isr,train
WfJxsxsKJYA,UCET0ZgnCFLi1369c3ZWfSFA,ase,train
WffZEI6fvFc,UCBRYgj8lhwnr9FrETyJbYEA,ise,train
WgI3SDOZTMU,UC75cYKm6WbSk-se1deWaD0g,hsh,train
WgL4u6Zebv8,UC1rYYrVN26yA1p_jBmbamSA,ase,train
WgPBzr6wpDo,UCmR5wZ18csbqX0_nB0IWVpg,ase,train
WgWXoKTGZo0,UCaY5JjIf6cKZrynK9Oc3SYQ,asq,train
Wgox2VIG3DE,UCZ3vY1_AhI-UpoQwu-HqXgw,ase,train
Wgq1l9bgEws,UClH-iALhZ2niASkp-XSNGpA,inl,train
Wh-HJIM5hj0,UCwR2100YV-gAV83GvHFMeNw,asq,train
WhOTuFzKbO8,UCT9GZbjbgR-N7RkCRVp_weA,bfi,test
WhiO4OWbZ7U,UCT_ibOnQ79FD6UX9nUwl1Fw,ise,train
WhrFRqMZLAc,UC2fTQSA7GccUUtG6RrJq9Hg,pks,train
WhzHaO5th3s,UC5H_CO6QGwd9hilVnfujz_w,bfi,train
Wi2ShK6wook,UChTbPO97Nt0OTDvqSBjhrVQ,isr,train
WiEyPTorVuM,UCGisGwX9Mh6T6WrJsx-VjDg,pso,validation
WiJyaAzqolg,UCrEc0GgvrPekeo3H1DTUe3w,ase,train
WiX-10Ow1v0,UCqLGAeTQmlRVfLK6jAWvDxA,ins,train
Wj-CDd5Y6SY,UChTbPO97Nt0OTDvqSBjhrVQ,isr,train
WjBFdwxocfA,UCOio3b2vKSNVPI-TiGG6v8A,ase,train
WjIuDVESkw8,UCUG55S8guAvcrxLt2yfieag,tsm,train
WjNW7gYpPXc,UCzXNfOVXNYqjFPgMly-1AvQ,isg,train
WjywASjEhrc,UCzRCa1CaqSk2zGn0LlLHnlQ,asq,train
WkAhXzH2-h0,UCQ_jW1xLUF7Sg711yXVvQPQ,ise,train
WkaElpMnBQE,UC75cYKm6WbSk-se1deWaD0g,hsh,train
WlZmGpBh9oA,UC6b1zI_hrSg-1nAndUEapeQ,ssp,train
WllVeIqN9H8,UC75cYKm6WbSk-se1deWaD0g,hsh,train
Wm5uGBtOXfQ,UCWif2ls3MB_CDmg4z17y6tA,ils,train
WmOv8FDuth8,UCqtaBrGzW-WzWVdhrjCBQ4g,tsm,train
WnL_tiGH7FQ,,ase,unassigned
WnXZYO_q2E8,UCWbnHpCljj8MuTeNnCiNVew,ase,train
WoS9vn87xn8,UCio_wWIoaB6TbBwdH1QXBiQ,jsl,train
Woe5nLir0xY,UCjc4_ncACVusJ6tZmtVJQjw,ase,train
WolwcQ2pd7U,UCufxp6ZwK8zEstJ4BISgG4A,ase,validation
Wou4dicK29Q,UCe2lcoNfWAp4bc0JySWnkmw,ssp,train
Wp4GtlpAHFg,UCAPKIo9ykV8iShMmG7c-BQA,swl,train
WpFKpQAjs_A,UCLrN3LrNjn6WP8kLbIyHDjQ,ssp,validation
WpKV4ZJIBdo,UC0CVh4SoLLtlp0JotfSsnlQ,ase,validation
Wq1h8kZTB-g,UCmzoIHeCQkAa7dWEeGsTRbQ,ase,train
Wq2sXZ9mGEY,UCorj4-intk2Q9QVMBrlfQKw,ase,train
WqMzgx6xIZc,UCIWt1KZn7Nu21nbb5agLp4w,ase,train
WqoM7_0n09k,UCzXNfOVXNYqjFPgMly-1AvQ,isg,train
WrGUQNXVe2I,UCeGnNTP0aHlTiOKlINLE5Pg,bfi,train
Wrei73TSAhg,,ase,unassigned
Ws5ipdBMaLs,UCaY5JjIf6cKZrynK9Oc3SYQ,asq,train
Ws934pECZQA,UCVIbI5DOBbWvfeyOv1VmUkQ,ase,train
WsNiSHKlgqo,UCByksiqhfiOx06fjOgQ5zHA,swl,train
Wsym82cwXns,UCAUljvSQLJG3lX_K8kfrbWw,tsq,train
Wtgulrlpka8,UCFcpIA0onxgAkdsh3K0gpeQ,ssp,train
WtmkWArrN5s,UCDu0XXRzxz8pvm0PsLpPxFA,ise,train
WuHCahXJC-Y,UCNMh0csop45XxYU0itusr1Q,jsl,train
WuIjG4gJQH0,UC75cYKm6WbSk-se1deWaD0g,hsh,train
WuMzuBCuSFc,UCY_1hb97iVCsgjc6MrE0ICA,bfi,train
WuVBNSmxA3s,UC7fVfWv6FL7HeTFeSLz-muQ,ase,train
Wug6yzOIvQ4,UC5vOvmz7FvgJy047G0kteAA,ase,train
Wv2xCebYUZo,UCTv9H7xRwNU4OoFBx3u01ZQ,sls,train
Wv45gRbUeqo,UC5H_CO6QGwd9hilVnfujz_w,bfi,train
WvGMoSwG-R0,UCUW9iqeKBSdegW5onoBnx_w,hsh,train
WvMcI1Em3GY,UCjcirwRzpsfOrOhM5pT4uRg,ase,test
WvowfHWRAQk,UCKabucA3_-NrB7StYIq5rJw,ase,test
WwjqTFBXL6Q,UCS2nDSSraClqwI2NfYiz3Iw,ase,train
WxC9BL85Y8E,UCChKgcgVNfCT2wO1AJwNkGA,jsl,train
WxF1Y55hzcs,UC75cYKm6WbSk-se1deWaD0g,hsh,train
WxXOts2oWIE,UC75cYKm6WbSk-se1deWaD0g,hsh,train
Wx_8gjBA1nM,UC75cYKm6WbSk-se1deWaD0g,hsh,train
WxnO1cS17Gk,UCDsoH108wJ2A0GWVbv-laWA,bzs,train
WxuHYU8gKjM,UCcD4ou_0CcbWTRPtNhX43_g,psp,train
WyxrJXH1jQ0,UC0jdsYSKy1VNhKw79mw0RsA,ase,train
WzPpjnZtaag,UC99mR9Uvb6VuIlb4CW4czgg,pso,train
WzSr1mT9wQE,UCizGctLgAahGlOvtSAKdq3g,jsl,train
WzcchVyOm3M,UC7456s8cBEyS_v99pB9bvOA,ase,train
X-ilSg3PSR0,UC-6-jqpo1hZ2TYHR2OccsTg,ase,train
X-ysjUcLSW8,UCaY5JjIf6cKZrynK9Oc3SYQ,asq,train
X0PvQzfJQ2g,UC--JXwQnDPlljwJu32L6bTg,ase,train
X0WCaj3kiEo,UCEPuAkI8Fx_dqb2RMoy00CA,asf,validation
X0XPHNTldOo,UCEPuAkI8Fx_dqb2RMoy00CA,asf,validation
X0ZfOXq_xDk,UCaTMaFNkTiwgsSQ7FYaiaTQ,ins,train
X0xyGdvhsJ8,UC6Nt4sw73UuNmxnjVaa7SYw,ase,train
X0zTJ4BnDe8,UCizLq2juCPoWkFbJyoza-nw,ase,train
X2TEncGFcXE,UCFfgJbY2jt4Notzk5M3baOA,asf,test
X2TPKonBqTI,UCe2lcoNfWAp4bc0JySWnkmw,ssp,train
X3UISTofDQ0,UC-gc7H_gu_IYUAxO2cu6STA,ise,train
X3y9wm32LVs,UChTbPO97Nt0OTDvqSBjhrVQ,isr,train
X4CQgD598QU,UC75cYKm6WbSk-se1deWaD0g,hsh,train
X4MupiOmmLw,UCgjmzmgBrrcejE70MWnltdQ,ase,train
X4PkBUChuAo,UCQJVI4-q2aT-9pSEmwtrMoA,ase,validation
X4j3chC8kI8,UC9UOORnRlRi5BhwQclMP1wg,lls,train
X4k7mUCtbX8,UC75cYKm6WbSk-se1deWaD0g,hsh,train
X54zcQcy0-s,UCNMh0csop45XxYU0itusr1Q,jsl,train
X5feH2k99ss,UC-7qFeNijjbBpjL2KvMN_QA,ase,validation
X6IHmaRydGg,UC64l-8Ox0p9H62XK9bF0RyQ,ase,train
X6ryZfE6KWQ,UC3Z-XjH9KLIvQwU9J4-erSg,swl,train
X6tsCeIC4fc,UCuyQHJ4y76-i0w9N33vT-kg,ase,validation
X8GLE-aDlz0,UCQJVI4-q2aT-9pSEmwtrMoA,ase,validation
X8mbey828OU,UC75cYKm6WbSk-se1deWaD0g,hsh,train
X92dWAUt6yY,UCTi9woRHA4r8e3oEWF8hxTA,aed,train
X9eJgmeIEAI,UCWif2ls3MB_CDmg4z17y6tA,ils,train
XAYlOYgx9Ps,UCtjEjgYtRZWFL9pWa4yxtXg,jsl,train
XAqEVN7AIKo,UCSMZ4td6mZMJVxJ2ow7zY4A,ase,train
XC3jVp8wbyk,UCUW9iqeKBSdegW5onoBnx_w,hsh,train
XCezKiT1UfA,UCLzz9KVBGzJKUQ-CyIRmXoA,ise,train
XCktqahPmzw,UC2ugWoVg_NVMhBBolELMmog,ase,train
XCx7KAU6v6M,UC5S1zNP21fnH_xVERzTWuNg,ase,train
XD-rqxooAI8,UClxAZnsU6AK4pX3dcFdSDPQ,ise,test
XD1Ng3QXK1k,UC75cYKm6WbSk-se1deWaD0g,hsh,train
XDiHp_cQnrE,UC5H_CO6QGwd9hilVnfujz_w,bfi,train
XE2cugNNkMw,UCNMh0csop45XxYU0itusr1Q,jsl,train
XECtCZonf10,UCT_ibOnQ79FD6UX9nUwl1Fw,ise,train
XEJNrNYmy6Y,UC75cYKm6WbSk-se1deWaD0g,hsh,train
XEmgLOzt4Vo,UCQJVI4-q2aT-9pSEmwtrMoA,ase,validation
XEoLvswgYr8,UCUW9iqeKBSdegW5onoBnx_w,hsh,train
XEvpq2iPHX4,UC-gc7H_gu_IYUAxO2cu6STA,ise,train
XFOwiclmApg,UCYWJdRpk2jOOZaqvXGVjkxw,ase,train
XFfE8LQPd0w,UC4SqFeQL9FsN2A-2cBbUS5g,bzs,train
XFquSX-DRww,UC3OemRXA8dNlAfcOrTaLl7g,aed,train
XFto-YEfL98,UC7Tjg_h46r1Jhlgxa4bmDSQ,ase,train
XGYi7-EKnw4,UC0yoQ37vcKmC-24sb1M-jzg,nzs,train
XGxU2vhOlZc,UCQ_jW1xLUF7Sg711yXVvQPQ,ise,train
XH6nn3kH4d4,UCx92YHaTWzmfL9trx_jzXNg,bfi,train
XHXHBSsQomo,UChTbPO97Nt0OTDvqSBjhrVQ,isr,train
XHluYI4cJ14,UC-gc7H_gu_IYUAxO2cu6STA,ise,train
XIUoyEL8YGg,UC9g4bnpS6hrUqjgkCq-kaGQ,ase,train
XIYVemtyOYQ,UC99w_Bzj8ikOz8Gpv0prbNg,ins,train
XJcAfNVpe4M,UC4KyhBCXwO-aSXDN-QyeSmQ,ase,train
XJtLw51xQxs,UCAPKIo9ykV8iShMmG7c-BQA,swl,train
XJzJoLL46rY,UC75cYKm6WbSk-se1deWaD0g,hsh,train
XKAenAa3QwA,UCyAPbimBAxWyMA0t96UTbbg,svk,train
XKIb7PFa27o,UCVnYnjKyNuv7eVYQmTe8aIw,ase,test
XKJzQeCbXi0,UCZy9xs6Tn9vWqN_5l0EEIZA,ase,train
XKWPBTxKPfs,UCCZ_femzSxK1e936MTU9TaQ,asq,validation
XKXv6Xi_wiw,UC75cYKm6WbSk-se1deWaD0g,hsh,train
XLTpB3A3iO8,UCaTMaFNkTiwgsSQ7FYaiaTQ,ins,train
XLu-4rhrgMI,UChTbPO97Nt0OTDvqSBjhrVQ,isr,train
XM-M0CSVfQQ,UC5H_CO6QGwd9hilVnfujz_w,bfi,train
XM5Wf52wJT4,UCaY5JjIf6cKZrynK9Oc3SYQ,asq,train
XMNis-gdJSM,UCqLGAeTQmlRVfLK6jAWvDxA,ins,train
XN87gUEfPg4,UC5H_CO6QGwd9hilVnfujz_w,bfi,train
XNkXEBSxnHo,UC1f5xYbrZxLkklmGkow7AgA,ise,train
XNth76T4tbc,UCuyQHJ4y76-i0w9N33vT-kg,ase,validation
XO1AtpI8F7k,UC3ZHhNPJTmOXkUwFUkLcMzQ,ase,train
XOcHN2nEJC8,UCt6toBn-9Tx5NrLejcmKByQ,ase,train
XP05eBLAtlw,UC75cYKm6WbSk-se1deWaD0g,hsh,train
XPS3SILlzlI,UC75cYKm6WbSk-se1deWaD0g,hsh,train
XPYa_9JjpkI,UC5Xzq4Gg6mSNymC4xIaZg1g,ase,train
XPZAIC_s3Ek,UC7JuChYmxhljc49dE3JG6Zw,ise,validation
XPcyBau66w0,UCbdRgG-NhSwFlRV3MGVp_cQ,dse,train
XPmWHh1pEDw,,ase,unassigned
XPvYAb4aQSw,UCDsoH108wJ2A0GWVbv-laWA,bzs,train
XQb4ObxkVFY,UCDAOYycn4dnAFICIdeYJWwA,bfi,test
XR2KJ6bzHQ8,UCzRCa1CaqSk2zGn0LlLHnlQ,asq,train
XR5oK0hiqEk,UC5H_CO6QGwd9hilVnfujz_w,bfi,train
XSe8QMGT27U,UC75cYKm6WbSk-se1deWaD0g,hsh,train
XSiP02MVpyM,UC7JuChYmxhljc49dE3JG6Zw,ise,validation
XT0ro8-Blp0,UC-8TBU8-W613NU2ysMh8DWQ,ase,train
XTBLEBAdj1k,UCuyQHJ4y76-i0w9N33vT-kg,ase,validation
XTEub1LWuew,UCWPkrOk-WKilNHCrpXa17JQ,ase,train
XUKyutbHctc,UCbLIzmvnSXPdpMxWQLebPJQ,ase,train
XUfuvdTUiSI,UC75cYKm6WbSk-se1deWaD0g,hsh,train
XUguPymjCCY,UC5H_CO6QGwd9hilVnfujz_w,bfi,train
XVmBUMGGUro,UC0ssa7FTeHexuO6wHhbX9ow,ase,test
XVpqPF-soXY,UC2fTQSA7GccUUtG6RrJq9Hg,pks,train
XWoxgoACCjg,UCHJeQ5nHoP0bkg0K4GlMn4w,bzs,train
XXDn-phC3oQ,UCGnHUfnnFPzmRXrhNzZaw3w,ase,train
XXs9eqHQEnE,UCs98soN6aBb6gnfbrLl-W0w,???,train
XYC33d6AfdA,UCEPuAkI8Fx_dqb2RMoy00CA,asf,validation
XYPaB4F-WzA,UCQ_jW1xLUF7Sg711yXVvQPQ,ise,train
XYWIc2jaDNc,UCSQnd6eGW8_IyULHgjLl8OQ,ase,train
XYd6rxL_l1M,UCAPKIo9ykV8iShMmG7c-BQA,swl,train
XZA6ZICGfRQ,UCAPKIo9ykV8iShMmG7c-BQA,swl,train
X_HKCUQI610,UC75cYKm6WbSk-se1deWaD0g,hsh,train
X_KMb1qUgpk,UC-gc7H_gu_IYUAxO2cu6STA,ise,train
X_c5AtovuLk,UC75cYKm6WbSk-se1deWaD0g,hsh,train
X_evXFReuHo,UCSMZ4td6mZMJVxJ2ow7zY4A,ase,train
XaLxhczSI_A,UCXo34D2YjDzQKCpnb9jkDeQ,jsl,train
Xah2CoG0IZE,UC4VHfRJHnbcGVLcr9vQIihQ,bfi,train
Xan9eD-7_NQ,UCs98soN6aBb6gnfbrLl-W0w,???,train
XbvlhjFM5xo,UCjCBX_ZL4T0nCyq3AgFVsDg,asf,train
XcRnIsmP4jI,UC4SqFeQL9FsN2A-2cBbUS5g,bzs,train
XclkCXRKFQQ,UCEO4jEbSrgPx-4GDyAtdbmQ,ase,train
XdRsriTbx4o,UC7PByT-DKjERtGRmxfyWvnw,ssp,train
XdX0PNMvhnQ,,asf,unassigned
XdX3NjC9Sjc,UCWVUF_aLbNrR_ObLwWZcU2Q,fsl,train
Xe4fXug11gQ,UCET0ZgnCFLi1369c3ZWfSFA,ase,train
XeWgVng6Q5o,UCe3_F2KJ-rJ1I0dN_iDgzfg,ase,train
XeiN3pO1HhE,UCwcJIfRFwLcZF_teq6A86dA,ssp,test
Xfbvl54vP1s,UCFfgJbY2jt4Notzk5M3baOA,asf,test
XgFHHhFRa6E,UCtCEoFMIllD5aOYneLrP4Vw,ase,validation
XgQ3G08wcb4,UCR7_ied3vPnb7Jwmplsz4ug,ase,train
Xh-8AY14uU8,UCLULAdF1-hor45QMG5DsjXQ,ase,train
Xh8IGP-xX10,UCHckc4mrMU9b7L4hxQeN5HQ,ssp,test
XhKZq-r1YJE,UCDsoH108wJ2A0GWVbv-laWA,bzs,train
XhS5u2zsWgg,UCLwjQ2R8M8YuItmwWIZpmEQ,jos,train
Xi0ZGzihKzI,UCXriiAdUWU2x50aluEk8JKw,ase,train
Xi1ppnxpUW4,UC75cYKm6WbSk-se1deWaD0g,hsh,train
XjHrLtFdUa4,UCLULAdF1-hor45QMG5DsjXQ,ase,train
XjNmLP8ybZc,UCQ_jW1xLUF7Sg711yXVvQPQ,ise,train
XjdZnKjijXw,UCqLGAeTQmlRVfLK6jAWvDxA,ins,train
Xjlo8VqF_BU,UC-gc7H_gu_IYUAxO2cu6STA,ise,train
Xk5XRaXMvLQ,UCebzihVnSUmpb9fGpEDtMAA,ase,validation
Xk6G16jvR5I,UCHKZbbNa2IRgasTR7D92ApA,ase,validation
Xl7OiskIFYk,UCByksiqhfiOx06fjOgQ5zHA,swl,train
XlQUuEMuTt8,UCRwPaAUrbOL4X7WgxZzIOpw,ase,test
XletV_q3RT4,UCsuBAbMlPGJ95w3mwhz-30g,ase,train
XlydB3y9Uec,UC7fVfWv6FL7HeTFeSLz-muQ,ase,train
Xm4XAr9ui1Y,UCTKsrvPypyh3flFdEWqo53A,ase,train
XmG-ZC_8eL4,UCDWuLgx0vTYBGr1G-diNgSw,jsl,train
XmXCumtBJhc,UC-gc7H_gu_IYUAxO2cu6STA,ise,train
XmnnM946tNc,UCN8D8Gj5b4KjFT2MnWrRBwQ,pso,train
XnS3onXBfy8,UCEPuAkI8Fx_dqb2RMoy00CA,asf,validation
XoHsCue9Kn8,UCszvwqbz04iulT9divgrNHw,ise,train
XoOGnYKdoMQ,UCSZXCac1P0Eoz4jGr4bQKCA,ase,train
XodR3oBsrys,UCaY5JjIf6cKZrynK9Oc3SYQ,asq,train
XooBuNPQrPQ,UC7fVfWv6FL7HeTFeSLz-muQ,ase,train
Xou0rJz9R2E,UCSMZ4td6mZMJVxJ2ow7zY4A,ase,train
Xp9vK_Po3c8,UC75cYKm6WbSk-se1deWaD0g,hsh,train
XpBBvX33m0o,UCgPgI0FiLs8v18146Suwo-w,csn,train
Xpy-7dyBMqo,UCIM_T4XwczSoUNSCrk8Z36g,ase,validation
Xq3qbhzOoUE,UCSMZ4td6mZMJVxJ2ow7zY4A,ase,train
XqyGxkopRkU,UCgPgI0FiLs8v18146Suwo-w,csn,train
Xr7dvNTj4Sc,UChTbPO97Nt0OTDvqSBjhrVQ,isr,train
XreE0AuRrIM,UCWif2ls3MB_CDmg4z17y6tA,ils,train
XrkoFbaBxxI,UCuyQHJ4y76-i0w9N33vT-kg,ase,validation
XrpxLBoV32M,UCcLRc_9b-3-maYyPM8p1rGg,aed,train
XrtHyKmxPZs,UCizGctLgAahGlOvtSAKdq3g,jsl,train
XsIAWE6OGXg,UCfLul2uPakgQyTab23cYB7Q,ise,train
XseJuPcDdI0,UCLZGWvbf2690aJHnVYPvP7Q,ase,validation
XtBCuMgYXlc,UCs98soN6aBb6gnfbrLl-W0w,???,train
XtCgj6-ReLE,UC6OCXcxQ4yKoPfsUPWg99bg,ase,train
XtGokGiaxYI,UCJjkQILWHlhb0xQsDQ_y4Iw,swl,train
XtHKyKYFi4E,UCszvwqbz04iulT9divgrNHw,ise,train
XtgAKp6maKM,UC1gHR6WPy79xESRN2NiiRQw,ase,train
Xu00AJqLyWo,UCNrRDRd2Funl0yUYdG9oldg,ase,test
Xu8DVFZxAcA,UC6OCXcxQ4yKoPfsUPWg99bg,ase,train
XuQ6J9Q1Fx8,UCe2lcoNfWAp4bc0JySWnkmw,ssp,train
XuhQGvUZT_4,UCGisGwX9Mh6T6WrJsx-VjDg,pso,validation
XumOVdDxmys,UCuyQHJ4y76-i0w9N33vT-kg,ase,validation
XweoaJ85Szk,UCBRYgj8lhwnr9FrETyJbYEA,ise,train
XwwDQxRVGWc,UCA17q6v88p8FOlSDiWFkYyQ,bfi,train
XxF3oqvHhY4,UCuyQHJ4y76-i0w9N33vT-kg,ase,validation
XxFkBmlVYfI,UCQbkX-8Pq49vcpc5HdU73xA,ase,train
XxyoPWQiNdE,UC75cYKm6WbSk-se1deWaD0g,hsh,train
XyZxZg_zXDo,UC5Xzq4Gg6mSNymC4xIaZg1g,ase,train
XyzsJlnqf7Y,UC1f5xYbrZxLkklmGkow7AgA,asq,train
Y-AfmGW8CnI,UC43s5m8fu80-BJyp-JhQ9Xw,ase,train
Y-P-dvkOFo0,UCTKsrvPypyh3flFdEWqo53A,ase,train
Y-e0RRx7Uy8,UCtCEoFMIllD5aOYneLrP4Vw,ase,validation
Y0EslnQvrGg,UCSMZ4td6mZMJVxJ2ow7zY4A,ase,train
Y0TESE0mClU,UCSMZ4td6mZMJVxJ2ow7zY4A,ase,train
Y1OWshPGRE4,UCUW9iqeKBSdegW5onoBnx_w,hsh,train
Y1OiTlKRcp0,UCUW9iqeKBSdegW5onoBnx_w,hsh,train
Y2z-EYqUKmM,UC99w_Bzj8ikOz8Gpv0prbNg,ins,train
Y3OGPTX37Hc,UCqd6eos5-i46NbDH1uLWdFQ,ils,train
Y3wfOaID5yc,UC75cYKm6WbSk-se1deWaD0g,hsh,train
Y44wPZH-NqE,UC7JuChYmxhljc49dE3JG6Zw,ise,validation
Y5Hh9hf4Z0E,UCSMZ4td6mZMJVxJ2ow7zY4A,ase,train
Y6P3FWulx-0,UCChKgcgVNfCT2wO1AJwNkGA,jsl,train
Y6VleilREQA,UCIgHUuQkvuwRu-ABIbL4dmg,ase,train
Y6qLzxpkBhM,UCrrUZVfztrpQU1YMMFoIR1A,bfi,test
Y6rJeRHo2Ks,UCyAPbimBAxWyMA0t96UTbbg,svk,train
Y7DGX2ypTD4,UC55C6FrDNkoh1-S8tGHdCDw,ise,train
Y7GFNpouVvo,UCPNeYbg5gz7AYRCgg8vjhDg,ase,validation
Y7kq1c5z6zw,UC8FcwO2-Xw9pp0IkFSp2b2w,asf,train
Y86eXzDlorE,,ase,unassigned
Y8YmyLkZ17o,UC2fTQSA7GccUUtG6RrJq9Hg,pks,train
Y8zQYbtPPj8,UCs98soN6aBb6gnfbrLl-W0w,???,train
Y99oJ7FWMPI,UC3Tz1_PgnF5sWyJP_3jBvTw,ase,train
Y99tYKXHAB4,UCRwPaAUrbOL4X7WgxZzIOpw,ase,test
Y9YGhKzST-Q,UC7fVfWv6FL7HeTFeSLz-muQ,ase,train
YAU3Y__EAVQ,UCTi9woRHA4r8e3oEWF8hxTA,aed,train
YAxFqaUqQDo,UCuyQHJ4y76-i0w9N33vT-kg,ase,validation
YB7HEQi2spQ,UC4SqFeQL9FsN2A-2cBbUS5g,bzs,train
YBarutxslcA,UC7PByT-DKjERtGRmxfyWvnw,ssp,train
YBnAE2JfdtE,UCDWuLgx0vTYBGr1G-diNgSw,jsl,train
YBnRLdVaFI8,UCQhOtzmEDcf4XZk-vYf9hYQ,ase,train
YCBXaLZ3UHs,UCqLGAeTQmlRVfLK6jAWvDxA,ins,train
YDUkEyiO7Fc,UCaY5JjIf6cKZrynK9Oc3SYQ,asq,train
YDfbu4uqvdg,UCqd6eos5-i46NbDH1uLWdFQ,bfi,train
YDjFq_VRayM,UCjVpsnDflFe9dOWZWlnxUrA,ase,train
YDvwm9kA7lc,UC75cYKm6WbSk-se1deWaD0g,hsh,train
YE9TN-7_yec,UChXAKKvR2x3uWncKztqrO9g,gsg,test
YEH76kEmZqQ,UCuWZOPSRaa6vQQKfyB_W5OQ,ase,train
YG5yE-uf6RQ,UCyD6epypPmiwcb_0n7hofuQ,swl,train
YGbTYTIKqGY,UCyD6epypPmiwcb_0n7hofuQ,swl,train
YGg808XPRWw,UCGisGwX9Mh6T6WrJsx-VjDg,pso,validation
YGoC5Wua0NI,UC5H_CO6QGwd9hilVnfujz_w,bfi,train
YIHaiXPKQOA,UC75cYKm6WbSk-se1deWaD0g,hsh,train
YIJ5KEJ5knQ,UC75cYKm6WbSk-se1deWaD0g,hsh,train
YIjG_vsshZE,UC6b1zI_hrSg-1nAndUEapeQ,ssp,train
YJE-bVt-ci0,UC7fVfWv6FL7HeTFeSLz-muQ,ase,train
YJJoYkFPmds,UCK-n3cLst9SuYfxk7oNhrlw,ase,train
YJQPcKcUt-c,UCT_ibOnQ79FD6UX9nUwl1Fw,ise,train
YJusMnuDTok,UCWif2ls3MB_CDmg4z17y6tA,ils,train
YJyaqxl45Sg,UCsuBAbMlPGJ95w3mwhz-30g,ase,train
YK9ZPJojYS0,UCMbMAgq4cyR4uFt5qR2obqg,ase,train
YKBTHqx74c0,UCTi9woRHA4r8e3oEWF8hxTA,aed,train
YLNojh9DOX4,UC1f5xYbrZxLkklmGkow7AgA,cse,train
YLjkJz1oAXU,UCoA3JvRkP1z3GE6x5jo6OzA,rsl,train
YM2HWPxjOcc,UC_ypoTVeBCi7Ldr7LX3oXIQ,ase,train
YMEmCjN5Sjw,UCET0ZgnCFLi1369c3ZWfSFA,ase,train
YMN_JChLE3o,UCqK9PQV16nIdTwqhHgxhmnQ,ase,train
YNDDwEETYJ8,UCSMZ4td6mZMJVxJ2ow7zY4A,ase,train
YNDqt9myAa0,UCfdT0WlvDerbcQ5E0CjJAZA,gsg,train
YNUWDORSOFo,UCfDexzOr6afCL5irNgKrDOg,ase,train
YNoJ11tFIBQ,UC6b1zI_hrSg-1nAndUEapeQ,ssp,train
YNxc-iiZotw,UCQJVI4-q2aT-9pSEmwtrMoA,ase,validation
YPLQaFacxY0,UCizGctLgAahGlOvtSAKdq3g,jsl,train
YPqd-_rB74o,UC75cYKm6WbSk-se1deWaD0g,hsh,train
YPsCGohXv6g,UCTi9woRHA4r8e3oEWF8hxTA,aed,train
YQ4Vcg-4RnI,UCDaXsbs4hNm7X1QC_X9aTMA,ase,train
YQA1mwJ9lBU,UClO2hO0t9tWsdgZmi_WQNkg,ssp,train
YQYo9M9xxSw,UCCdgJ722Hvh6Olw5mAWUCPw,ase,train
YQdEp7thmks,UCsuBAbMlPGJ95w3mwhz-30g,ase,train
YR0W2WGZA3w,UCueMY0S0vAPcmJNYXpxjlUA,ase,train
YRG2bnrRmtE,UCFfgJbY2jt4Notzk5M3baOA,asf,test
YRP6GYh6R1Y,UCjCBX_ZL4T0nCyq3AgFVsDg,asf,train
YRQUzMFZcMI,UC7QNujTpyZqhFrP51eTA8uQ,hsh,train
YRxfuq4hojk,UCWif2ls3MB_CDmg4z17y6tA,ils,train
YS3dZ3ljU0U,UCaEa-LjV-VwFJ3Flc0ndcWg,hks,train
YS_tSEI6560,UC85LK96DQppcG7tpcqCcvIw,ase,train
YTMrajJPuBg,UCseX61Lzx5F-rNQ1YNaWnSw,bfi,train
YTiOYqz4OsQ,UCDG7Hh6u6CXzFKqeeGXlAOA,ase,train
YTvQ4RUAFwY,UC98SckLMYMyZL95f3eDHUdA,ase,train
YU49cwCUYVI,UCwdSEtM1pdSHRnCSh6bLiZg,ase,train
YUBdN1ZhIE4,UCWif2ls3MB_CDmg4z17y6tA,ils,train
YUyOeyYpzdc,UCWif2ls3MB_CDmg4z17y6tA,ils,train
YVGghxcHYRc,UCMHBAIHQZbOb0cO7UHfzL8w,ase,train
YVkdYgQjfnY,UCcKetdJqFvXWMkM0WSMKH2w,icl,train
YX4njvnmpyg,UC5H_CO6QGwd9hilVnfujz_w,bfi,train
YXg4SrlhG4w,UC1f5xYbrZxLkklmGkow7AgA,ise,train
YYZKllT3onY,UCe2lcoNfWAp4bc0JySWnkmw,ssp,train
YZJcdcE9r04,UC75cYKm6WbSk-se1deWaD0g,hsh,train
YZMgIlVIS7Q,UCYnxGaBJ2NrdBhjqjW1mtFQ,kvk,train
Y_dvxRbRaa0,UCNMh0csop45XxYU0itusr1Q,jsl,train
Yaq7ZdtovHk,UCuyQHJ4y76-i0w9N33vT-kg,ase,validation
YazI3Z622bA,UC75cYKm6WbSk-se1deWaD0g,hsh,train
YbPX0GM4Qng,UC5H_CO6QGwd9hilVnfujz_w,bfi,train
YbRftcJMUJI,UCPqQQH-l8fpDX1QChYFJ7qw,ase,train
Yc6s3HndmVk,UCWif2ls3MB_CDmg4z17y6tA,ils,train
YcjlkzC7W9s,UCDAOYycn4dnAFICIdeYJWwA,bfi,test
YcvpgZt8d0g,UC3hOdPWDnQBs9NTt3y2fPRg,ase,test
Ycyc6_65ZWg,UCsPQ5bv53ZaMw4h1cjaYVSg,ase,train
YdBnzwWWfq4,UCA17q6v88p8FOlSDiWFkYyQ,bfi,train
YdPgkmAbNhk,UCqLGAeTQmlRVfLK6jAWvDxA,ins,train
YdnJIXAHDq0,UCs98soN6aBb6gnfbrLl-W0w,???,train
YeOvHYJ-kKs,UCXAivKbEyzTb5tqwEu2ZDcw,ase,train
YeOx9RIBCKI,UC5vOvmz7FvgJy047G0kteAA,ase,train
YepN-x-uBuQ,UC7fVfWv6FL7HeTFeSLz-muQ,ase,train
YexVXJ1KlDg,UCNMh0csop45XxYU0itusr1Q,jsl,train
YfBXW0COfek,UCaDrIDvpB0HdFTkpdjTPwSQ,rsl,train
YfNueTuzki4,UC75cYKm6WbSk-se1deWaD0g,hsh,train
YfcBBscutoc,UCz9iRsueN-RxBtLGZ8DQqng,ase,train
YfqHxwPfFKU,UCtCEoFMIllD5aOYneLrP4Vw,ase,validation
YgvV_EHLsU0,,ase,unassigned
YhHnA-ZjzKY,UChTbPO97Nt0OTDvqSBjhrVQ,isr,train
Yhcz9vpsEuI,UC75cYKm6WbSk-se1deWaD0g,hsh,train
Yht6GOIUi-o,UCGoMw1fmVX0m5_qMsYG4A3g,ase,train
YiGm8-34Kp0,UCDivIPRtPf_EHSiRfkwkfZA,bfi,train
YiTbB0Q63W0,UCI4A_xft-8uziHWd1-Q0NWA,ase,train
YigHr6YNpMw,UC9MGNRfXnAFlg_KQWBWQCyg,ase,validation
Yj0nIlJcvR8,UCLzz9KVBGzJKUQ-CyIRmXoA,ise,train
Yj8Uo6A3JTo,UCqLGAeTQmlRVfLK6jAWvDxA,ins,train
YjFUwe39Qzs,UCUW9iqeKBSdegW5onoBnx_w,hsh,train
YjK1FN2Zmfc,UC55C6FrDNkoh1-S8tGHdCDw,ise,train
YjlJOrTjh1g,UCEPuAkI8Fx_dqb2RMoy00CA,asf,validation
YjuVEZE7-aw,UCDsoH108wJ2A0GWVbv-laWA,bzs,train
YkJ0tbLZrNA,UCYzUa-Jxf5iuMq0i3nMr8Sg,aed,train
Yl266mwHwOs,UC1x24ZtKv3wRbTYD6cOU1iw,ase,train
YlBVcp_Nyes,UCLzz9KVBGzJKUQ-CyIRmXoA,ise,train
Ylqit2Mpd1M,UCNMh0csop45XxYU0itusr1Q,jsl,train
YmLCNY2hVxk,UCA17q6v88p8FOlSDiWFkYyQ,bfi,train
YmMIN1l77Dg,UCjVpsnDflFe9dOWZWlnxUrA,ase,train
YmgRa9TL218,UChAe0B2jNvY7zmU_aoeXIZg,bzs,train
YmpHQdwytHE,UC4wweBeVyfMGRWR-BpTqngA,swl,test
YmqFufeh8LU,UCJshVKXPVp-YDQ5X583NnKQ,sls,train
YmsYm1It7bE,UC7cfJx8B_4y_Mg_rK5ku4Vg,ase,train
Ymz-ZUzM8_k,,ase,unassigned
YnK94o8ZMqk,UCXuTK8atuQJiJ-qLHbjgaag,bzs,train
YnpONDmprR0,UCBRYgj8lhwnr9FrETyJbYEA,ise,train
Ynq3SdMJbmo,UCuyQHJ4y76-i0w9N33vT-kg,ase,validation
YnqHYcqgQrg,UC75cYKm6WbSk-se1deWaD0g,hsh,train
Yo3ZRA8_TJI,UCUW9iqeKBSdegW5onoBnx_w,hsh,train
YoFMHj4HxiQ,UCA17q6v88p8FOlSDiWFkYyQ,bfi,train
YogpekW-Ez0,UCwW377-H1o4dNvMUJMJ4CCQ,ase,train
Yp5wWvbKioA,UCTwn0S3x3B8LKuPFN3ooAyw,ise,validation
Yp6B-rElasU,UCTi9woRHA4r8e3oEWF8hxTA,aed,train
YpWj740Vqso,UC5Xzq4Gg6mSNymC4xIaZg1g,ase,train
YpWpTDQ50H4,UChTbPO97Nt0OTDvqSBjhrVQ,isr,train
YqTaMQOmpRA,UCXuTK8atuQJiJ-qLHbjgaag,bzs,train
Yr9_5Fq-tuU,UC52H_xHKrwnQRPb25kQtFCQ,ase,train
YrB_na8l3Z4,UCFfgJbY2jt4Notzk5M3baOA,asf,test
YrLJ-rungcI,UC-gc7H_gu_IYUAxO2cu6STA,ise,train
YrUnnm4P2oU,UCgxCMdMq_06HgWcSBmnFifA,ase,train
YrhV1XBak9Q,UCWAVxwEn9KPfQ0exkK1bzkw,ase,train
Yrm1tW_dViM,UC1mrgxxrCtcAUBFR5Z9Kn6A,ase,train
Ys-DPEfvFnE,UCWPkrOk-WKilNHCrpXa17JQ,ase,train
YsSR550Et9E,UCUDU1noyUSAI5bJ992Tpjxw,ase,train
YsWH0pePeNE,UC75cYKm6WbSk-se1deWaD0g,hsh,train
Ysjg2E7UJ7s,UCqtaBrGzW-WzWVdhrjCBQ4g,tsm,train
YsuPEmhGdhw,UCo84tuOdiPxGc44RokY2CdA,ase,train
YtifxXM9KGs,UCCkAfmCTGkgJi3QlB_6vkqw,jsl,train
Yu8FxVJi4ro,UCDL2Ug9aPMTAK0FDfWopZMw,ase,test
YuHBYbsOVto,UC55C6FrDNkoh1-S8tGHdCDw,ise,train
YuMZJ0B_QXE,UCs98soN6aBb6gnfbrLl-W0w,???,train
YuwBCLpcU44,UC7fVfWv6FL7HeTFeSLz-muQ,ase,train
Yv9wfmlpYX4,UC0ssa7FTeHexuO6wHhbX9ow,ase,test
YvCERhP7llE,UC2fTQSA7GccUUtG6RrJq9Hg,pks,train
YvHMzAgJRLY,UC1G3g-bBbvVR5oyJO3QIV0w,jsl,train
YvSjflwjlzw,UCI4A_xft-8uziHWd1-Q0NWA,ase,train
YvVXWMrEaZg,UC75cYKm6WbSk-se1deWaD0g,hsh,train
YvgqFgP2IKY,UCWif2ls3MB_CDmg4z17y6tA,ils,train
Yw1UBGOH7sE,UCYJlmq8muNdMMfbaHfjc7KQ,ase,train
YwErjMEjEyo,UC7JuChYmxhljc49dE3JG6Zw,ise,validation
YwN62Nk1KG4,UCfaz727ukS3eFYNLysA9rRw,bfi,train
Yx9VZPsO8cA,UCRwPaAUrbOL4X7WgxZzIOpw,ase,test
YxYflxKCiTk,UCLB6I_tLs5ardhO_HRyKN0A,swl,train
Yxx6lvh4Mqs,UCLwjQ2R8M8YuItmwWIZpmEQ,jos,train
YynYZyoETto,UCKskZLpzvw17umXp8vQ4PNA,ase,train
YzJtO09AGeY,UC4I2bYqU5faqtPPpTVprVew,ase,validation
Yzq3KmEMEdQ,UCqLGAeTQmlRVfLK6jAWvDxA,ins,train
Z-jQq8cfknQ,UC1_mYJhSjSZ6DwfZoXlsPwQ,ase,train
Z0o2--xR3EE,UCqtaBrGzW-WzWVdhrjCBQ4g,tsm,train
Z0p2yiGDQZc,UCpSikih7IbGHYmrHqWusbPA,pso,train
Z0zETb6mA2k,UCfrYaR1kmCHf8ddHb8O8niw,lls,train
Z1PNpH92aTc,UCFcpIA0onxgAkdsh3K0gpeQ,ssp,train
Z1YSw24dub0,UCDsoH108wJ2A0GWVbv-laWA,bzs,train
Z1mHzWDLZ7A,UCvYfUikCfE5loEpXpzGvjnQ,ase,train
Z2gFy0JfrLc,UCXuTK8atuQJiJ-qLHbjgaag,bzs,train
Z4EpX2Njk5I,UC313FOvFt7xisV08qelCCKA,ase,test
Z4PmSVheRgA,UCVrxlDymBXjcCAn25axZc8Q,swl,train
Z5Dp577tG6A,UCqtaBrGzW-WzWVdhrjCBQ4g,tsm,train
Z5SJqyoQAEM,UCuyQHJ4y76-i0w9N33vT-kg,ase,validation
Z5ie_SbHBvU,UCA17q6v88p8FOlSDiWFkYyQ,bfi,train
Z5lzO7bx-9I,UCcmJuUulPHzBUuQbQUN7GzQ,bfi,train
Z5sGGli1uV8,UCcLRc_9b-3-maYyPM8p1rGg,aed,train
Z6H1GKicIus,UCGetke4UduY0z2OCuxJWOsg,ase,train
Z6MQ4ngoZW4,UCJqEwbw7MfINS4T-oQ47JuA,ise,train
Z6VoU4_wN2o,UCIF8joER1Amy-1xUKR-7QcQ,asq,train
Z7IodcZTCs8,UC7fVfWv6FL7HeTFeSLz-muQ,ase,train
Z7oET02SsaA,UC1f5xYbrZxLkklmGkow7AgA,svk,train
Z7tV_W8eSmQ,UCCBWup10InaMbVxOwQUQPnA,ase,train
Z80N_P6_6es,UCDp4vgkuUDuJkBgkm4SaY6w,ase,train
Z81u7JP0Unw,UC7fVfWv6FL7HeTFeSLz-muQ,ase,train
Z8GBrpvi8cc,UCYogpIfU7-Cy19rDs1WnpaA,aed,train
Z8MQRQB8lXY,UCHQIItw1DnxFCbQh1aFOq7Q,ase,train
Z8Y6mUYqZyg,UCFUA0N5FjuwuKRPZcQzgvTQ,ase,validation
Z8kwWGEPGXI,UChVhshQbA-8J3yTInY0L7pw,pso,train
Z8wxKeRxmXw,UCWif2ls3MB_CDmg4z17y6tA,ils,train
Z97wyhnipEM,UChTbPO97Nt0OTDvqSBjhrVQ,isr,train
Z9KL9W1lj34,UCYWJdRpk2jOOZaqvXGVjkxw,ase,train
Z9elF4apmiA,UC5Xzq4Gg6mSNymC4xIaZg1g,ase,train
Z9mTM7jKxk0,UCBeK4zyFsXzxzt1yGX2xhBg,ase,train
Z9p_uYi-AKw,UCAUljvSQLJG3lX_K8kfrbWw,tsq,train
Z9xLnuH7v5c,UCqLGAeTQmlRVfLK6jAWvDxA,ins,train
ZAH-_wziROU,UC7JuChYmxhljc49dE3JG6Zw,ise,validation
ZBF4rkhbOUs,UC3etnnsIxGpH89XgojqE0Ng,ase,train
ZBqU0o5lp7w,UC75cYKm6WbSk-se1deWaD0g,hsh,train
ZBvmnre7ADU,UCqtaBrGzW-WzWVdhrjCBQ4g,tsm,train
ZCFz5TKpwUE,UCLkAu8SzLCFW8k149fgEi7g,ase,train
ZCSQ5sJYSpM,UCWVUF_aLbNrR_ObLwWZcU2Q,fsl,train
ZDQZevi4lFk,UCUW9iqeKBSdegW5onoBnx_w,hsh,train
ZDS3I93nL44,UChr9unxCPVtGqZdLqLFWwCA,ase,train
ZDXuodkBHZk,UCHxXEdeyNIfqhj3I1RQVEXw,ase,train
ZEGi2IZyEAM,UChTbPO97Nt0OTDvqSBjhrVQ,isr,train
ZELETnRPdEU,UCs1S_ZbrCZw2xAJhK7ciBqQ,ase,train
ZEp_onwM8k4,UC5H_CO6QGwd9hilVnfujz_w,bfi,train
ZF6mfSmgr0A,UC75cYKm6WbSk-se1deWaD0g,hsh,train
ZFBCKBNIdxM,UCZ3vY1_AhI-UpoQwu-HqXgw,ase,train
ZFBXHp80Oec,UCSMZ4td6mZMJVxJ2ow7zY4A,ase,train
ZFR4fC2Ejpg,UCTGJiY5brn-4Jf-0HvvqX5w,pso,train
ZF_XYSMKsTM,UCs98soN6aBb6gnfbrLl-W0w,???,train
ZGBhpm0G3nU,UCHMBXgtO2Ez6Ie4HkbQk2Fg,ase,train
ZGKAQIHW7bg,UCaDrIDvpB0HdFTkpdjTPwSQ,rsl,train
ZGQbDi4sNXc,UCKc4tr7djlPn1jc9IUlLw3w,asf,train
ZGi1h1R2CDI,UCVrYey5SZMid_VZk9D8tYmA,ase,train
ZH3npyMiVPU,UCXuTK8atuQJiJ-qLHbjgaag,bzs,train
ZHFH6iLRpQw,UCs98soN6aBb6gnfbrLl-W0w,???,train
ZHSJhMFzZqI,UCYWJdRpk2jOOZaqvXGVjkxw,ase,train
ZHZy_PFqsn8,UCwPpG8vaKodLUUUREMv7J3w,swl,train
ZHcFnYv59Ts,UCcnJxQ55v85GeMxtM3crVQg,ase,train
ZIiSI9kBlcs,UC5H_CO6QGwd9hilVnfujz_w,bfi,train
ZInElUJQLHQ,UC99w_Bzj8ikOz8Gpv0prbNg,ins,train
ZInafoZ27i0,UChTbPO97Nt0OTDvqSBjhrVQ,isr,train
ZJR4a6c4C5s,UCapFShgxytRPexLxwUiXGVw,asq,train
ZK4RbrScp2k,UC9wDj2_57e2TlH2UE2OvE8g,ase,train
ZKEKEvpdgyw,UCT1PyPVtcHhWJUh5lpCQ0dA,ase,train
ZKXYRnhEEtA,UCizGctLgAahGlOvtSAKdq3g,jsl,train
ZKjHEBKPYfE,UCAPKIo9ykV8iShMmG7c-BQA,swl,train
ZKl1gMVdZsg,UChTbPO97Nt0OTDvqSBjhrVQ,isr,train
ZKm-_BhPswg,UCe2lcoNfWAp4bc0JySWnkmw,ssp,train
ZLOYoZzJ9gY,UCwcJIfRFwLcZF_teq6A86dA,ssp,test
ZLtpuhf3zcQ,UCszvwqbz04iulT9divgrNHw,ise,train
ZMYwcHf7d6A,UClH-iALhZ2niASkp-XSNGpA,inl,train
ZNgzCj2EilU,UC-XWx33KnEIZ1uIx_wF9ohA,ase,train
ZOIkOY6EdXg,UCapFShgxytRPexLxwUiXGVw,asq,train
ZOPqVHxITOE,UCuyQHJ4y76-i0w9N33vT-kg,ase,validation
ZP_6ahREQwY,UC_i63jO1Mp4TAjJh9gMAscA,ase,train
ZQtH3QzfV28,UCSMZ4td6mZMJVxJ2ow7zY4A,ase,train
ZRNLL_4wWqY,UCZOG75UwSlaFOu-BmfSccUg,bfi,train
ZRfCCeAhWzs,UC5H_CO6QGwd9hilVnfujz_w,bfi,train
ZSiW2kPn_Js,UCWif2ls3MB_CDmg4z17y6tA,ils,train
ZTIRoG3E90s,UCWif2ls3MB_CDmg4z17y6tA,ils,train
ZTJe738cKcw,UCChKgcgVNfCT2wO1AJwNkGA,jsl,train
ZUCzP76dcrY,UCrHpt5tgM33jXiIs8_F1VgQ,ase,test
ZUF8iPZNosc,UC7fVfWv6FL7HeTFeSLz-muQ,ase,train
ZUId4Vl7yck,UC7fVfWv6FL7HeTFeSLz-muQ,ase,train
ZUPNfxSiNM8,UCO4-OFryV9ErVeUhpx0YCQw,ase,train
ZVxAZfQnQmM,UC3p9-cdApmRUOgQ4-M4P01w,ase,train
ZVyAObQNMys,UC4CJ-mTizBq25ZpMydQL63A,ase,train
ZW9RApBIEl0,UCszvwqbz04iulT9divgrNHw,ise,train
ZWPCq4Xy93c,UClO2hO0t9tWsdgZmi_WQNkg,ssp,train
ZWWFQjFpHqQ,UCXuTK8atuQJiJ-qLHbjgaag,bzs,train
ZWxIpL8ntqg,,asf,unassigned
ZXPCs1fd-LE,UCmueSoNpdDrumJrF5fyKIKQ,ase,train
ZXcrwHhoQ7o,UCQJVI4-q2aT-9pSEmwtrMoA,ase,validation
ZY35VTqt6wQ,UC75cYKm6WbSk-se1deWaD0g,hsh,train
ZY9tKdkEDGk,UCOAJ_NBHsABBR26ZD_rLRXw,ase,train
ZYDU7PWu7sQ,UC75cYKm6WbSk-se1deWaD0g,hsh,train
ZYImjTi5qDc,UC5H_CO6QGwd9hilVnfujz_w,bfi,train
ZZR_Wbp3Xsw,UClv1kekXgC4s8Is-f1OBqQg,ase,train
ZZoSKXa1xzk,UComGRElAUtQBt2vXt7t_WQA,ase,train
ZZxgLFBqvRA,UC3OemRXA8dNlAfcOrTaLl7g,aed,train
Z_Hxp1NGh7Q,UCDAOYycn4dnAFICIdeYJWwA,bfi,test
Z_cqBzF0w8Y,UCaY5JjIf6cKZrynK9Oc3SYQ,asq,train
ZacPRRMnVMg,UCs98soN6aBb6gnfbrLl-W0w,???,train
ZbRlbrpWN14,UC5H_CO6QGwd9hilVnfujz_w,bfi,train
ZbkReS5fqF4,UCDL2Ug9aPMTAK0FDfWopZMw,ase,test
Zblu0QnMTik,UCHJeQ5nHoP0bkg0K4GlMn4w,bzs,train
ZcE-fMtf8_U,UCUW9iqeKBSdegW5onoBnx_w,hsh,train
ZcIvP-qhanQ,UCGV-ufMbl_OxY8OJgXy_8kA,asf,train
ZcZ5Zz0grMY,UCsuBAbMlPGJ95w3mwhz-30g,ase,train
Zcm1vBl7Ows,UC7fVfWv6FL7HeTFeSLz-muQ,ase,train
ZdZfSxCk6Qw,UC55C6FrDNkoh1-S8tGHdCDw,ise,train
ZeFuj-6jJho,UC-8TBU8-W613NU2ysMh8DWQ,ase,train
ZeGg5qdhNw8,UCWif2ls3MB_CDmg4z17y6tA,ils,train
ZefUeXSrdBQ,UCrrUZVfztrpQU1YMMFoIR1A,bfi,test
ZfQsFYM-QmQ,UC75cYKm6WbSk-se1deWaD0g,hsh,train
Zh6MBAYpDGs,UCBRYgj8lhwnr9FrETyJbYEA,ise,train
ZhLELjTitfo,UC3iebSLRgPykUJrr0NoVg5w,ase,train
ZhvejUKeSzg,UCWPkrOk-WKilNHCrpXa17JQ,ase,train
Zi-3j_IJWwY,UC75cYKm6WbSk-se1deWaD0g,hsh,train
ZiNewwhqNYE,UCWPkrOk-WKilNHCrpXa17JQ,ase,train
ZiqzF-VcXBU,UChPXJd3d99m6PcMURMVILuQ,dse,train
ZjJky81sZuo,UCyD6epypPmiwcb_0n7hofuQ,swl,train
ZjTsctKhNqE,UCIF8joER1Amy-1xUKR-7QcQ,asq,train
ZkKiiF-S3B0,UCDivIPRtPf_EHSiRfkwkfZA,bfi,train
ZlEeykJ5R8Q,UCyIjlBUwgXeKO6MZ2Ospaxw,jsl,train
ZlRyioV1Qzo,UCjCBX_ZL4T0nCyq3AgFVsDg,asf,train
Zlja5NuyMZc,UC0ssa7FTeHexuO6wHhbX9ow,ase,test
ZlnodPb1Ouk,UC75cYKm6WbSk-se1deWaD0g,hsh,train
ZmM3xU8bbpc,UCgccEq8cGQoyI4irVqHLxhg,ase,train
ZmuoBeJYWiE,UCQ_jW1xLUF7Sg711yXVvQPQ,ise,train
Zpe02u_EgdQ,UC75cYKm6WbSk-se1deWaD0g,hsh,train
ZqAb3ruPRzk,UC5Xzq4Gg6mSNymC4xIaZg1g,ase,train
ZqTxcBEQY7s,UC7mjutpeJU1WVxtkGOvrDRg,ase,train
Zq_cKsh7j9E,UC4rj7Ns8MtIqoI7i0Lagkng,jsl,train
ZqrmQ08D5SY,UCuPv3_NdWc7dFh9WqXCXXUw,ase,train
ZqtK5l6HBBc,UCs98soN6aBb6gnfbrLl-W0w,???,train
ZrNzSlP8i_s,UCwc0xtGUmoxvjYzaZNYCnEA,ase,train
Zs-fx4TV_h0,UC75cYKm6WbSk-se1deWaD0g,hsh,train
ZsHoBkPB1-4,UCWif2ls3MB_CDmg4z17y6tA,ils,train
ZtgoXYlMlE4,UC75cYKm6WbSk-se1deWaD0g,hsh,train
Zth-GVzp3ek,UCSMZ4td6mZMJVxJ2ow7zY4A,ase,train
ZuMHgM627T8,UCCkAfmCTGkgJi3QlB_6vkqw,jsl,train
ZvPt0XOnfKQ,UClv1kekXgC4s8Is-f1OBqQg,ase,train
Zva8wofRAUA,UC55C6FrDNkoh1-S8tGHdCDw,ise,train
ZvlzxMdjKSU,UC5H_CO6QGwd9hilVnfujz_w,bfi,train
Zw3PybljiAw,UCYWJdRpk2jOOZaqvXGVjkxw,ase,train
Zwc8FmXnpVs,UCs98soN6aBb6gnfbrLl-W0w,???,train
ZwxYoubQn6g,UC7fVfWv6FL7HeTFeSLz-muQ,ase,train
ZxMJ_2Jw_e4,UCFfgJbY2jt4Notzk5M3baOA,asf,test
ZxzQtT5MnjA,UC99w_Bzj8ikOz8Gpv0prbNg,ins,train
ZyakIQljcnc,UCDWuLgx0vTYBGr1G-diNgSw,jsl,train
ZytTGjk30O0,UCuseIvrm7VZrcUJipa5yw9g,ase,train
_-4o0zcmo2I,UCWPkrOk-WKilNHCrpXa17JQ,ase,train
_-KCWiWaF7g,UCwcJIfRFwLcZF_teq6A86dA,ssp,test
_0A6ugKX5DU,UCWif2ls3MB_CDmg4z17y6tA,ils,train
_0Kb5WNSfNo,UCaayieDFpDIZ1b_mspO_Rzg,ase,train
_0W6AF0Csg4,UCOuE0zw9VItn-Bv71BNeBVQ,fsl,train
_0_SnXw0jak,UCs98soN6aBb6gnfbrLl-W0w,???,train
_0rhu7J5_TI,UCHxXEdeyNIfqhj3I1RQVEXw,ase,train
_17Aoal13OU,UCLq0QAPYJRxb4hN3DlYe2tw,ise,train
_1KJqwaE0tU,UCUW9iqeKBSdegW5onoBnx_w,hsh,train
_1RPAxBFpe8,UCG-2pgBJjxlVkJskTm9NAqQ,ase,train
_1V0vL3dWsA,UCUW9iqeKBSdegW5onoBnx_w,hsh,train
_1xP3ul9Gf8,UC8dHtefYYC4TmhRS_0qtKTA,bzs,train
_2EdTdwmBPA,UCqLGAeTQmlRVfLK6jAWvDxA,ins,train
_2Jb69-HmQs,UCGkggeR449U_G_ULi-Y0G0A,hsh,train
_2V6rrZjDDg,UCCkAfmCTGkgJi3QlB_6vkqw,jsl,train
_2j6q8SOZyY,UClv1kekXgC4s8Is-f1OBqQg,ase,train
_31ShcG2-jc,UCDu0XXRzxz8pvm0PsLpPxFA,ise,train
_35oQEBDuPY,UCFWHwJC60uS-EZpLenTS4Kg,ase,train
_3JdFgYGqW8,UCs98soN6aBb6gnfbrLl-W0w,???,train
_3RcFiU26uk,UCQqdVfOZmhnIa9AUQKfgijQ,swl,train
_3iMWYtkD3E,UC5H_CO6QGwd9hilVnfujz_w,bfi,train
_4RvsDJPZUA,UCUW9iqeKBSdegW5onoBnx_w,hsh,train
_4Xdr-gi-uk,UCLrN3LrNjn6WP8kLbIyHDjQ,ssp,validation
_4suR_1KTsI,UC99w_Bzj8ikOz8Gpv0prbNg,ins,train
_4tu83Afl2U,UCVcQH8A634mauPrGbWs7QlQ,ase,test
_5J0wGXNG2U,UCCkAfmCTGkgJi3QlB_6vkqw,jsl,train
_5jEFzzdMpo,UC-gc7H_gu_IYUAxO2cu6STA,ise,train
_5yyM7VOYY8,UCSMZ4td6mZMJVxJ2ow7zY4A,ase,train
_6CibcFs-Ck,UC3H9hfMEmODmdd2F0zJ8SzA,ase,train
_6JHhUqOjzk,UCaWHmTQSYmwGWAmB1vg4OnA,ase,train
_6TLPgHwGxg,UCUG55S8guAvcrxLt2yfieag,tsm,train
_7DXOrcRuZ4,UCe2lcoNfWAp4bc0JySWnkmw,ssp,train
_7dYN4zfPy0,UCSMZ4td6mZMJVxJ2ow7zY4A,ase,train
_88YsEvyvzI,UCT_ibOnQ79FD6UX9nUwl1Fw,ise,train
_8NHaasp_C8,UC75cYKm6WbSk-se1deWaD0g,hsh,train
_8NHkMnv_a4,UC75cYKm6WbSk-se1deWaD0g,hsh,train
_8Xpsjq0OHE,UC5H_CO6QGwd9hilVnfujz_w,bfi,train
_90FhxcumBI,UC0jdsYSKy1VNhKw79mw0RsA,ase,train
_9guHO8KHls,UCqd6eos5-i46NbDH1uLWdFQ,bfi,train
_A3BF4nLvKg,UC1gHR6WPy79xESRN2NiiRQw,ase,train
_ANtMWdL_Gg,UC75cYKm6WbSk-se1deWaD0g,hsh,train
_Abo4EGDlfo,UCuyQHJ4y76-i0w9N33vT-kg,ase,validation
_Amn5FDtF7o,UCs98soN6aBb6gnfbrLl-W0w,???,train
_BHZLbkUjaA,UC_jrfQqKBu6BOvWpQ1uwOaQ,gsg,train
_Bq8nrvceRk,UCIYyD-O85i1hNkZ8354aX8g,ase,train
_C2AnVh1Jys,UCl2RAa1jlJz6vWipyebeO-w,ase,validation
_Cj1WRYzx3U,UCEPuAkI8Fx_dqb2RMoy00CA,asf,validation
_DDs4FO_VdI,UC7JuChYmxhljc49dE3JG6Zw,ise,validation
_DFnm_UYxVs,UC1f5xYbrZxLkklmGkow7AgA,asq,train
_DImG4QhoEE,UCLZGWvbf2690aJHnVYPvP7Q,ase,validation
_DUN0ZdKEro,UCBjB44dvd2F5MN-fC-eokIg,pso,train
_DXlIXD81SQ,UCEPuAkI8Fx_dqb2RMoy00CA,asf,validation
_Dj_9LiPMsU,UCyIjlBUwgXeKO6MZ2Ospaxw,jsl,train
_EKN68-QhTM,UCXo34D2YjDzQKCpnb9jkDeQ,jsl,train
_EQzLs2PT9c,UCJqEwbw7MfINS4T-oQ47JuA,ise,train
_EzgELe354g,UC4VHfRJHnbcGVLcr9vQIihQ,bfi,train
_F5RFvdESc0,UClxAZnsU6AK4pX3dcFdSDPQ,ise,test
_FIYvBhSkMI,UCN8D8Gj5b4KjFT2MnWrRBwQ,pso,train
_FZVGQkviws,UCUW9iqeKBSdegW5onoBnx_w,hsh,train
_Fu3kEUro6k,UCtjEjgYtRZWFL9pWa4yxtXg,jsl,train
_GFFmblbPho,UCCOaLeJLHuYax7_k5wbC6cw,ase,train
_GbiHjMTnxU,UC_wh7CAHsakVopKtr8NnXsA,jsl,train
_HBU9vvglqc,UCWif2ls3MB_CDmg4z17y6tA,ils,train
_HJXVKhSRmY,UCHeTipmAu0ABEFpGU8OgV7A,ase,train
_IVLq_2P--w,UCszvwqbz04iulT9divgrNHw,ise,train
_IbyR_FcGiA,UC75cYKm6WbSk-se1deWaD0g,hsh,train
_Ily550Nb8Q,UCjYpWjCNjF1WCQTuBhdh8hg,csc,train
_JZL9qB4YQA,UCwAj_cdSLuG6l9oZrw3IvJw,ase,train
_JoIQoB9rkc,UCR_-CWbo1ZhNsQLyzKJL7DA,bzs,train
_JqBuVzWyOY,UCXAivKbEyzTb5tqwEu2ZDcw,ase,train
_Jz6X7SInXo,UC75cYKm6WbSk-se1deWaD0g,hsh,train
_JzlJsE8mhI,UCngUE27QC_8x-wGxCdDiX8A,ase,train
_KXl1sfAIAE,UCBRYgj8lhwnr9FrETyJbYEA,ise,train
_KwsC2ARmxA,UCqd6eos5-i46NbDH1uLWdFQ,bfi,train
_LqBjFaQSds,UCJeBnwmzj3tVtS-3-sSOC_w,hsh,train
_MBtqzfY92o,UCCZ_femzSxK1e936MTU9TaQ,asq,validation
_MQem_JkThg,UCqtaBrGzW-WzWVdhrjCBQ4g,tsm,train
_MV0AvM3chg,UCs98soN6aBb6gnfbrLl-W0w,???,train
_Mh8nur5reQ,UC99w_Bzj8ikOz8Gpv0prbNg,ins,train
_N-bBbIkCI8,UC75cYKm6WbSk-se1deWaD0g,hsh,train
_N0iHm7Aoyg,UCgPgI0FiLs8v18146Suwo-w,csn,train
_NuSDJGRr0Y,UCGkggeR449U_G_ULi-Y0G0A,hsh,train
_OAD_-QlkYI,UCqLGAeTQmlRVfLK6jAWvDxA,ins,train
_OI8YyBm-3Q,UCW5YSgfcgvgxUY5HjoMXA6Q,ase,train
_OZP3s7bM_o,UCufxp6ZwK8zEstJ4BISgG4A,ase,validation
_PGmPPYZabY,UC5H_CO6QGwd9hilVnfujz_w,bfi,train
_PSoItSmCY0,UCioWelgldMeZ4PVGZAUSk5g,ase,train
_PUf22TO83E,UC-8ID1fxMapLBg5hpfnOs8Q,ase,test
_Q0HDYBVmgU,UCYWJdRpk2jOOZaqvXGVjkxw,ase,train
_Q33iVCl8ec,UC4KyhBCXwO-aSXDN-QyeSmQ,ase,train
_Q9wFg3ydE0,UC01GNVV8aHp9v4CoZi7FcqA,swl,train
_QxCXKtxjZ8,UCvlog3G_774ibLZfyPI_yOg,bfi,test
_R2oSLy6KbU,UC5vOvmz7FvgJy047G0kteAA,ase,train
_RF_FEwVkbA,UCmNqO7zIgxQtbq73Khn_yTQ,ase,validation
_RObnTVx0hE,UCvRHY_o3Zyx6RU80A12nNlw,dse,train
_Rqyc04lL4o,UCSMZ4td6mZMJVxJ2ow7zY4A,ase,train
_SIei6oXj10,UCxqRPbM_UXS5eYh4FKta7WA,ase,train
_Sr31ByQzmo,UCYWJdRpk2jOOZaqvXGVjkxw,ase,train
_TDHkhq1qRY,UCSJqpZvML1b8G0bfEegjByg,ase,validation
_TDeDdX1b0M,UCY_1hb97iVCsgjc6MrE0ICA,bfi,train
_TISiFYBBgI,UC6WfyWPlLkx-Hz7L88QaZ3A,jsl,train
_TbB0cN6MvQ,UCfaz727ukS3eFYNLysA9rRw,bfi,train
_TfYMwNoI9o,UCqd6eos5-i46NbDH1uLWdFQ,bfi,train
_TgTPqMjdqQ,UCW5YSgfcgvgxUY5HjoMXA6Q,ase,train
_TnDD4HYg54,UCuyQHJ4y76-i0w9N33vT-kg,ase,validation
_TzmgSNpnm0,UCI4A_xft-8uziHWd1-Q0NWA,ase,train
_UWlvr-WoEU,UCPTbovTtAz9LaZOSHLkpq-A,aed,train
_U_VSoY5tSM,UChAe0B2jNvY7zmU_aoeXIZg,bzs,train
_Un-CI3aDxQ,UCaayieDFpDIZ1b_mspO_Rzg,ase,train
_VCrb7eSApo,UChTbPO97Nt0OTDvqSBjhrVQ,isr,train
_VrOVZoTXKQ,UCiawIaoh8sdgcGenM88NkHA,pso,train
_Vsgp42fwfU,UC_9x0YFY3tQhHD1oxDriZ9g,sgg,train
_VsyD7M7zlU,UCWeZFJ4fWaDANwXvJeV30xA,ase,train
_WFp8WPBZpA,UCqLGAeTQmlRVfLK6jAWvDxA,ins,train
_WOcr1dRAiQ,UCNMh0csop45XxYU0itusr1Q,jsl,train
_Wd7ViVna_E,UC75cYKm6WbSk-se1deWaD0g,hsh,train
_WniK4uiX5k,UCwcJIfRFwLcZF_teq6A86dA,ssp,test
_WwUI8n6ZgE,UCe2lcoNfWAp4bc0JySWnkmw,ssp,train
_X3_fSBcLg8,UC5Xzq4Gg6mSNymC4xIaZg1g,ase,train
_X3f5ewQUeY,UCQJVI4-q2aT-9pSEmwtrMoA,ase,validation
_X76y9iTJPg,UCe2lcoNfWAp4bc0JySWnkmw,ssp,train
_XR-6jbjfPs,UCqVdejUZJoV5QyNPtoaifdw,ase,test
_Y2Lxg7U_58,UClxAZnsU6AK4pX3dcFdSDPQ,ise,test
_YJf8RHDTOY,UCqLGAeTQmlRVfLK6jAWvDxA,ins,train
_YRjnKrM5HI,UCIYyD-O85i1hNkZ8354aX8g,ase,train
_Y_KtYhm1u0,UCwcJIfRFwLcZF_teq6A86dA,ssp,test
_Yrju222l14,UCkIysc598DcproKIPlHBfCg,ase,train
_Yvwvuv8d1M,UCFuu8KsC_I8RUWsRopecLOQ,bzs,validation
_ZsdPnz2eHg,UCHckc4mrMU9b7L4hxQeN5HQ,ssp,test
_ZxWSe9e1-o,UCFfgJbY2jt4Notzk5M3baOA,asf,test
__-hXkHtJ6k,UCx8jxChJznkRPJCE79qldOg,pso,train
___AZdytlQI,UC75cYKm6WbSk-se1deWaD0g,hsh,train
_a-DdqqJGSY,UCOuE0zw9VItn-Bv71BNeBVQ,fsl,train
_a4H1o4Ybv8,UCGA_v7SpsemO0DiImEfTyeQ,ase,train
_aHd0aG9F3A,UCRhL6vpHo81-ndGt3FwsQag,ase,train
_aIL2GYIgC0,UCMNAB9fGlvNGrqE2nL5NZng,ase,test
_aNz3ERVhBo,UCWif2ls3MB_CDmg4z17y6tA,ils,train
_aTWv6lzE-g,UCJElYDVDWw1uyBXtfqgO_1A,ase,train
_aVd7DZFXsI,UC75cYKm6WbSk-se1deWaD0g,hsh,train
_aqktnYMg18,UC6OCXcxQ4yKoPfsUPWg99bg,ase,train
_bDAXd5hytM,UCTUtPj24wh7yK_Wo8t_Wixw,ase,train
_bIYNmqFxpE,UC7JuChYmxhljc49dE3JG6Zw,ise,validation
_bLf-CJ7DZQ,UCQ_jW1xLUF7Sg711yXVvQPQ,ise,train
_bRlpgrtCAk,UCp1ei78EfKnQwthUXjfkjaw,bzs,train
_bmgUTW7Q2U,UC_jrfQqKBu6BOvWpQ1uwOaQ,gsg,train
_cEZhsArIa8,UCAPKIo9ykV8iShMmG7c-BQA,swl,train
_cQrY-He_hg,UCXQ_KrE5p4Rf9vcvLyKLSVA,ase,train
_cX2P0wOQZM,UCaayieDFpDIZ1b_mspO_Rzg,ase,train
_dWtDh1GE8k,UCQJVI4-q2aT-9pSEmwtrMoA,ase,validation
_daO5h5l7hQ,UCqtaBrGzW-WzWVdhrjCBQ4g,tsm,train
_dbFpi8tFyY,,ase,unassigned
_drCWvFnjUQ,UClf6uXqvt7z6Xr2wqGNxtwg,ase,train
_eJP_bk7TSU,UCWif2ls3MB_CDmg4z17y6tA,ils,train
_ePu3UX6JsU,UCqLGAeTQmlRVfLK6jAWvDxA,ins,train
_eSzY7ptL7Q,UCnW36R4x1aMVMygEaZOSz3Q,ase,test
_em7f21klA0,UC3D3um9BcGkQzquorcKWQLQ,ssp,test
_exChLFDVmw,UC_wh7CAHsakVopKtr8NnXsA,jsl,train
_f4df3oF5mU,UCjVpsnDflFe9dOWZWlnxUrA,ase,train
_fRnFIZ6-cY,UCWif2ls3MB_CDmg4z17y6tA,ils,train
_fhykCbQXH8,UCucvgN0Qkbpsklyrt9BTWbQ,ase,train
_flfOs7-HVQ,UCs98soN6aBb6gnfbrLl-W0w,???,train
_fuS-f4cvL4,UCT_ibOnQ79FD6UX9nUwl1Fw,ise,train
_g8XJxPeNsU,UCB2TPZ9vox9PvK9arORVtNg,pso,train
_gcdbWV03Xk,UC85LK96DQppcG7tpcqCcvIw,ase,train
_h7wAx9M9O0,UCszvwqbz04iulT9divgrNHw,ise,train
_hfJCnnCFbY,UChPXJd3d99m6PcMURMVILuQ,dse,train
_hgiPSvRna0,UCDAOYycn4dnAFICIdeYJWwA,bfi,test
_iirwC_DvJ0,UCyDgmVIa5bn2QvzCv1kyqEw,ase,train
_ilTrWBTfX0,UCLzz9KVBGzJKUQ-CyIRmXoA,ise,train
_iqyeFFyf0w,,ase,unassigned
_iy7PgszjCw,UCGaQdCK2m305CkMZQasoz7w,csc,train
_jVK9VF2Oy0,UClxAZnsU6AK4pX3dcFdSDPQ,ise,test
_jZDVlQ4MXQ,UC75cYKm6WbSk-se1deWaD0g,hsh,train
_jcqljn84ho,UCpeQVm-52KfEwL8K0Z4tP_A,ase,train
_jpIi6zSgAM,UC7JuChYmxhljc49dE3JG6Zw,ise,validation
_k1J0W7SSyw,UCVrxlDymBXjcCAn25axZc8Q,swl,train
_kF76975wk0,UCTGJiY5brn-4Jf-0HvvqX5w,pso,train
_kTxoizOkj4,UC-J-Ac3T1zrCZ9t7vkoF-mg,ase,train
_kgA1doxy2o,UC-8TBU8-W613NU2ysMh8DWQ,ase,train
_ky5JEoOTnU,UCEO4jEbSrgPx-4GDyAtdbmQ,ase,train
_kzMKib3IVk,UCQqlp5pbCtnZFG22SvA8rrQ,ase,train
_lB4mo3LG-I,UCohJcoNeqCl82yfomUB7AEw,ase,train
_lJJOb1XC1o,UC7PByT-DKjERtGRmxfyWvnw,ssp,train
_lKGET1565w,UCGisGwX9Mh6T6WrJsx-VjDg,pso,validation
_lQ5qsVUmnU,UCRRJlf5fd93oThu0726SNdw,csc,train
_lWBaVa6Yy4,UCLULAdF1-hor45QMG5DsjXQ,ase,train
_lfi80q8xQg,UC-8TBU8-W613NU2ysMh8DWQ,ase,train
_ljjwCgFf1Q,UCuyQHJ4y76-i0w9N33vT-kg,ase,validation
_mFuHpLtlSU,UCqd6eos5-i46NbDH1uLWdFQ,bfi,train
_mRVD71iAmE,UCGkggeR449U_G_ULi-Y0G0A,hsh,train
_mWTRs1Xpq4,UCJzu69TgtBwVc03QEP9gL6A,rsl,train
_miVsFEcJ3Y,UC1rYYrVN26yA1p_jBmbamSA,ase,train
_o7f3k8lgcA,UCDWuLgx0vTYBGr1G-diNgSw,jsl,train
_oNjaYGVOko,UCvd8SHzSp07_U55qFI0-dDA,ase,train
_oSIca1CEgg,UC75cYKm6WbSk-se1deWaD0g,hsh,train
_pBIjK4PVg0,UC8kUT_T5Tl8M8Up_gGvbi_w,ase,validation
_pEtT1d5PJ4,UCTi9woRHA4r8e3oEWF8hxTA,aed,train
_pQ28kx6E6U,UCWif2ls3MB_CDmg4z17y6tA,ils,train
_pty6HZogr8,UCOuE0zw9VItn-Bv71BNeBVQ,fsl,train
_qF3g_AArQw,UCEkZb0c0A8uM7ootuvLAXdQ,ase,train
_qFC6sz2Zk0,UCCBWup10InaMbVxOwQUQPnA,ase,train
_qO-ybCQQFI,UC5O114-PQNYkurlTg6hekZw,ase,test
_qquIXSgcxA,UC6afchVrf0mTQOt5Gf-qRhw,bzs,train
_rcwE2Fajto,UC55C6FrDNkoh1-S8tGHdCDw,ise,train
_rdEORbVMoA,UC_9x0YFY3tQhHD1oxDriZ9g,sgg,train
_s2a53L8DYc,UCFfgJbY2jt4Notzk5M3baOA,asf,test
_t61X0faR2E,UC9iTjM1LI5k60EhfTwNPO5w,ise,train
_t6Z15JQyk0,UCsuBAbMlPGJ95w3mwhz-30g,ase,train
_tHeSOxrYPU,UCLMEmb-pUA3tj3wXeOAVOnw,ase,train
_tTM_IGpCzQ,UCfty1CIfsQTYkdH8LUSogaQ,ase,train
_tawe1fqbac,UCVrxlDymBXjcCAn25axZc8Q,swl,train
_tl9AAav3Qo,UC5H_CO6QGwd9hilVnfujz_w,bfi,train
_tlpKLYakE4,UCNhjpRM4HowV_CGwfz-hYbQ,ase,validation
_uIBaGQ2DMI,UCx8jxChJznkRPJCE79qldOg,pso,train
_uYok7hK_rM,UCfOI_btpbjn0H4dYfIsz52w,ase,test
_vDW3oSD0IM,UC7fVfWv6FL7HeTFeSLz-muQ,ase,train
_vEj0th2O2Y,UCLULAdF1-hor45QMG5DsjXQ,ase,train
_vS7E7JGc_4,UCs98soN6aBb6gnfbrLl-W0w,???,train
_vfklWkuho0,UC75cYKm6WbSk-se1deWaD0g,hsh,train
_vwK9f2W668,UCqLGAeTQmlRVfLK6jAWvDxA,ins,train
_w7ONVVISS0,UCFcpIA0onxgAkdsh3K0gpeQ,ssp,train
_wNEJ-cxCuA,UCSMZ4td6mZMJVxJ2ow7zY4A,ase,train
_wVHNRfe7zE,UCCkAfmCTGkgJi3QlB_6vkqw,jsl,train
_wVTh-Wan7Y,UCVrxlDymBXjcCAn25axZc8Q,swl,train
_wYdu-7NrY0,UC75cYKm6WbSk-se1deWaD0g,hsh,train
_wwt0VH6y8c,UC7fVfWv6FL7HeTFeSLz-muQ,ase,train
_yj7lc-9X6I,UCK-n3cLst9SuYfxk7oNhrlw,ase,train
_z0PENyLqo0,UCWif2ls3MB_CDmg4z17y6tA,ils,train
_z0YJweTUvs,UCuyQHJ4y76-i0w9N33vT-kg,ase,validation
_z3pIoXQPJo,UCWif2ls3MB_CDmg4z17y6tA,ils,train
_zHdoZNJ1CU,UC1f5xYbrZxLkklmGkow7AgA,svk,train
_zizpzhGECI,UCSMZ4td6mZMJVxJ2ow7zY4A,ase,train
a-6T7nAkVw8,UCe2lcoNfWAp4bc0JySWnkmw,ssp,train
a-7hTDV3S50,UCoR6BxrxD9XSRx3UGK1XG1A,aed,train
a-hQfcx7x1Q,UCWif2ls3MB_CDmg4z17y6tA,ils,train
a-pDjPdyEt0,UCJqEwbw7MfINS4T-oQ47JuA,ise,train
a0LbLpB3XJI,UC75cYKm6WbSk-se1deWaD0g,hsh,train
a1ASh2jukxs,UCaY5JjIf6cKZrynK9Oc3SYQ,asq,train
a1DR41r-l-I,UC99w_Bzj8ikOz8Gpv0prbNg,ins,train
a1DTlzXw56o,UCs98soN6aBb6gnfbrLl-W0w,???,train
a1XUD2kChWM,UCfrYaR1kmCHf8ddHb8O8niw,lls,train
a1l8XeHppbQ,UChTbPO97Nt0OTDvqSBjhrVQ,isr,train
a2HanHTbO_Q,UChTbPO97Nt0OTDvqSBjhrVQ,isr,train
a3LVJqFKvLM,UC7JuChYmxhljc49dE3JG6Zw,ise,validation
a3VmH-0K0Ac,UCaiVUF00vGaSmyqDjbD2h0Q,ase,train
a4I6dHgqwpw,UCoLAmbElcmP3Hrbgx25k3QA,ssp,train
a4ODkFXJohk,UCc9fPwa4-9j9GwRQum1vxPw,ase,train
a4qDyze5hrU,UCEPuAkI8Fx_dqb2RMoy00CA,asf,validation
a5E0hEHGdo4,UCSMZ4td6mZMJVxJ2ow7zY4A,ase,train
a5F-KSB53ms,UC6ODhWmSOVGl8oFg9N5NhhA,ase,train
a5IkcDdUxwQ,UC7fVfWv6FL7HeTFeSLz-muQ,ase,train
a5IloiuufL4,UC-22JP32sKPIJztxTQ9yXTg,swl,validation
a5bdQ9npH0M,UC75cYKm6WbSk-se1deWaD0g,hsh,train
a5kZ8Zlo3sM,UCWVUF_aLbNrR_ObLwWZcU2Q,fsl,train
a5taNS2ODZY,UCgRcwmc6-PomacFaldthJ0w,ase,train
a5uA4KHJfls,UCsuBAbMlPGJ95w3mwhz-30g,ase,train
a64HYa8KBWg,UCaTMaFNkTiwgsSQ7FYaiaTQ,ins,train
a68StMSrqcg,UCgPgI0FiLs8v18146Suwo-w,csn,train
a6FKqTqw9PA,UCuyQHJ4y76-i0w9N33vT-kg,ase,validation
a6R0oP_swBU,UC85LK96DQppcG7tpcqCcvIw,ase,train
a6VrPsaMIAY,UCWif2ls3MB_CDmg4z17y6tA,ils,train
a6spr-y38Eg,UCU_RQp2FXHdS67j9NiucH7Q,lls,train
a71PTafbczg,UCdTytgz2Mvb6odTHH9iNv8Q,ase,validation
a7JoFbI1EtU,UC85LK96DQppcG7tpcqCcvIw,ase,train
a7Z-fRCVmf8,UC75cYKm6WbSk-se1deWaD0g,hsh,train
a7cf95cYKMY,UCsEBkTy545q7ZQXmbRu1szg,ase,test
a82GFZgOICs,UCKki8PhClHFEiaSdKNXxilQ,ase,test
a8QknRbzEnw,UC75cYKm6WbSk-se1deWaD0g,hsh,train
a8c476mqTmc,UCizGctLgAahGlOvtSAKdq3g,jsl,train
a8dl6w0gyCw,UCB1LvMySZmAS7dH9aiKEs_g,ase,train
a8kjiVbo9JQ,UC6b1zI_hrSg-1nAndUEapeQ,ssp,train
a8xR-NMrPow,UCWPkrOk-WKilNHCrpXa17JQ,ase,train
aAR9dhkXxC8,UCFcpIA0onxgAkdsh3K0gpeQ,ssp,train
aAqKBDJwrcU,UC7fVfWv6FL7HeTFeSLz-muQ,ase,train
aAvGGOGrldk,UCu2tzqiuf92J2M_zaJK6_eg,ase,train
aB240SeDbfs,UCe2lcoNfWAp4bc0JySWnkmw,ssp,train
aB9sSdcJ7Z4,UC-gc7H_gu_IYUAxO2cu6STA,ise,train
aBlCgiBbKF4,UCtCEoFMIllD5aOYneLrP4Vw,ase,validation
aBllezEDBx8,UClxAZnsU6AK4pX3dcFdSDPQ,ise,test
aC7wekjKxMI,UCWif2ls3MB_CDmg4z17y6tA,ils,train
aCeixBmnx94,UCAPKIo9ykV8iShMmG7c-BQA,swl,train
aCrGHNQmu34,UC75cYKm6WbSk-se1deWaD0g,hsh,train
aCvf8tx7RBY,UC75cYKm6WbSk-se1deWaD0g,hsh,train
aCzUoUZ18KU,UCCZcfHbwXA0lHKcEEc08XKQ,ase,train
aD6Aq6jqIH8,UC5RrTOs35gE_w5625uGLSdA,kvk,train
aDPm2Yjb9CA,,jsl,unassigned
aDZVkX0j9hc,UCsw8u5D35Y9M2GRjtiSISKw,ase,test
aDwuRnVvNqg,UCqLGAeTQmlRVfLK6jAWvDxA,ins,train
aENV3hnMTpA,UCGkggeR449U_G_ULi-Y0G0A,hsh,train
aE_QtYFTHFo,UChTbPO97Nt0OTDvqSBjhrVQ,isr,train
aEsv5tD-LHc,UCKc4tr7djlPn1jc9IUlLw3w,asf,train
aF86MxhmnWM,UCWif2ls3MB_CDmg4z17y6tA,ils,train
aFM0-l5GI-A,UC-gc7H_gu_IYUAxO2cu6STA,ise,train
aFgycengFA4,UC75cYKm6WbSk-se1deWaD0g,hsh,train
aFiXgn0VS9s,UC7Xrjp95yDyXS8btuiY6NsA,csg,train
aG87X4XuLho,UCWif2ls3MB_CDmg4z17y6tA,ils,train
aGCkLr_JbYA,,ase,unassigned
aGLSkA16Kr8,UC6OCXcxQ4yKoPfsUPWg99bg,ase,train
aGRk0oQye7M,UC75cYKm6WbSk-se1deWaD0g,hsh,train
aG_ZraDPnyU,UCe2lcoNfWAp4bc0JySWnkmw,ssp,train
aGrMtolrtq4,UC2fTQSA7GccUUtG6RrJq9Hg,pks,train
aIUWoF4OXPM,UCRnwGz8hAk9tsmRW3MBHUoA,gsg,train
aIVYtBYvlLo,UCA7yuvsX0I5xX_SSXUJQJ1w,ase,validation
aIxDPA9mU1g,UC-gc7H_gu_IYUAxO2cu6STA,ise,train
aJFU-op-hAs,,hsh,unassigned
aJa9ycaI2dw,UC75cYKm6WbSk-se1deWaD0g,hsh,train
aJagTX7VrYE,UC48LbiHIjJ9t7p_BGNliG4g,ase,train
aJnk59PLavw,UCyD6epypPmiwcb_0n7hofuQ,swl,train
aJqfSvZ57_I,UCEPuAkI8Fx_dqb2RMoy00CA,asf,validation
aJyp0g5pTYI,,ase,unassigned
aKKyVXeDl2g,UC03X_T7dN9o7JS_MlYZCmcQ,swl,train
aKYFGWRxMoM,,asf,unassigned
aK_uzpt_dGU,UChTbPO97Nt0OTDvqSBjhrVQ,isr,train
aMH7SrH7ueo,UCWif2ls3MB_CDmg4z17y6tA,ils,train
aMIisTqJkG0,UCK-n3cLst9SuYfxk7oNhrlw,ase,train
aMOB9jUI7xI,UCedYPnPBHS9V9SmbK4_jPoQ,ase,train
aMwkyFGtwQ0,UCXuTK8atuQJiJ-qLHbjgaag,bzs,train
aNYCUmhV508,,ase,unassigned
aNzFw9F1dGs,,ase,unassigned
aO6NXWmNRS0,,bzs,unassigned
aOFjtmvfvuA,,tsm,unassigned
aOM9DiNDSRs,,jsl,unassigned
aOkXqpbOJGI,,ase,unassigned
aPPbIPHfFx4,,ssp,unassigned
aPdswKiDYKc,,aed,unassigned
aPeseC7ctL4,,cse,unassigned
aPwD5Qw1-eg,UCQ-cTIHnx9gpTnuHQG5HYSA,ssp,train
aQ-fOcPS-mo,,ase,unassigned
aQ6wb_pqTFA,,ase,unassigned
aQma8thV9jw,UC6WhyWFSLUzYW8MXAB_1GZg,ase,train
aQwZPWl8DGo,,ssp,unassigned
aR1hbeRwl_c,,sls,unassigned
aR546NyN_2A,,isr,unassigned
aR5NnY2TiM8,,ase,unassigned
aRK1R-kmY-E,UCg7DsZw0ofpoP6MB7Tv7dLw,ase,train
aRavUawgnes,,ase,unassigned
aRo7e1q7e9w,,gsg,unassigned
aRyFW81F7Fg,,pso,unassigned
aS3R-8unZck,,swl,unassigned
aSNRqNAY-Ew,,gsg,unassigned
aSRn53dDkAQ,,fse,unassigned
aSTX_yhrRtI,,isr,unassigned
aSzKg5bTpTo,,hsh,unassigned
aTBj3sh9bqA,UC-XWx33KnEIZ1uIx_wF9ohA,ase,train
aTKeWaTussA,UC6FT2iHvHUI8eiasgOAUjMw,gsg,train
aUCUP7JCAYo,,ase,unassigned
aUNx8AonXmU,UCHYhDUKzFJYtxa1aGB3cpmw,ase,train
aUSwQCPb3nI,,swl,unassigned
aUTM6QpfR64,,bzs,unassigned
aUhx3evJwt0,,lls,unassigned
aUmFKOjodzU,,bfi,unassigned
aV5iLahmbO4,UCWif2ls3MB_CDmg4z17y6tA,ils,train
aVBV0vUvT18,UCLMEmb-pUA3tj3wXeOAVOnw,ase,train
aVG1jwiFnuM,,hsh,unassigned
aVR1FvR9b4w,,ase,unassigned
aVgKroMQ7LM,,ase,unassigned
aVmi6pNug8o,,csn,unassigned
aW-aUwkZDOk,UClv1kekXgC4s8Is-f1OBqQg,ase,train
aW6klYnQphk,,ase,unassigned
aWOjcli-sP0,,ase,unassigned
aWjbWMUAipI,,jsl,unassigned
aX2H-wnAoh8,,ase,unassigned
aX4xdUVnz1Y,,ssp,unassigned
aXTpM0oezig,,ase,unassigned
aXvEDpJM3Y0,,ils,unassigned
aXwDQlBcGrw,UCPLbPxCfLMeP0AkHgtuL63A,ase,train
aY8aeZfNYrg,UChTbPO97Nt0OTDvqSBjhrVQ,isr,train
aYLNSwKmdJU,,ase,unassigned
aYo6sp8AuLc,,csn,unassigned
aZ0FLrhNylM,,ase,unassigned
aZBQ7rDt8BY,,ase,unassigned
aZ_7ekZ86-g,UC1f5xYbrZxLkklmGkow7AgA,svk,train
aZe_sCnBgTA,,ase,unassigned
aZifhHMPvGQ,,ase,unassigned
aZsTVmLdUWc,,ase,unassigned
a_7QP8Nwdi4,,ase,unassigned
a_91zIGHIIo,,ase,unassigned
a_Hl58rSI00,,ase,unassigned
a_IccCxKdmo,UCjCBX_ZL4T0nCyq3AgFVsDg,asf,train
a_KO_ealag4,,icl,unassigned
a_ZWgvjSMY0,,hsh,unassigned
a_bivvQC9EA,UCO9zhhszyR4Av4WxwdBJs-Q,ase,train
a_hpxgKkYts,,slovenia,unassigned
a_lcF3g51Ng,,fsl,unassigned
aaKDjhBRLY8,,ase,unassigned
ab82k4Yg8jo,,ase,unassigned
abRuILPFMfE,,bfi,unassigned
abSGaq_kPoU,,asf,unassigned
abbe-TUM4Vo,UCYzUa-Jxf5iuMq0i3nMr8Sg,aed,train
abvI9cCi-yo,,ase,unassigned
acWypcfKQlM,UCoA3JvRkP1z3GE6x5jo6OzA,rsl,train
acZCivsDL1w,,???,unassigned
aca-Bli3B5k,,ise,unassigned
ackpbcCx5ok,UC7rtwOJBv4c4PyIhSFvg3Hg,bzs,train
adHjilzvVxo,UCTi9woRHA4r8e3oEWF8hxTA,aed,train
adKfZ5LzyoQ,,ase,unassigned
adYt80ycBcM,,jsl,unassigned
addAkdjnqTI,,ase,unassigned
adg7ZjFnmIs,,ase,unassigned
aeFtH1WzJqE,,pso,unassigned
aePZIk8I9_Y,,ase,unassigned
aeY3V7Fojho,,psp,unassigned
aeofcDPkih0,,ase,unassigned
af1xbDYTdmU,,ase,unassigned
af7uKdq0G5Q,,ase,unassigned
afKh4BHI2u4,,asq,unassigned
afT52NVFu2I,,svk,unassigned
afYtMeDxFTc,,ise,unassigned
afcdP3yaqL0,,ase,unassigned
afn3KX3x2TQ,,ase,unassigned
afnCyoVquMQ,,ase,unassigned
afxUANI4114,,ins,unassigned
agI9_i8Q8aI,,ase,unassigned
agSAhVT_R6c,,bfi,unassigned
agn7tykUFjE,,hsh,unassigned
agq1MNW_Rrg,,gsg,unassigned
agwKZ2UVC30,,bfi,unassigned
ah4QwfkiNuo,,ase,unassigned
ahAij0wVcwQ,,ise,unassigned
ahRPjOuiGik,,aed,unassigned
ahnnJrsUXbU,,ase,unassigned
aiPBneEjA4M,,ase,unassigned
aiaHWZ8Knus,,ase,unassigned
aiu-jYypOqk,,ase,unassigned
ajEST48otLI,UC75cYKm6WbSk-se1deWaD0g,hsh,train
ajGnbf2-aDo,,ase,unassigned
ajeWUfTQfxk,,bzs,unassigned
aji50GPUo6Q,,hsh,unassigned
ajw4_NKyezc,,hsh,unassigned
akQ6ckRrD0U,,bfi,unassigned
akZPxehQLUQ,,swl,unassigned
akivdZIVmfU,,ase,unassigned
akt--rYh0Sw,UCszvwqbz04iulT9divgrNHw,ise,train
alcV_oPpJDc,,hsh,unassigned
alh9zVh0JvI,,ins,unassigned
am0D4AdnsHg,,ins,unassigned
amGLfgkLQdw,,ase,unassigned
amNkJArV-pI,,ase,unassigned
amhYlBHhnpo,,ase,unassigned
amoTq48_njM,,ase,unassigned
an4f8cAOpt0,,ase,unassigned
anYkrutv9uE,,ase,unassigned
ao-__itnQXE,,ins,unassigned
aoAtM5YuZNE,,ase,unassigned
aoLQ0VchSec,,ase,unassigned
ap3HbLnBwZc,,ase,unassigned
apE7rtZ2R1o,,ils,unassigned
apLuS2VNLxA,,ase,unassigned
apUo21etprE,,nsl,unassigned
ap_Q5YzDsbk,,ase,unassigned
apap_zkiq28,,ase,unassigned
apk2tP_dpuY,,ase,unassigned
apn_KakcKEM,,asq,unassigned
aq5ZdyZVM1E,,ase,unassigned
aqHDbnZTamU,,ase,unassigned
aqJ-KZKw2bk,,hsh,unassigned
aqKV_Jx16i4,,hsh,unassigned
aqO6qUzlAHc,,asf,unassigned
aqYgKChUnOE,,ase,unassigned
aqu5xfKrxLE,,bfi,unassigned
arXd194boVE,,ase,unassigned
arkzBdyLoOM,,bfi,unassigned
arotenepRCE,,ase,unassigned
arvDiaeIGJc,,ase,unassigned
arzaTu2_wkU,,ase,unassigned
as_3sWH07Fw,,hsh,unassigned
as_oE3SZInA,,isr,unassigned
asdo9jt7FoI,,ase,unassigned
askWH0XTc9Q,,bzs,unassigned
asnkF_ZcE6k,,asf,unassigned
asrOlvIEl9E,,ase,unassigned
asyYF73Ml8Y,,bfi,unassigned
at0BQEArCFM,,ise,unassigned
at3SVKrqDFU,,ase,unassigned
atmhXS5jUmM,,ase,unassigned
atyyjWDlod4,,ase,unassigned
au-kHPhV0v0,,ssp,unassigned
auBAGcp86T8,,ins,unassigned
auF75lw69Tc,,ase,unassigned
auNEWvuWPuA,,ase,unassigned
auQK0xCUZ04,,ase,unassigned
audBPll7Umc,,hsh,unassigned
aumjgGrURiw,,ise,unassigned
avZHcABL0GU,,ase,unassigned
avoplfeiU5U,,jsl,unassigned
awB8JBCP-4I,,ins,unassigned
awKmnRBrYdQ,,ase,unassigned
awS4j_VQcZE,UCEPuAkI8Fx_dqb2RMoy00CA,asf,validation
aweobX-nMNk,UCWif2ls3MB_CDmg4z17y6tA,ils,train
awsnptDa9us,,ase,unassigned
axBcQo661Y4,,jsl,unassigned
axBrFHLsSPQ,,isr,unassigned
axQwk-Xmg6c,,sgg,unassigned
axSmFd5yfoU,,icl,unassigned
axpRYuY8DN8,,ase,unassigned
aygVGAkk--8,,ase,unassigned
aynlfl2-8VA,,bzs,unassigned
ayvZP-1HDVE,,ase,unassigned
azDHsAKzRfY,,ase,unassigned
azNvPau1yoY,,ase,unassigned
azkFf3ajOBQ,,bzs,unassigned
azmmVBZOebA,,aed,unassigned
azvw8NiuXuw,,ase,unassigned
b-22s1r3yZo,,ase,unassigned
b-649L6lJ9Q,,ase,unassigned
b-sXPTrL6RM,,ase,unassigned
b-ux1lVm8Mw,,ssp,unassigned
b-wFAErtxB4,,ise,unassigned
b01Ykkdq4pk,,ins,unassigned
b0M3TgRrNLo,,hsh,unassigned
b0fex0IgFe8,,ase,unassigned
b19PuY-aPzU,,kvk,unassigned
b1Po3G51NPs,,pso,unassigned
b1YnGPysdmM,,aed,unassigned
b2BNmAKc2Pk,,jsl,unassigned
b2DsFLsK2rI,,bzs,unassigned
b2Ow5F1kajM,,jsl,unassigned
b2WCyIcJHx8,,ase,unassigned
b2X0wZG0DgE,,pso,unassigned
b2hxqWofY5c,,hsh,unassigned
b2tEmybUHDk,,asf,unassigned
b3UsBXrrElk,,lls,unassigned
b3vCP1uHwxo,,bfi,unassigned
b4FrPUVPa4U,,gsg,unassigned
b4OxlMWCkt8,,ase,unassigned
b4TYE4ASR2M,,ise,unassigned
b4e-GyRhZVc,,ase,unassigned
b56x_imBa1A,,ase,unassigned
b57oTDMWbOc,UCOuE0zw9VItn-Bv71BNeBVQ,fsl,train
b5GukTOrRFw,,jsl,unassigned
b5NZzSFe19E,,ase,unassigned
b5XQFDUlGEU,,swl,unassigned
b5aOl35dbG8,,ase,unassigned
b5pymZp7gQQ,,fsl,unassigned
b6CyhDstOqk,,ase,unassigned
b6W4LvdQcoc,,svk,unassigned
b6nWdQhc-Hw,,ase,unassigned
b7HzDVyBnPE,,ssp,unassigned
b7cMVlUzy5I,,bzs,unassigned
b7erAogb5yc,,ase,unassigned
b7qhJ1uZEdc,,ssp,unassigned
b8G07H17MUI,,ase,unassigned
b8I1ayysoxA,,ase,unassigned
b8LRGYQmND8,,bzs,unassigned
b8YLoz13CPQ,,fsl,unassigned
b8kOsNoO1GI,UCe2lcoNfWAp4bc0JySWnkmw,ssp,train
b9Br06FOaDs,,???,unassigned
b9PP1YhQ4lo,,csc,unassigned
b9PpFOvoEes,UCT1PyPVtcHhWJUh5lpCQ0dA,ase,train
b9Ueh7lwkrA,,ins,unassigned
b9Wzb5aOsw0,,svk,unassigned
b9bk1U8HsFg,,bfi,unassigned
b9d0lvBFuwA,,ase,unassigned
b9gg_7iP5aw,,isr,unassigned
b9onZ7OWsxg,,asq,unassigned
b9sdjyUSmB8,,ise,unassigned
bA-QptR8dbM,,ase,unassigned
bA6YJcF9T0Q,,ase,unassigned
bAMnZLC_Zio,,ins,unassigned
bAQ8bzJiibk,,ins,unassigned
bAfhkgubZQI,,ase,unassigned
bAptpD7Vl84,,ase,unassigned
bAtk0vSdD7w,,ins,unassigned
bB5QZXdGgzI,,ase,unassigned
bBivuUgAvLo,,ise,unassigned
bBspOCawTck,,hks,unassigned
bC0btn2P0Sw,,ase,unassigned
bC5YUrEEing,,ssr,unassigned
bCAOsGoC8SU,,bfi,unassigned
bCXvEN2Q_2k,,swl,unassigned
bCbJ82IN6n4,,ssp,unassigned
bCn8OXfmA9w,,asf,unassigned
bD7dfkxYKKc,,icl,unassigned
bDoMOeZ45uM,,ase,unassigned
bEH0piI_oQ8,,isr,unassigned
bEWx6ZOWLgs,,ase,unassigned
bEotU9eNr3I,,tsm,unassigned
bF1bKa2VVDc,,pso,unassigned
bFD4oQmQsy4,,fsl,unassigned
bFEon2taHvk,,ase,unassigned
bFFD6aOhgAM,,ils,unassigned
bFRQc1jkvVc,,ase,unassigned
bFdot4i2xpU,,ils,unassigned
bFjSjk8TJGU,,hsh,unassigned
bFoz28o6P4I,,hsh,unassigned
bGPqr2y_Bdw,,fsl,unassigned
bGU7ORZC6iI,,asf,unassigned
bGXSwVUN-as,,jos,unassigned
bHYqwiZ2DiQ,,ase,unassigned
bHd1ptp248A,,bfi,unassigned
bHrfAFwMIys,,ase,unassigned
bI3XkPwoxus,,ase,unassigned
bI5hZIN7Low,,asf,unassigned
bID5jo0JTcI,,ase,unassigned
bIcWTb1yhwM,,pso,unassigned
bIsBpBC7gAY,,hsh,unassigned
bJ3J7WFcSbg,,hsh,unassigned
bJ6OxufJZ-I,,hsh,unassigned
bJ74hOS_BNI,,swl,unassigned
bJIC0uMaWL0,,asf,unassigned
bKIQJJX_qiA,,hsh,unassigned
bKLcIMCTgkg,,ase,unassigned
bKTcufCpgpA,,ase,unassigned
bKWySOqByfA,,bfi,unassigned
bLu9LB4vVGU,,pso,unassigned
bLvDErY5YpA,,???,unassigned
bM8_jyNkipw,,ssp,unassigned
bMGzyoSVS08,,asf,unassigned
bMHpowv2Apk,,hsh,unassigned
bMgY0oWGGvc,,ase,unassigned
bMhi64NyWOo,,jsl,unassigned
bMl4AZ-Zsl4,,icl,unassigned
bMykJ3EUGTs,,ase,unassigned
bN2zn1ZglDE,,ase,unassigned
bN4S33jeVY0,,ins,unassigned
bN5S2_kUFbw,,bzs,unassigned
bNZJs8hy4Bs,,ase,unassigned
bO6P4mxad4w,,ase,unassigned
bO77_eKoDcs,,pso,unassigned
bOiGedX7-Ok,,mfs,unassigned
bOtpMHvtNSc,,ase,unassigned
bPRfzblDqaE,,ase,unassigned
bPV8qjB9KqU,,kvk,unassigned
bPaj-kSitac,,ase,unassigned
bQGHBGtMClQ,,ils,unassigned
bQif1XtBpEU,,ils,unassigned
bQkNA13Cmj8,,ase,unassigned
bRDxBoFYcU4,,ase,unassigned
bRZjTApMXMc,,tsm,unassigned
bS60TM_jkfM,,ase,unassigned
bSD8IaJII-E,,jsl,unassigned
bSJ_yfVZ1Wc,,ase,unassigned
bSRFmqAqUhE,,ase,unassigned
bSpAKxcrGmg,,ise,unassigned
bStw3Dta70s,,bfi,unassigned
bT2188zPKaM,,ase,unassigned
bT3rngOresE,UCWif2ls3MB_CDmg4z17y6tA,ils,train
bTG-a22WGdY,,ssp,unassigned
bTI8SUrosdk,,ase,unassigned
bTQk46lKdXI,,jsl,unassigned
bTbFGn15c-8,,hsh,unassigned
bTdDSkhXjXk,,fsl,unassigned
bTw28FFOW14,,asf,unassigned
bUvrXxplO_I,,kvk,unassigned
bVChyfMvOl0,,hsh,unassigned
bVKemnOm8LQ,,ssp,unassigned
bW8Myc7aveQ,,asq,unassigned
bWoPX_iZ5X0,,ase,unassigned
bX-rU4V4ayk,,hsh,unassigned
bX9K299MdLA,,ase,unassigned
bXnsxObF4d8,,fsl,unassigned
bYrFtSyzQG8,,hsh,unassigned
bZ9zMqfMekc,,ils,unassigned
bZRdnB3Oc2Y,,ise,unassigned
bZWg7-Ng2Sc,,ssp,unassigned
bZsC1UP5uWw,,ase,unassigned
b_39Ao9YAcs,,ils,unassigned
b_d1TLQYXvs,,ase,unassigned
baPANmF0wGY,,gsg,unassigned
barloiONY2o,,ase,unassigned
bb1-ktZP5c4,,ase,unassigned
bb63_qR1Dj4,,hsh,unassigned
bbEckJAgDms,,ase,unassigned
bcDtnY6WiM0,,ase,unassigned
bcRc7VYDGPw,,ise,unassigned
bcSJPXs0S2c,,ase,unassigned
bcWrQ9Fpp6E,,bzs,unassigned
bclHyTtWiY0,,ase,unassigned
bdOm6zeCeQk,,pso,unassigned
bdQIn2xWSWQ,,hsh,unassigned
bdiGvkpkseo,,fsl,unassigned
bdtELciOQtU,,ins,unassigned
beBHii4ECK4,,ase,unassigned
beFcxMIa1bc,,bzs,unassigned
beKoSca8ERM,,asf,unassigned
bePaheAJqSo,,ase,unassigned
be_i-u-NGSs,,ase,unassigned
bevaE9qRQdg,,ils,unassigned
bevmxyIsCNU,,ase,unassigned
bfJI7X6M7hA,,fsl,unassigned
bfUUH-fbVrA,,bzs,unassigned
bf_ePfigFuY,,fsl,unassigned
bfrnqa2Mlwc,,ase,unassigned
bgQmu9COWcM,,ase,unassigned
bg_vEE9s4kA,,ins,unassigned
bgiwYGYZ-3g,,ase,unassigned
bgwKF_Xq2q0,UChTbPO97Nt0OTDvqSBjhrVQ,isr,train
bh9x4Z-5VyI,,ase,unassigned
bh_syEe6SVI,,ase,unassigned
bhgQu7de-II,,ase,unassigned
biClhstvnw8,,ase,unassigned
biWYhPxpyKM,,ise,unassigned
biYygCEX_lk,,ils,unassigned
bj4t4Lp149E,,ase,unassigned
bjB_J9JrUhI,,ase,unassigned
bjOSJbebb4g,,hsh,unassigned
bjUzB1mVZBI,,asf,unassigned
bkrQ-7qoJr4,,ase,unassigned
bksyNjWYLvM,,ils,unassigned
bkyTMPWvdEQ,,ase,unassigned
blpcmTcck98,,lls,unassigned
blwxfpEqMxY,,ins,unassigned
blzKTpXWRQU,,ase,unassigned
bmGRmKO7uoE,,ase,unassigned
bmNySDNVG4s,,hsh,unassigned
bmn6IqMlksE,,ase,unassigned
bmrxV5tz39U,,ase,unassigned
bmwR9f7vcBg,,ase,unassigned
bnHFjwhoM6A,,ase,unassigned
boE0gh9e0iY,,bfi,unassigned
bpGvblzHMCI,,ase,unassigned
bpkFrbslLbU,,ase,unassigned
bpoIdmJOijk,,pso,unassigned
bqUEDx0UwbI,,isr,unassigned
brPI3iLu_4I,UCgRotAsrBoYPBdJdq0Hj2MQ,asq,validation
brTtP7DW7nw,,ase,unassigned
brrxJhl6pj0,,asq,unassigned
brzlLADzHW0,,ase,unassigned
bs-oIwEMJ_Q,,ase,unassigned
bsmrgsB67vI,,ase,unassigned
btbRjAyYl_E,,rsl,unassigned
btdsqzML984,,lls,unassigned
btdylus0Aso,,asf,unassigned
btm2XbqMG5o,,hsh,unassigned
btqNdAa7IX0,,icl,unassigned
btqtAt7-Ufc,,ase,unassigned
btztnnbz3Fk,,ase,unassigned
buSmDdpJNAo,,ase,unassigned
bv-OG0WNwP0,,ase,unassigned
bvs_5QSV2C0,,swl,unassigned
bw3SDIHQsAY,,ase,unassigned
bw7cWfIkp3Q,,asf,unassigned
bwCAueTvGeg,,swl,unassigned
bwEmV_OyH3w,,ase,unassigned
bwLJLiaZXk0,,ase,unassigned
bx3IlxC1MOc,,hsh,unassigned
bx9mm-K2u9g,,fsl,unassigned
bxI8aGUj9fk,,ssp,unassigned
bxJAa4Uy75Y,,ase,unassigned
bxuXGwGRj5Y,,ase,unassigned
byTHwnskqZw,,pso,unassigned
byhT64G_4q8,,kvk,unassigned
bzCDv10AdMk,,jsl,unassigned
bzKNGZtePNM,,hsh,unassigned
bzUcf-lGklE,,gsg,unassigned
c-5ouzDVeKY,,lls,unassigned
c-G-9dKVcRw,,ase,unassigned
c-i_sJcXz0Y,,jsl,unassigned
c-qn7spR-Ao,,bzs,unassigned
c0DNBcmTyr8,,???,unassigned
c0Zkqbj1evo,,bzs,unassigned
c17FXlLyOCk,,ise,unassigned
c18VN4XEd1c,,bfi,unassigned
c1BF9YhjLgY,,bzs,unassigned
c1yFmWTRpaU,,ise,unassigned
c2AkuumvoCI,,ase,unassigned
c2GSltZzp2U,,bzs,unassigned
c2xlyCv41ZA,,ase,unassigned
c354Y-rcG-g,,jsl,unassigned
c3A0gPpxyvs,,hsh,unassigned
c48e1fcXh5Y,,ase,unassigned
c49qWjgFtRI,,ase,unassigned
c4TA__awTOA,,hsh,unassigned
c5SP-v54uXs,,hsh,unassigned
c5Vu7zmV61I,,ils,unassigned
c67m9_CqTAI,,ase,unassigned
c6FBYX95LuY,,ase,unassigned
c6vaBoXdZEo,,pso,unassigned
c7CFbNY4d-Q,,ase,unassigned
c7K1YgcELBo,,bfi,unassigned
c7KB8doItLw,,ssp,unassigned
c7TPJCAPxws,,hsh,unassigned
c7ZWc7gebDQ,,ase,unassigned
c7eEfzLB0_Y,,hsh,unassigned
c8-CfUVHwX8,,pso,unassigned
c82sRaO1YY4,,bzs,unassigned
c8RB3y6mSQQ,,swl,unassigned
c8RNDPEwoyg,,ase,unassigned
c90MYzb3wy0,,ase,unassigned
c9Vww2IinG0,,hsh,unassigned
c9YrFD0fQkg,,fss,unassigned
c9tX2mOmXm0,,ssp,unassigned
cA-ZetmOCDg,,ase,unassigned
cAGK_wzQg-4,UCCkAfmCTGkgJi3QlB_6vkqw,jsl,train
cApOgx_BjZY,,bfi,unassigned
cB7oA1mgmyE,,tsm,unassigned
cB99QTt3lTU,,bzs,unassigned
cBGatcfoBo0,,csn,unassigned
cBYrp_svq2w,,bzs,unassigned
cB_sr0MZSZM,,bzs,unassigned
cC0P7i2Gs8Y,,ssr,unassigned
cC34NNDkYkY,,ase,unassigned
cCUMYRDddjw,,ils,unassigned
cCrJuudhhT4,,ase,unassigned
cD4RXKTsoqQ,,ins,unassigned
cEjFkEU9tHc,,ase,unassigned
cEom8YYFhRM,,ase,unassigned
cF6B1Ww3zyA,,ise,unassigned
cFJ3tpsA6UQ,,fse,unassigned
cFSoutlG8ik,,swl,unassigned
cF_TSTqIq-k,,ase,unassigned
cFej42ZiSTE,,asf,unassigned
cFjhxwDsu8E,,ise,unassigned
cFkeclo8nIU,,ise,unassigned
cGSyoyZ7Fhw,,ins,unassigned
cGjUCTt_0WY,,ins,unassigned
cHBDeeVqAfI,,ase,unassigned
cHV32lVuYkM,,hsh,unassigned
cHjNoCQtT50,,hsh,unassigned
cHyvZ9-DU6U,,tsm,unassigned
cIMiWOuEvAY,,asf,unassigned
cIe6ij9syDs,,ssp,unassigned
cIu5_SwVIrY,,ssp,unassigned
cIvDtPtMCPQ,,hsh,unassigned
cJS1U89a538,,asf,unassigned
cKMrroK4H-c,,hsh,unassigned
cKNpQ2Xj-RE,,bfi,unassigned
cKnqpDcoZfk,,ssp,unassigned
cKuf_gr4OTI,,ise,unassigned
cLQ76c6NhDc,,ase,unassigned
cMhIdcpR04k,,aed,unassigned
cNdBf5OrQaE,,ase,unassigned
cNmJhIV6d98,,ase,unassigned
cNo-pA8F-0U,,ase,unassigned
cNs7Gv0i0D0,,ase,unassigned
cNtU2UH-2Rk,,ase,unassigned
cO8WeDdHyaY,,bfi,unassigned
cOI3urnm-oc,,isr,unassigned
cOLbmvM8BX0,,ase,unassigned
cP70DNwESwA,,swl,unassigned
cPCxvX9An28,,ase,unassigned
cPNQjgWMoA4,UC5H_CO6QGwd9hilVnfujz_w,bfi,train
cPco9lZYyfU,,isr,unassigned
cPx9v4WZXa0,,ase,unassigned
cQHkMRTeTJU,,ssp,unassigned
cQRhIQuvNXY,,hsh,unassigned
cQYLagU_Vbg,,ase,unassigned
cR0LPftv_r0,,sgg,unassigned
cRTd5qkTNHA,,isr,unassigned
cRZ68VCIKgQ,,hsh,unassigned
cRa7-dUFhHM,,asf,unassigned
cRjwLmCbjI0,,ase,unassigned
cSC8KNuaEvs,,bfi,unassigned
cSZNBmF03rI,,ase,unassigned
cTnkEJZYhdg,,svk,unassigned
cUAKaycyyMk,,ils,unassigned
cUZ95aMLCis,,ins,unassigned
cV14-yZYd0w,,kvk,unassigned
cVC6DEzpUlE,,ase,unassigned
cVFObDOv8GQ,,ins,unassigned
cW3ZeoM5PsE,,ase,unassigned
cW7zJ2lFUbw,,ise,unassigned
cWHOIpmLHlw,UCO4-OFryV9ErVeUhpx0YCQw,ase,train
cWOP7dFMUd4,,hsh,unassigned
cWQSKUSL1Zk,,ase,unassigned
cWWj3S4yoJo,,ase,unassigned
cXD5CdJKVdA,,asq,unassigned
cXv2_abLHTA,,ssp,unassigned
cY2cw_TyFFo,,ase,unassigned
cY6rPA3K7Bw,,ase,unassigned
cYInKvBge5M,,???,unassigned
cYLJj-Dfnn8,,ase,unassigned
cYYlyGNJUzA,,fsl,unassigned
cYyqzcpuakE,UC75cYKm6WbSk-se1deWaD0g,hsh,train
cZZbL51EmSw,UC099mnC25-pLRxIhcqmS1GQ,fss,train
c_IJSfVXAE0,UCei9euUq-E7P99GtMUPbLKA,asf,train
c_bGxgDCEBo,UC5H_CO6QGwd9hilVnfujz_w,bfi,train
c_pBZRML9wI,UCQJVI4-q2aT-9pSEmwtrMoA,ase,validation
ca4QRwcn6Bg,UCaayieDFpDIZ1b_mspO_Rzg,ase,train
caUjJTkU93I,UCWif2ls3MB_CDmg4z17y6tA,ils,train
cawlMvRxhhU,UClxAZnsU6AK4pX3dcFdSDPQ,ise,test
cbYvMJMUWMw,UCUW9iqeKBSdegW5onoBnx_w,hsh,train
cbnNqOYG9eo,UCcmJuUulPHzBUuQbQUN7GzQ,bfi,train
cbscmFXha9c,UCAUljvSQLJG3lX_K8kfrbWw,tsq,train
cc1mMA3VW_0,UC75cYKm6WbSk-se1deWaD0g,hsh,train
ccWI-_7XF6k,UCWif2ls3MB_CDmg4z17y6tA,ils,train
ccWTc2GeArg,UCszvwqbz04iulT9divgrNHw,ise,train
cd7jW15Bg1s,UCEPuAkI8Fx_dqb2RMoy00CA,asf,validation
cdgK0gUa4qY,UC5H_CO6QGwd9hilVnfujz_w,bfi,train
cdyBLs3Kc8A,UCPgf3YPaDUX7JnBtsMFA_nw,ase,train
cea1fNN5J3s,UCs98soN6aBb6gnfbrLl-W0w,???,train
cegqGcdI7nA,UCfY_uBhH841gxpS0FhUqzvw,ase,train
cehTSyh_sSc,UCYnxGaBJ2NrdBhjqjW1mtFQ,kvk,train
ceyrBhWAi84,UCJ9p-qkgVaQgpcqIFjDzB7w,ase,test
cg0nBh0si0Q,UCYWJdRpk2jOOZaqvXGVjkxw,ase,train
cgShiPe-Ctc,UCA17q6v88p8FOlSDiWFkYyQ,bfi,train
cghjZe65YMY,UCkaVvxq4vAwZxRdMQJVBB-A,ase,train
cgnnqLAPngw,UC5H_CO6QGwd9hilVnfujz_w,bfi,train
chQyADtJrj8,UCKc4tr7djlPn1jc9IUlLw3w,asf,train
ciHAKpm7reQ,UClO2hO0t9tWsdgZmi_WQNkg,ssp,train
ciNY85pVGRY,UC75cYKm6WbSk-se1deWaD0g,hsh,train
ciQ5wDUjjVM,UCs98soN6aBb6gnfbrLl-W0w,???,train
cixtAGLchlI,UCXuTK8atuQJiJ-qLHbjgaag,bzs,train
cj3TfxvaYc0,UCAPKIo9ykV8iShMmG7c-BQA,swl,train
cjQyPQ5AVeM,UCWif2ls3MB_CDmg4z17y6tA,ils,train
cjcw7sZy88k,UC75cYKm6WbSk-se1deWaD0g,hsh,train
cjsC-9KC30E,UC7JuChYmxhljc49dE3JG6Zw,ise,validation
ckUhTV7fa5w,UC75cYKm6WbSk-se1deWaD0g,hsh,train
ckdsNJm6VDI,UCqtaBrGzW-WzWVdhrjCBQ4g,tsm,train
cks28NSNK1c,UCLULAdF1-hor45QMG5DsjXQ,ase,train
clZNYUQkqJU,UCbNsfc8NdsaJHp3tuAK1TCg,ase,train
cla7UkUjb-w,UC5Xzq4Gg6mSNymC4xIaZg1g,ase,train
clwTDMIo1eQ,UC8dHtefYYC4TmhRS_0qtKTA,bzs,train
cn2Lu4KhLdw,UC8xDnYLS3EaMycxe3ZSUb5g,gsg,train
cn9Pvh7eaWU,UCsZjGoOcZuj69opN4bpeXLA,ase,train
cnMixOsj0bA,UCe2lcoNfWAp4bc0JySWnkmw,ssp,train
coGgJgh_WM8,UCuyQHJ4y76-i0w9N33vT-kg,ase,validation
coSEl_R9nXQ,UC5bGL3ozWZL_PNZjmSwXnTA,pso,train
coSPEkNfXqQ,UCcmJuUulPHzBUuQbQUN7GzQ,bfi,train
comI_48MNv0,UChTbPO97Nt0OTDvqSBjhrVQ,isr,train
couHrd3jruk,UCrcYjoyYuUQhxwlX69cCn4Q,ase,train
cp5Gu58Yzb0,UCUW9iqeKBSdegW5onoBnx_w,hsh,train
cpEa_Od3TZM,UC_e59ocVWojyhIRfQ_HnQYQ,mfs,train
cpJx4ovMyUs,UCdKUnIqbQF8GMG-WzlQ6kFg,ase,train
cphvRMKUjw4,UCs98soN6aBb6gnfbrLl-W0w,???,train
cqETyZuBLPM,UCfrYaR1kmCHf8ddHb8O8niw,lls,train
cqHY-B_KvDA,UC75cYKm6WbSk-se1deWaD0g,hsh,train
cqJEYhOkg3w,UCV0oVFn9phFSRou7ydGGMGA,ase,train
cqi1WthEifI,UCj5bIzg7TtibxiIi6dDSxbA,ase,train
cqo1xxWyXUI,UC6OCXcxQ4yKoPfsUPWg99bg,ase,train
cqrxQoIIoE4,UCbdRgG-NhSwFlRV3MGVp_cQ,dse,train
cr2qt9CRmGM,UCDsoH108wJ2A0GWVbv-laWA,bzs,train
cr5yjitI2I4,UCK8HJOxWNmyiQbZKZsncX_w,bzs,train
creD7FiahQU,UC99w_Bzj8ikOz8Gpv0prbNg,ins,train
creWxz4IUE4,UCEPuAkI8Fx_dqb2RMoy00CA,asf,validation
crjyd8Wabd8,UC75cYKm6WbSk-se1deWaD0g,hsh,train
csdoJxTMjHA,UCYWJdRpk2jOOZaqvXGVjkxw,ase,train
ctVb8JGoQQc,UCs98soN6aBb6gnfbrLl-W0w,???,train
ctZTkeljyw8,UCBRYgj8lhwnr9FrETyJbYEA,ise,train
cuMasmUD7d4,UCWif2ls3MB_CDmg4z17y6tA,ils,train
cuRxJKw18tE,UC75cYKm6WbSk-se1deWaD0g,hsh,train
cunzvS3XRX4,UCaayieDFpDIZ1b_mspO_Rzg,ase,train
cuwNTADjOcs,UC_UrP9dLp5R3wYJhqqz2btg,jsl,train
cv7rZJR4qYg,UCViSWzBnyi8y32-RJWtfV4w,ase,test
cvu9aQWmMoY,UChTbPO97Nt0OTDvqSBjhrVQ,isr,train
cwMSojn_m4M,UC7fVfWv6FL7HeTFeSLz-muQ,ase,train
cxCilVDotbs,UCOmaLRDfWUbffkimbmY9cew,kvk,train
cx_UVvil7tg,UCLZGWvbf2690aJHnVYPvP7Q,ase,validation
cxhP819sgek,UCqd6eos5-i46NbDH1uLWdFQ,bfi,train
cy-OS30O2LI,UC75cYKm6WbSk-se1deWaD0g,hsh,train
cyD5itWDUZo,UCLZ-LkPh14mi5FAhz4XZovg,asf,train
cz1n3UjXROc,UC75cYKm6WbSk-se1deWaD0g,hsh,train
czKoubHrX3U,UC7PByT-DKjERtGRmxfyWvnw,ssp,train
czMlA83Kaf0,UCDivIPRtPf_EHSiRfkwkfZA,bfi,train
czOTV5IOHTs,UC4KyhBCXwO-aSXDN-QyeSmQ,ase,train
d-7NiOiC-3A,UC7rtwOJBv4c4PyIhSFvg3Hg,bzs,train
d-YMr6JDo0E,UCBBmf-XFBxF_mTZUwSjNlhQ,ase,validation
d0RJOY6s-O4,UC3D3um9BcGkQzquorcKWQLQ,ssp,test
d0veBp681UA,UCC4RZThTgaepMZZS1CAHxwA,ase,train
d1L-p9P7irg,UC8dHtefYYC4TmhRS_0qtKTA,bzs,train
d1drLy_RXO0,UCGQ1207d-sBzP6ak1k68qyA,ssp,train
d1jp5VpNarI,UCWVUF_aLbNrR_ObLwWZcU2Q,fsl,train
d1rqUXjjw4U,UC6RHO7ZoB3din14iiIle_Zw,ase,train
d1u2hIUFvFc,UC6ipV-gyyLuPZu4QIOm7Hag,gsg,train
d2-8WzWaOYw,UCWif2ls3MB_CDmg4z17y6tA,ils,train
d2ea51Z4nHk,UCs98soN6aBb6gnfbrLl-W0w,???,train
d2yKtnqFjwE,UCcmJuUulPHzBUuQbQUN7GzQ,bfi,train
d3h9gTYeaTY,UCcLRc_9b-3-maYyPM8p1rGg,aed,train
d3wn4WR0Xt4,UC5H_CO6QGwd9hilVnfujz_w,bfi,train
d4NMwmLAFTc,UCQJVI4-q2aT-9pSEmwtrMoA,ase,validation
d4Ux5TpQni0,UCufxp6ZwK8zEstJ4BISgG4A,ase,validation
d4X3OFCeKKY,UCpXR1-L2AhobxMJU90ysN_A,ase,train
d4fFr75bsHo,UCwcJIfRFwLcZF_teq6A86dA,ssp,test
d4orOgtTr7Y,UC75cYKm6WbSk-se1deWaD0g,hsh,train
d4uBC2_i9Vo,UCLgti7NuK0RuW9wty-fxPjQ,bzs,train
d5BmFBSN98E,UCDivIPRtPf_EHSiRfkwkfZA,bfi,train
d5T0yepXx4s,UCtFXZP7uAVr7BBZxvWRLTnw,ase,train
d60saGk3qSY,UCIgHUuQkvuwRu-ABIbL4dmg,ase,train
d72RERSa--Q,UC7rtwOJBv4c4PyIhSFvg3Hg,bzs,train
d7I5bQv7Oa8,UCFuu8KsC_I8RUWsRopecLOQ,bzs,validation
d7PENXZP-_E,UC7grq7w27wu0zllsk4kBiFA,ase,validation
d7akwvWNPrU,UCTi9woRHA4r8e3oEWF8hxTA,aed,train
d8-UGl_-43Y,UCWif2ls3MB_CDmg4z17y6tA,ils,train
d8hKHMjCqnc,UC75cYKm6WbSk-se1deWaD0g,hsh,train
d8jz80ZnHZI,UC5H_CO6QGwd9hilVnfujz_w,bfi,train
d8t6PTFEppI,UC_wh7CAHsakVopKtr8NnXsA,jsl,train
d961a7uTQWs,UCWif2ls3MB_CDmg4z17y6tA,ils,train
d9JMm-rAJDU,UCGisGwX9Mh6T6WrJsx-VjDg,pso,validation
d9R0_aKru7k,UCCkAfmCTGkgJi3QlB_6vkqw,jsl,train
d9mlwvJv6DA,UCCdgJ722Hvh6Olw5mAWUCPw,ase,train
dAknc8TN8zQ,UCtWSKOEuSUkcIjw_l8UjwlQ,ase,train
dAwSiW_14Ko,UCQJVI4-q2aT-9pSEmwtrMoA,ase,validation
dB8BN6pi-TY,UCYWJdRpk2jOOZaqvXGVjkxw,ase,train
dBQh8kzsNeo,UCSMZ4td6mZMJVxJ2ow7zY4A,ase,train
dBYsw-PTKWQ,UCFJLzd1pDjTJgPPHCpDfAwA,ssr,train
dCmPPDLp__0,UCs98soN6aBb6gnfbrLl-W0w,???,train
dDXl-PPLtiQ,UCWif2ls3MB_CDmg4z17y6tA,ils,train
dDwVbsvt-Ro,UCSMZ4td6mZMJVxJ2ow7zY4A,ase,train
dDzz1WlFpJs,UCLULAdF1-hor45QMG5DsjXQ,ase,train
dEXdTD1WWq0,UCzXNfOVXNYqjFPgMly-1AvQ,isg,train
dF-8sngLwcU,UCuyQHJ4y76-i0w9N33vT-kg,ase,validation
dFQ7KcEuDfM,UCWPkrOk-WKilNHCrpXa17JQ,ase,train
dFU9mV6LQ4o,UClyngyD31Bj6fPGCDyobHYA,ase,train
dFp9KZAAt08,UC75cYKm6WbSk-se1deWaD0g,hsh,train
dFzw5G_Z02c,UC4YIkyipvSWH51CYnKgvHbg,jsl,train
dGTdIpAQpdQ,UC75cYKm6WbSk-se1deWaD0g,hsh,train
dGmEXCTelus,UC75cYKm6WbSk-se1deWaD0g,hsh,train
dGtCbcoI4s4,UCK-n3cLst9SuYfxk7oNhrlw,ase,train
dHXDu40xEFk,UC75cYKm6WbSk-se1deWaD0g,hsh,train
dI5SMDuzfvA,UC-gc7H_gu_IYUAxO2cu6STA,ise,train
dI8BFizA080,UC75cYKm6WbSk-se1deWaD0g,hsh,train
dIIDHynCyA4,UCWif2ls3MB_CDmg4z17y6tA,ils,train
dIKwCkos2v4,UC5H_CO6QGwd9hilVnfujz_w,bfi,train
dIP73nhYh-o,UCWif2ls3MB_CDmg4z17y6tA,ils,train
dIWhfXrWoJg,UC75cYKm6WbSk-se1deWaD0g,hsh,train
dIvTCkHJlGQ,UCyIjlBUwgXeKO6MZ2Ospaxw,jsl,train
dJCRQVWNhis,UCWif2ls3MB_CDmg4z17y6tA,ils,train
dJFAB8tvDkg,UCzXNfOVXNYqjFPgMly-1AvQ,isg,train
dJrZ1u6YSlc,UCWif2ls3MB_CDmg4z17y6tA,ils,train
dJwu1G7G_sE,UCEPuAkI8Fx_dqb2RMoy00CA,asf,validation
dK8kPa4zfl8,UCocbsxARU5NCW7bQ7pBZu2A,ase,train
dKYvCF5GqjI,UCOuE0zw9VItn-Bv71BNeBVQ,fsl,train
dKZ9j349MXA,UCjVpsnDflFe9dOWZWlnxUrA,ase,train
dKceQZVxl1Y,UCiKW8Rn0EdwtYw1ofoeYSkw,ase,train
dL3chESLIrI,UC-WKalyZbYmtHAYCn-pDpYA,ase,test
dL5OwLpBlRE,UCaVlD3iSYMf35smXZswfteA,ase,train
dLvoW-SHPco,UC5H_CO6QGwd9hilVnfujz_w,bfi,train
dMP8_pfulP8,UCdCljvWhL8VCEw2GKiisUJQ,ase,train
dMRNqXHpzE8,UCoA5zh8RJ-o9KSn5J-Ef1Tw,ase,train
dMUm36blgzM,UC75cYKm6WbSk-se1deWaD0g,hsh,train
dMWUG5x4ypw,UCYWJdRpk2jOOZaqvXGVjkxw,ase,train
dNS53AksjOY,UC5H_CO6QGwd9hilVnfujz_w,bfi,train
dO8Mpb22ejw,UCLULAdF1-hor45QMG5DsjXQ,ase,train
dOhfHWpXgkE,UCWif2ls3MB_CDmg4z17y6tA,ils,train
dP7e8Xw-M-k,UCzyev_TJ-jgpqIBhsEn4QDg,ase,train
dP9VluTGU0o,UC-gc7H_gu_IYUAxO2cu6STA,ise,train
dP9eBxhzJCQ,UCsuBAbMlPGJ95w3mwhz-30g,ase,train
dPHGXHx5y28,UC3p9-cdApmRUOgQ4-M4P01w,ase,train
dPMLG3D_UC4,UCgvywbxAcsgJr_gfpqKLXXw,pso,train
dPYhZuGR_0g,UC8dHtefYYC4TmhRS_0qtKTA,bzs,train
dQ6LOt1Kh78,UCEPuAkI8Fx_dqb2RMoy00CA,asf,validation
dQ7sioYLfoE,UCAwUq47FcxxDL68rM4wf2ZQ,asf,train
dQn-8CnXQuY,UC8lWy_Ma0Fv8POIJE315h0g,ase,validation
dQx5JcD0VOM,UCufxp6ZwK8zEstJ4BISgG4A,ase,validation
dR9zQfSmmyQ,UC5H_CO6QGwd9hilVnfujz_w,bfi,train
dRaQ8dSNclU,UClxAZnsU6AK4pX3dcFdSDPQ,ise,test
dRiQOwKNqBw,UC99w_Bzj8ikOz8Gpv0prbNg,ins,train
dRmf8ExRYtY,UC5Xzq4Gg6mSNymC4xIaZg1g,ase,train
dS7Q1VVWOQs,UC1mrgxxrCtcAUBFR5Z9Kn6A,ase,train
dSK6e9c6nRE,UC75cYKm6WbSk-se1deWaD0g,hsh,train
dSKxreXN-2U,UClP0YRrEHpWn3_Uv2XYb5Zg,ase,train
dSht8g5noik,UCufxp6ZwK8zEstJ4BISgG4A,ase,validation
dT85-Q1FaeE,UCs98soN6aBb6gnfbrLl-W0w,???,train
dTHgqvbPUqM,UCTrxpmV3t_0Mh2LnAw6VCoQ,ase,train
dTLKqQndNZA,UC75cYKm6WbSk-se1deWaD0g,hsh,train
dTOvep98Whk,UCVzkkZhKQljs4hECptsW54g,nzs,train
dTYdL2AchB0,UCyIjlBUwgXeKO6MZ2Ospaxw,jsl,train
dTbpIVaF8JA,UC5H_CO6QGwd9hilVnfujz_w,bfi,train
dTnoWerJdD8,UCt6toBn-9Tx5NrLejcmKByQ,ase,train
dU5ydRQDVF8,UCZOG75UwSlaFOu-BmfSccUg,bfi,train
dUoEjSKGoEU,UChvy_BggeXJvHhY5gPUHncw,ase,train
dVM-WqQcuco,UCaVlD3iSYMf35smXZswfteA,ase,train
dVnu1v_07GU,UCCBWup10InaMbVxOwQUQPnA,ase,train
dWTa7WroKYo,UCPNeYbg5gz7AYRCgg8vjhDg,ase,validation
dX3VG1Vp8Qo,UC-8TBU8-W613NU2ysMh8DWQ,ase,train
dXE3fppisH4,UCJUlO7ApgdLJnPaGR1ms53Q,ase,test
dXIXt0DB8GQ,UCsmxiayt3kcD1rEbvO1xuig,ase,train
dXKhnQ7PEsw,UC5H_CO6QGwd9hilVnfujz_w,bfi,train
dXRGwiEINiQ,UCs98soN6aBb6gnfbrLl-W0w,???,train
dXpYLJjRcCg,UC5H_CO6QGwd9hilVnfujz_w,bfi,train
dYG80iObwss,UC5H_CO6QGwd9hilVnfujz_w,bfi,train
dYcuPXkfEpc,UCZHFLbxGYg8LTN1VrCAQQ6Q,fse,train
dYqmmVhiJcI,UCdLjcHegQE8Z2W5CDoi1tNQ,ase,train
dZqhPgxDn28,UCT_ibOnQ79FD6UX9nUwl1Fw,ise,train
d_JN0FPs1_8,UCtWSKOEuSUkcIjw_l8UjwlQ,ase,train
d_g2rCsgwbo,UCs98soN6aBb6gnfbrLl-W0w,???,train
d_gXmYwKFGI,UCoR6BxrxD9XSRx3UGK1XG1A,aed,train
daJKdQj-fIo,UCuyQHJ4y76-i0w9N33vT-kg,ase,validation
daU2xmasP-w,UCdKUnIqbQF8GMG-WzlQ6kFg,ase,train
dausoj7M2H0,UCwc0xtGUmoxvjYzaZNYCnEA,ase,train
dayKxlz2lfc,UCuyQHJ4y76-i0w9N33vT-kg,ase,validation
dcIa-SRWigE,UCScR0I-J7gGR2jRCjcrt9Og,isr,train
dcecDgRjk8k,UCvrsnjoJpCj7A0-Nu5JTA4A,fsl,train
ddfQYlfehe4,UCNMh0csop45XxYU0itusr1Q,jsl,train
ddgsInDg4uA,UCWif2ls3MB_CDmg4z17y6tA,ils,train
ddsGJtLlTr4,UC-gc7H_gu_IYUAxO2cu6STA,ise,train
de-NwityKX0,UCtjEjgYtRZWFL9pWa4yxtXg,jsl,train
deP_hBq9OZE,UCGkggeR449U_G_ULi-Y0G0A,hsh,train
deaA7CvCbgY,UCBN5gb2cOMfd202NyfY-rUw,ase,train
des4iepVGJo,UCUW9iqeKBSdegW5onoBnx_w,hsh,train
detZWDyfMQ8,UCDWuLgx0vTYBGr1G-diNgSw,jsl,train
dfn_EKVqvG8,UCGisGwX9Mh6T6WrJsx-VjDg,pso,validation
dfq3HrEV2yQ,UCsP5EujgCYoOw8ttKlwAM0Q,gss,train
dfqvIuco_0c,UCT_ibOnQ79FD6UX9nUwl1Fw,ise,train
dgcT77N7rWg,UC5Xzq4Gg6mSNymC4xIaZg1g,ase,train
dggN0d21Rto,UCGisGwX9Mh6T6WrJsx-VjDg,pso,validation
dgo7KQ_DanQ,UCSc7OmJAQaKwVJFfJkX6S2w,ase,train
dgtnHnqo2N0,UC75cYKm6WbSk-se1deWaD0g,hsh,train
dhA_1T_Bs2w,UCtFXZP7uAVr7BBZxvWRLTnw,ase,train
dhNeLNz09_g,UCyxmIWJ8ddzJ2Ct89DlTAIA,asf,train
dhSoIpX7uGU,UCcKetdJqFvXWMkM0WSMKH2w,icl,train
dhebVQoTpO4,UCYyRpJBseu43EojDdSUcSyA,ase,train
dhh_4qsBxUo,UC4SqFeQL9FsN2A-2cBbUS5g,bzs,train
dhnYUBE3O2E,UCufxp6ZwK8zEstJ4BISgG4A,ase,validation
di0zYi1K4rU,UC75cYKm6WbSk-se1deWaD0g,hsh,train
diPnS2W44EU,UCkXMtRXcP9UznL6n7CWIS3Q,ase,train
dieUvlQnaks,UCuseIvrm7VZrcUJipa5yw9g,ase,train
dimYSkbGmPw,UCqLGAeTQmlRVfLK6jAWvDxA,ins,train
djEfK6eEs44,UCuyQHJ4y76-i0w9N33vT-kg,ase,validation
djL2Ic6uXlc,UC2fTQSA7GccUUtG6RrJq9Hg,pks,train
dkQfPujHZ78,UC5H_CO6QGwd9hilVnfujz_w,bfi,train
dkjUkKVSj_8,UCO9zhhszyR4Av4WxwdBJs-Q,ase,train
dks4FlPeSk8,UCtCEoFMIllD5aOYneLrP4Vw,ase,validation
dktHcX0FNKA,UC3NIMuNvNsZLHPpOcOxrpdA,ase,train
dktKPPWAhgM,UCYWJdRpk2jOOZaqvXGVjkxw,ase,train
dl0Mq0SLLn0,UChTbPO97Nt0OTDvqSBjhrVQ,isr,train
dlAiE34CK6E,UCRwIJNhbnttAA2eJtUBmiAg,ase,train
dlGMum37UsE,UC5H_CO6QGwd9hilVnfujz_w,bfi,train
dlIOpL8F_0Q,UCIJJxiaSqZhUWMgKMmkfU_A,ase,train
dlJ9SXGJUdw,UCe2lcoNfWAp4bc0JySWnkmw,ssp,train
dlirHC4TBCk,UCtCEoFMIllD5aOYneLrP4Vw,ase,validation
dmUpoqUy1G8,UCgGdDZw3Dj8eBkuWOfXfhgg,fsl,test
dmx_6CERYlM,UCNNd2exV4cab-3j5-gwKs1g,ase,train
dnA_0pjl9sk,UCoR6BxrxD9XSRx3UGK1XG1A,aed,train
dnOeT1Vu0Ok,UC93t6PJiqPnAOAxZs2xXf9Q,fcs,train
dna13OJ3czg,UCm6EAhzgAZ9zKxGqGyesxZg,ase,train
dni4jdEJVo0,UCe2lcoNfWAp4bc0JySWnkmw,ssp,train
doCNvc0-KNA,UCHckc4mrMU9b7L4hxQeN5HQ,ssp,test
doOZRSF3w_w,UCDivIPRtPf_EHSiRfkwkfZA,bfi,train
doPPx4a-1i8,UC7JuChYmxhljc49dE3JG6Zw,ise,validation
dolWAtQMx3A,UCaY5JjIf6cKZrynK9Oc3SYQ,asq,train
doy3iShwNs0,UCs8AWPi7n8XqB67r9P4fIlg,ase,validation
dpDSpq_VSck,UCfcUb7cN2ss_hmp5A1PBL-Q,ase,train
dpLqYXSiVLE,UCScR0I-J7gGR2jRCjcrt9Og,isr,train
dpUgePTUKH4,UCPNeYbg5gz7AYRCgg8vjhDg,ase,validation
dpubercmdWo,UCWif2ls3MB_CDmg4z17y6tA,ils,train
dqLagbidFRU,UCRwPaAUrbOL4X7WgxZzIOpw,ase,test
dqNaO8It_a8,UCaHpmqlbEtpKQSwyUnE9PkA,jsl,train
dqaue9qRoa0,UCNn5ZkN0fLta0Ij79aQ54yA,ase,train
drWBpUik93U,UC1f5xYbrZxLkklmGkow7AgA,asq,train
drlX5fvuaT4,UC7PByT-DKjERtGRmxfyWvnw,ssp,train
drsBugdD6_I,UCDAOYycn4dnAFICIdeYJWwA,bfi,test
ds2-wVcTsAE,UC6B7xckEcjJQZjrEZW2e7Uw,bfi,train
dt-97_xMXd4,UC75cYKm6WbSk-se1deWaD0g,hsh,train
dtDwF0g7ddE,UCHckc4mrMU9b7L4hxQeN5HQ,ssp,test
dtYccJRBfq0,UCqLGAeTQmlRVfLK6jAWvDxA,ins,train
du4LqOMqUuQ,UCFuu8KsC_I8RUWsRopecLOQ,bzs,validation
duOuVfWkajY,UCcmJuUulPHzBUuQbQUN7GzQ,bfi,train
duvhQiIL8A8,UCPLzfQIw5XN4ah9d8TGV2Eg,ase,train
dvTeh2o8BjQ,UCyl2koki10uOzPU3chYrHuQ,ase,train
dvYi5p-Tn0Y,UCGkq72-SPOz-qhbHVttJnEA,ase,test
dvn3TQxiQbo,UCe2lcoNfWAp4bc0JySWnkmw,ssp,train
dwaZK1ROupc,UCK-n3cLst9SuYfxk7oNhrlw,ase,train
dx0k9iH1IDg,UCLrN3LrNjn6WP8kLbIyHDjQ,ssp,validation
dxGslu1nwc8,UC5H_CO6QGwd9hilVnfujz_w,bfi,train
dyOlFefxQvE,UCGkggeR449U_G_ULi-Y0G0A,hsh,train
dyVYDYAVUAM,UCerDHf2xYKxdW7RooK7KVEA,csg,train
dyaeVNlFrxs,UCtxz8jPkqtzLnKBtsvxrQMQ,ase,train
dyhrzv6g04U,UC75cYKm6WbSk-se1deWaD0g,hsh,train
dzhDVrpY9yo,UC8uCXPYvQqfhnic2GdpRkJg,ase,train
dzkHc_IQJ4M,UC75cYKm6WbSk-se1deWaD0g,hsh,train
dzl8lI0KcH8,UCj4oYRilHPMx97CErna9pXw,ise,train
dzoliugFSHw,UCFJLzd1pDjTJgPPHCpDfAwA,ssr,train
dzuaplVbmWM,UChhH5dTjtTV3PK2yEbbtMkw,cse,train
dzyxOQlrn28,UC3OiN9jnCART5qjoOTr7bgA,ase,train
e-54-_tWuqU,UCQJVI4-q2aT-9pSEmwtrMoA,ase,validation
e-OqtmEv-8Y,UCQJVI4-q2aT-9pSEmwtrMoA,ase,validation
e-P6CkeLAAg,UCIoIp3VmpGrjdJYkxMivegw,ase,train
e-PT03rkc0I,UC6OCXcxQ4yKoPfsUPWg99bg,ase,train
e-QW2VtVjKM,UCBRYgj8lhwnr9FrETyJbYEA,ise,train
e-jul2HcUxQ,UCChKgcgVNfCT2wO1AJwNkGA,jsl,train
e06O9jRCTq4,UCW2WVNg8PCTP17-3S4wAQoQ,asf,train
e0NMKoPWbds,UC-gc7H_gu_IYUAxO2cu6STA,ise,train
e0bvAiYV43c,UCgPgI0FiLs8v18146Suwo-w,csn,train
e0bxKJXsUyw,UCuyQHJ4y76-i0w9N33vT-kg,ase,validation
e0yrzxt22ik,UCqtaBrGzW-WzWVdhrjCBQ4g,tsm,train
e2RvUwATIgQ,UCs98soN6aBb6gnfbrLl-W0w,???,train
e2speKK5VR8,UC75cYKm6WbSk-se1deWaD0g,hsh,train
e3EeeWudiD8,UCjXkxrzoNjqu0Xn3U6UEOiQ,ase,train
e3XTUCFN_Ws,UCl2a3tOGa4nRac62qo5P-WQ,ase,train
e3lZKAYEKKc,UCI4A_xft-8uziHWd1-Q0NWA,ase,train
e3lmXUjaAP8,UCNMh0csop45XxYU0itusr1Q,jsl,train
e3rrkRQIc9w,UCufxp6ZwK8zEstJ4BISgG4A,ase,validation
e3wWhZEhB5w,UCuyQHJ4y76-i0w9N33vT-kg,ase,validation
e4-cApaFR-k,UCheJ6LLZBG2v34_yoCxoCuQ,asf,train
e4IxGgsvFvo,UCMZD9P87-3WVUl2-nPOQagg,bzs,test
e4Rby5vnSig,UC4VHfRJHnbcGVLcr9vQIihQ,bfi,train
e4WoRFnUPJU,UCvoOiiaQP-XJ8Kv6JY5da0A,ase,validation
e4_X8CMuPyQ,UCJzu69TgtBwVc03QEP9gL6A,rsl,train
e5B9JLt1kiw,UC7JuChYmxhljc49dE3JG6Zw,ise,validation
e6-2b_zSiTI,UCYyRpJBseu43EojDdSUcSyA,ase,train
e63aNw_SsGA,UCQJVI4-q2aT-9pSEmwtrMoA,ase,validation
e6DMyud2e84,UCHckc4mrMU9b7L4hxQeN5HQ,ssp,test
e6EgbOVdtLQ,UCWif2ls3MB_CDmg4z17y6tA,ils,train
e77hERTjQw8,UC75cYKm6WbSk-se1deWaD0g,hsh,train
e7SC2Z7ONlI,UCtCEoFMIllD5aOYneLrP4Vw,ase,validation
e8MWmzPxm-A,UChTbPO97Nt0OTDvqSBjhrVQ,isr,train
e8g8YLpt8YY,UCHckc4mrMU9b7L4hxQeN5HQ,ssp,test
e9o20Wskpvw,UCuyQHJ4y76-i0w9N33vT-kg,ase,validation
e9o7iezK0pI,UCMNAB9fGlvNGrqE2nL5NZng,ase,test
e9w3KB2vPx4,UC5Xzq4Gg6mSNymC4xIaZg1g,ase,train
eA3-SqUEhwk,UC4SqFeQL9FsN2A-2cBbUS5g,bzs,train
eAO_-tasjPM,UCBRYgj8lhwnr9FrETyJbYEA,ise,train
eAQi5kIOf1o,UCszvwqbz04iulT9divgrNHw,ise,train
eAq-LhKvUBY,UCizGctLgAahGlOvtSAKdq3g,jsl,train
eB4pR4fQhwE,UCWif2ls3MB_CDmg4z17y6tA,ils,train
eBCrTWhV0uM,UC4VHfRJHnbcGVLcr9vQIihQ,bfi,train
eCNl_wMz8IA,UCQ_jW1xLUF7Sg711yXVvQPQ,ise,train
eCn1Tfw_ENY,UCjCBX_ZL4T0nCyq3AgFVsDg,asf,train
eD4BID_OIWw,UCbdRgG-NhSwFlRV3MGVp_cQ,dse,train
eDedUWW2jL8,UCMZD9P87-3WVUl2-nPOQagg,bzs,test
eDrDxVPDXTw,UC5RrTOs35gE_w5625uGLSdA,kvk,train
eDtpIue1Mso,UCoR6BxrxD9XSRx3UGK1XG1A,aed,train
eDwttkRD4WA,UCe2lcoNfWAp4bc0JySWnkmw,ssp,train
eECIMjRNEzg,UCyAPbimBAxWyMA0t96UTbbg,svk,train
eEZgWNazG3s,UCNMh0csop45XxYU0itusr1Q,jsl,train
eEaNsySRac4,UC99w_Bzj8ikOz8Gpv0prbNg,ins,train
eEcElZFVkJw,UCNMh0csop45XxYU0itusr1Q,jsl,train
eFaQ5VIn8Bo,UCAPKIo9ykV8iShMmG7c-BQA,swl,train
eFlGiJq-hgo,UCjc4_ncACVusJ6tZmtVJQjw,ase,train
eFpz0EMbvvw,UC7JuChYmxhljc49dE3JG6Zw,ise,validation
eG-xIsxtuC8,UCWif2ls3MB_CDmg4z17y6tA,ils,train
eGGP6ns70UQ,UCufxp6ZwK8zEstJ4BISgG4A,ase,validation
eGGtq3MwG7Q,UCtWSKOEuSUkcIjw_l8UjwlQ,ase,train
eGMWzYccgDY,UCFfgJbY2jt4Notzk5M3baOA,asf,test
eH3rw9O_M9I,UCyAPbimBAxWyMA0t96UTbbg,svk,train
eIp5eJdMgEI,UCHckc4mrMU9b7L4hxQeN5HQ,ssp,test
eIp76Ch4ctI,UCNl2EJb4iGACxmyG5kp7M7Q,fsl,train
eIpPQ3QijhM,UCdILYS1wid5KQ3ZsYpqV5pA,ase,train
eJ11L4HKwzw,UCNSimliLCmvTe_RNcFdRVFw,ase,train
eJ1KsTmrHSI,UCFJLzd1pDjTJgPPHCpDfAwA,ssr,train
eJAOLGlunM4,UCszvwqbz04iulT9divgrNHw,ise,train
eJXB-zrdJwM,UC7JuChYmxhljc49dE3JG6Zw,ise,validation
eK6xyyAACEg,UCzrwqm1OnzSG-IQCzWY3j-g,ase,train
eKdSkwvgJCw,UCWif2ls3MB_CDmg4z17y6tA,ils,train
eKhmm6Z-ZpU,UCsuBAbMlPGJ95w3mwhz-30g,ase,train
eLFWMAB0Kiw,UC5H_CO6QGwd9hilVnfujz_w,bfi,train
eLb0MKjCTKk,UCJapA5zmXcnUOcTrErgwiRg,ase,train
eLoTGscYCdA,UCl2RAa1jlJz6vWipyebeO-w,ase,validation
eLseN1b4oEc,UC75cYKm6WbSk-se1deWaD0g,hsh,train
eM-GsHgPYRg,UCWif2ls3MB_CDmg4z17y6tA,ils,train
eML5-KySg88,UCs98soN6aBb6gnfbrLl-W0w,???,train
eMjJvKiAm54,UC5Xzq4Gg6mSNymC4xIaZg1g,ase,train
eNEGtLtHksQ,UCtCEoFMIllD5aOYneLrP4Vw,ase,validation
eO3HvGjhZuA,UC8dHtefYYC4TmhRS_0qtKTA,bzs,train
eOP6Zg6kLg4,UCFcpIA0onxgAkdsh3K0gpeQ,ssp,train
eORR-_0Souk,UC75cYKm6WbSk-se1deWaD0g,hsh,train
eOeV5od6vQw,UCqd6eos5-i46NbDH1uLWdFQ,bfi,train
eOxc4_Ou548,UCWif2ls3MB_CDmg4z17y6tA,ils,train
eP3Lh7p225k,UC1bPROYvka19VUklfmKYMBg,ase,train
ePDBbYuOIb8,UCx8jxChJznkRPJCE79qldOg,pso,train
ePLzE2yP9Hc,UC5peRRRRnXIMZvqFJiIwjNg,ase,train
ePX9RXHYBw8,UCZOG75UwSlaFOu-BmfSccUg,bfi,train
eQIpTw0cx8k,UC1f5xYbrZxLkklmGkow7AgA,asq,train
eQWb3YMg3xY,UC0VDMIeUGe2u6dUoPJIPBSA,ase,train
eQiPGQKc8GE,UCMfjVHF5e9FHoXaJzFFcydA,asq,train
eQq7SwY5Qgo,UC4VHfRJHnbcGVLcr9vQIihQ,bfi,train
eRFrb5yhc0A,UCOUbowIiPV_HdyR0xcUlFQQ,gsg,test
eRpRx1nK-LE,UC-gc7H_gu_IYUAxO2cu6STA,ise,train
eRqQ85ItNRU,UCqLGAeTQmlRVfLK6jAWvDxA,ins,train
eRqeIyHSH-8,UCXrCTUxNtYbj1p4WWziZm9A,ase,train
eRzbEBgGLB8,UCmzoIHeCQkAa7dWEeGsTRbQ,ase,train
eSK-QV9OIy4,UCcmJuUulPHzBUuQbQUN7GzQ,bfi,train
eSKkLdfDG2Q,UCaHpmqlbEtpKQSwyUnE9PkA,jsl,train
eT-7mT8AI1M,UCLgti7NuK0RuW9wty-fxPjQ,bzs,train
eTNLGLPk8GE,UCuyQHJ4y76-i0w9N33vT-kg,ase,validation
eTSgM-rQ3W0,UC5H_CO6QGwd9hilVnfujz_w,bfi,train
eU3pKpf34Bg,UChY4vrAMEXvYXcuXg50sc1Q,asf,train
eUQg2MKqHYg,UC52H_xHKrwnQRPb25kQtFCQ,ase,train
eV1Uw4r8ls0,UC7fVfWv6FL7HeTFeSLz-muQ,ase,train
eWeUAJBuw3s,UCWif2ls3MB_CDmg4z17y6tA,ils,train
eWfL8W5jvKc,UC99w_Bzj8ikOz8Gpv0prbNg,ins,train
eWrSpseju54,UC7fVfWv6FL7HeTFeSLz-muQ,ase,train
eXV18VWI2-k,UC7fVfWv6FL7HeTFeSLz-muQ,ase,train
eXWZAMUjsNs,UCLULAdF1-hor45QMG5DsjXQ,ase,train
eZ9BvDQoReM,UCe2lcoNfWAp4bc0JySWnkmw,ssp,train
eZC_EpIFMpY,UCrdYVJMiz9i3wCY1oueNQbw,aed,train
eZF2cNvfb7Q,UClv1kekXgC4s8Is-f1OBqQg,ase,train
eZibDIOJu7k,,ase,unassigned
eZuBb5BZ_sw,UCXAivKbEyzTb5tqwEu2ZDcw,ase,train
e_J2juTcCSc,UCWif2ls3MB_CDmg4z17y6tA,ils,train
eaNUKzchSqQ,UC99w_Bzj8ikOz8Gpv0prbNg,ins,train
eaiLTuMrZis,UC99w_Bzj8ikOz8Gpv0prbNg,ins,train
ealqdTVBO1I,UCNMh0csop45XxYU0itusr1Q,jsl,train
eb9IKwZi124,UCMtWDoqjBOSDBq5wevN1UyQ,ase,train
ebUzedAXCio,UCWif2ls3MB_CDmg4z17y6tA,ils,train
ebmMWgdHy1s,UCYWJdRpk2jOOZaqvXGVjkxw,ase,train
ecgLt6ijzCI,UC8sr18wakKXMmzWOfPRymAA,ase,validation
ecmc50oeFIs,UClO2hO0t9tWsdgZmi_WQNkg,ise,train
eds5srYEDE4,UClv1kekXgC4s8Is-f1OBqQg,ase,train
ee1y31dQhJ4,UCFAo-MDAZrzLtvORMYUcYZg,bzs,test
eePJa3Ig27Y,UC5H_CO6QGwd9hilVnfujz_w,bfi,train
ef6QN-1XIwU,UCB2rLX8TQMP6RAvRRIoECzQ,ase,train
efA722kNtJo,UC75cYKm6WbSk-se1deWaD0g,hsh,train
efYG7qmyFQw,UCe2lcoNfWAp4bc0JySWnkmw,ssp,train
efcNCazZEJU,UCeeO_lMTs0iW3H3AHb3Hykg,ase,train
egRd3QuxD_g,UCRwIJNhbnttAA2eJtUBmiAg,ase,train
egU8VoBQmS4,UCDivIPRtPf_EHSiRfkwkfZA,bfi,train
egcQ1AXRPjw,UCufxp6ZwK8zEstJ4BISgG4A,ase,validation
egdlfpBh8Gs,UC-_uxJSqfBKmSWcz4jeiY4w,ase,train
egtA9WSLbr4,UC7grq7w27wu0zllsk4kBiFA,ase,validation
eh4JhLUcJaI,UC0UwRthhSbvihspoOxi2rEw,ase,train
eh6zjWtmh3E,UCxL5EZmsJbbN-vrvhL2-DJg,ase,train
ehCh8_5l54M,UC75cYKm6WbSk-se1deWaD0g,hsh,train
ehL_3Vdb8TY,UC4SZKFE6fYmZyBmaqtedjsg,ase,train
eh_Y6XRljk4,UCYWJdRpk2jOOZaqvXGVjkxw,ase,train
ehuxV4gfSUk,UCGisGwX9Mh6T6WrJsx-VjDg,pso,validation
eiB3LLhVMWg,UCFfgJbY2jt4Notzk5M3baOA,asf,test
eiEa6mnloAM,,isr,unassigned
eiIUYX32A80,UC-gc7H_gu_IYUAxO2cu6STA,ise,train
eiY_VVcfuu0,UCTbMmakontAx9HhQPCQZcEw,ase,train
eisbEWNlnkI,UCqsHShOAMuQzOfHLv8Mu5fw,ase,train
eitReeAoZno,UCWif2ls3MB_CDmg4z17y6tA,ils,train
ejkZKNSz3Bo,UCTIBRINUegVQ_RtoLWTL-zw,rsl,train
elX7iJxaris,UCWgT5Ro0AroGs5fb4vHx8aQ,swl,train
elcaiYkyQEE,UCs1S_ZbrCZw2xAJhK7ciBqQ,ase,train
eldYZJ_8KKg,UC7JuChYmxhljc49dE3JG6Zw,ise,validation
eldxz5uZxHU,UC5H_CO6QGwd9hilVnfujz_w,bfi,train
els6ecHeTNw,UCaSEiX0MrVi5-IBsgCgwqPw,ase,train
emSLZm6Upgg,UCA17q6v88p8FOlSDiWFkYyQ,bfi,train
emqUawW-ogI,UCPgIzfHK5zkJXIygSEjxO4Q,icl,train
enFa7UpqVTg,UCx8jxChJznkRPJCE79qldOg,pso,train
enpzeqZu_DQ,UCWif2ls3MB_CDmg4z17y6tA,ils,train
eo65Je6yHg4,UCqtaBrGzW-WzWVdhrjCBQ4g,tsm,train
eofoHkOkASE,UCkgsbepPxInyy8LfIyJr7pg,ase,train
ep2jF8EDxsc,UCWif2ls3MB_CDmg4z17y6tA,ils,train
epEtILwp-S8,UCu27edNrYzxfnyLM3IVdN4w,ase,validation
eppD0e1GTH8,UCsuBAbMlPGJ95w3mwhz-30g,ase,train
eq8VC_ZKVfU,UCmzoIHeCQkAa7dWEeGsTRbQ,ase,train
ersntMG1_FY,UChTbPO97Nt0OTDvqSBjhrVQ,isr,train
ert__g1fvGU,UChTbPO97Nt0OTDvqSBjhrVQ,isr,train
esUBPYdM3rI,UCOuE0zw9VItn-Bv71BNeBVQ,fsl,train
esnBmJ-5nQo,UCYzUa-Jxf5iuMq0i3nMr8Sg,aed,train
esr34vfIe4g,UC75cYKm6WbSk-se1deWaD0g,hsh,train
et0fGpuwdnQ,UC5H_CO6QGwd9hilVnfujz_w,bfi,train
et8l0IFYOL0,UC75cYKm6WbSk-se1deWaD0g,hsh,train
etPLwiMZ4co,UCJeBnwmzj3tVtS-3-sSOC_w,hsh,train
etQ09eh7AZk,UC1f5xYbrZxLkklmGkow7AgA,svk,train
etUb2V1oWLU,UC7QNujTpyZqhFrP51eTA8uQ,hsh,train
ethzKsdzq4w,UC5Xzq4Gg6mSNymC4xIaZg1g,ase,train
etqfDhHHsqo,UCYWJdRpk2jOOZaqvXGVjkxw,ase,train
eu2VnJ9mJTg,UCWif2ls3MB_CDmg4z17y6tA,ils,train
euEgbpqtKm4,UCff2QiVSUPQubiz5J1WFs1g,ase,train
eub-kc2aeLo,UCTi9woRHA4r8e3oEWF8hxTA,aed,train
euonxcNCMGk,UCCkAfmCTGkgJi3QlB_6vkqw,jsl,train
euvcuwlgFa8,UCTi9woRHA4r8e3oEWF8hxTA,aed,train
evLoJUAWJSE,UCFfgJbY2jt4Notzk5M3baOA,asf,test
evPO4PBhOx4,UCSMZ4td6mZMJVxJ2ow7zY4A,ase,train
evvA531rreo,UCuyQHJ4y76-i0w9N33vT-kg,ase,validation
ew6ersyz_l8,UC7grq7w27wu0zllsk4kBiFA,ase,validation
ewuF702jvqI,UCUW9iqeKBSdegW5onoBnx_w,hsh,train
ex5V6QdCO-s,UC5H_CO6QGwd9hilVnfujz_w,bfi,train
eybQ5i8IxzU,UC7fVfWv6FL7HeTFeSLz-muQ,ase,train
eyfnU7kbIbk,UC5H_CO6QGwd9hilVnfujz_w,bfi,train
eyu6peTwKiM,UCj4uG2r17JsysNgvWKqOHMg,ase,train
ezOxtUO5608,,ase,unassigned
ezPkdPFG3xQ,UC75cYKm6WbSk-se1deWaD0g,hsh,train
ezRlYgW9tiI,UC75cYKm6WbSk-se1deWaD0g,hsh,train
f-xH6ydDbMA,UC_wh7CAHsakVopKtr8NnXsA,jsl,train
f-zC_RHz7XM,UCYnxGaBJ2NrdBhjqjW1mtFQ,kvk,train
f0-Who5qMr4,,ase,unassigned
f0Dbag15_LQ,UCmW6ihZmBKQGruMm4ALmzdw,fss,train
f0EvpCsc24Q,UCe07qgMamxbGhuTL7m6umuQ,ase,validation
f0pPvtUuBnA,UCNuTk4O2fo38g2nmsGRSkzg,ase,test
f10_4lPf6RQ,UC2fTQSA7GccUUtG6RrJq9Hg,pks,train
f1ghpqOAaKw,UCocbsxARU5NCW7bQ7pBZu2A,ase,train
f1sLjs9BQ6Y,UCIjwyq2wjXeUz5rjZioy9Dw,ase,train
f2I5vyUFmCE,UCqLGAeTQmlRVfLK6jAWvDxA,ins,train
f2N4-pc_0tw,UCuyQHJ4y76-i0w9N33vT-kg,ase,validation
f2R5ZblXK00,UC1oF4wxnGG3A0GOncO-oMJQ,ase,train
f2Y_wzXcudI,UC4SqFeQL9FsN2A-2cBbUS5g,bzs,train
f3EpMu4wJqU,UC45IfU__kL_49r5wOa6N1mw,ase,train
f3GhJ951-1Q,UCwip9Ak04m9KhzO0IryD1Rw,ase,test
f3Qq0wxFz7Q,UC0ssa7FTeHexuO6wHhbX9ow,ase,test
f3RUeZQI7Y4,UCLULAdF1-hor45QMG5DsjXQ,ase,train
f3u0iSTzGw0,UCcKetdJqFvXWMkM0WSMKH2w,icl,train
f4EOrS858k8,UCzyev_TJ-jgpqIBhsEn4QDg,ase,train
f4HhrNVUgAc,UC75cYKm6WbSk-se1deWaD0g,hsh,train
f4OOFWK710g,UCeM9ju-z8IoVGomUJHd7DLQ,pso,train
f4dHjZtloFs,UCK-n3cLst9SuYfxk7oNhrlw,ase,train
f5HXvRdGZoc,UCJeBnwmzj3tVtS-3-sSOC_w,hsh,train
f5RWTyPMXUM,UCJDZUpRa1-sh6vg3aA9LBtg,fsl,train
f5YwrpBPZ6U,UC85LK96DQppcG7tpcqCcvIw,ase,train
f5bKc5u7CFI,UChFJaH0yhLOxelzhfz1QDDw,ase,validation
f6Pi6JNRmWw,UCNLDZ-fQUQHv8Al2gZ4kA7Q,hks,train
f6y1F7Kk9LU,UC9ROB6Uz3b8NM1uNZvj5_Sg,ase,train
f7DVspks2Bw,UCXoX5aPtcb02mt1LfY-4rOw,ase,train
f7OwmOm2xSk,UCJeBnwmzj3tVtS-3-sSOC_w,hsh,train
f7QYDBbg_X4,UCYJlmq8muNdMMfbaHfjc7KQ,ase,train
f7iX85lsHZI,UCGkggeR449U_G_ULi-Y0G0A,hsh,train
f7jx7FjPTzw,UCizGctLgAahGlOvtSAKdq3g,jsl,train
f87Z_-xny8w,UCWVUF_aLbNrR_ObLwWZcU2Q,fsl,train
f8ifeQffidk,UC1f5xYbrZxLkklmGkow7AgA,svk,train
f8uoV0S-_nI,UCh6meRb-Z1ujoflQ_spV5Ig,ase,validation
f9Cn22bDz04,UChBZW-dB0I04raHsXu8hK2w,ase,test
f9LZTlQyNgk,UCJeBnwmzj3tVtS-3-sSOC_w,hsh,train
f9THfR5OhGQ,UCqLGAeTQmlRVfLK6jAWvDxA,ins,train
f9iBYobmSwQ,UClf6uXqvt7z6Xr2wqGNxtwg,ase,train
f9mZc0MU9fs,UCqtaBrGzW-WzWVdhrjCBQ4g,tsm,train
fA-X6P3-7Hc,UC75cYKm6WbSk-se1deWaD0g,hsh,train
fA-k9adJ390,UC_9x0YFY3tQhHD1oxDriZ9g,sgg,train
fABXHLMCcCM,UCDivIPRtPf_EHSiRfkwkfZA,bfi,train
fACe7KbCPDc,UCe2lcoNfWAp4bc0JySWnkmw,ssp,train
fADa-Iuio5w,UCOqWC86f1tv-AsGjbkIBEUQ,sgg,train
fAHUwdX11hM,UCw8k42lRa3GdqXEF3lFL34w,gsg,train
fAMSoByWFsk,UCFfgJbY2jt4Notzk5M3baOA,asf,test
fAdQzF4C8So,UC5Xzq4Gg6mSNymC4xIaZg1g,ase,train
fAtyYDJtS7Q,UC75cYKm6WbSk-se1deWaD0g,hsh,train
fB2p3iXZLbE,UC6b1zI_hrSg-1nAndUEapeQ,ssp,train
fBC7-_EdVsQ,UCAPKIo9ykV8iShMmG7c-BQA,swl,train
fBk1w0j_aj0,UCOaeDgls4FzoVkrYiXkJnOA,gsg,train
fBqLk8BC490,UC6OCXcxQ4yKoPfsUPWg99bg,ase,train
fCBCde3twZI,UCIeFO--ijTiM9q7c3EaDbhA,hsh,train
fCCl-5JPqys,UCaayieDFpDIZ1b_mspO_Rzg,ase,train
fCd2Nv4BORo,UC099mnC25-pLRxIhcqmS1GQ,fss,train
fD1rjuEC09U,UCpSikih7IbGHYmrHqWusbPA,pso,train
fDCi_95CqJE,UC99mR9Uvb6VuIlb4CW4czgg,pso,train
fDPNdbii6Mc,UCZy9xs6Tn9vWqN_5l0EEIZA,ase,train
fDPsUd8Nn0s,UC-gc7H_gu_IYUAxO2cu6STA,ise,train
fDVX7xHw9rs,UClO2hO0t9tWsdgZmi_WQNkg,ise,train
fDzSXgIeZ1g,UCDaXsbs4hNm7X1QC_X9aTMA,ase,train
fEDXKHxOf18,UCGisGwX9Mh6T6WrJsx-VjDg,pso,validation
fEOX9c9UolE,UCh4BB8iqwF3lvazV7q-HZ7w,ase,train
fEeyGG38Md0,UC_UrP9dLp5R3wYJhqqz2btg,jsl,train
fErSCbeOq_E,UC7fVfWv6FL7HeTFeSLz-muQ,ase,train
fEtQdBndD98,UCjCBX_ZL4T0nCyq3AgFVsDg,asf,train
fF808PcfMI0,UC7fVfWv6FL7HeTFeSLz-muQ,ase,train
fFQlYTrYOfU,UC7fVfWv6FL7HeTFeSLz-muQ,ase,train
fFQzfHyKzqU,UCN1IG3dpTH168u-GNW2w4MQ,ase,train
fFbvrry_L7E,UCXAivKbEyzTb5tqwEu2ZDcw,ase,train
fFuIaNPezRA,UCYyRpJBseu43EojDdSUcSyA,ase,train
fFugfEJrMHk,UCs98soN6aBb6gnfbrLl-W0w,???,train
fG3nfuT5exg,UC7PByT-DKjERtGRmxfyWvnw,ssp,train
fGYTYWQNY1U,UCe2lcoNfWAp4bc0JySWnkmw,ssp,train
fG_poJU7NDg,UC-8TBU8-W613NU2ysMh8DWQ,ase,train
fGf1Y8GEc0c,UCaDrIDvpB0HdFTkpdjTPwSQ,rsl,train
fGmQgQj-8t4,UCs98soN6aBb6gnfbrLl-W0w,???,train
fGnjOXX2Izo,UCOuE0zw9VItn-Bv71BNeBVQ,fsl,train
fGy71l6L9to,UChVhshQbA-8J3yTInY0L7pw,pso,train
fHDXnRv8tn8,UCQ_jW1xLUF7Sg711yXVvQPQ,ise,train
fHFuHs2XKpY,UCtX1mhc0-MizAoZ0wlQ_AVQ,ase,train
fHNRFH_5IIQ,UCO9zhhszyR4Av4WxwdBJs-Q,ase,train
fHRfZcsis_A,UC3jz2bVv7WkWJAxCOsOV30Q,ase,train
fHZQ2wKgDbk,UCUqpH4Ascoi7vaCt5IqaAgg,gsg,train
fHjTLEyXfNY,UC_9x0YFY3tQhHD1oxDriZ9g,sgg,train
fIGmVrsPZes,UC85LK96DQppcG7tpcqCcvIw,ase,train
fIT43RUbXJc,UC75cYKm6WbSk-se1deWaD0g,hsh,train
fIbKsgx8tSM,UC75cYKm6WbSk-se1deWaD0g,hsh,train
fJ3U1TD-MwA,UCBRYgj8lhwnr9FrETyJbYEA,ise,train
fJezW9TZZoo,UC2fTQSA7GccUUtG6RrJq9Hg,pks,train
fJhnBvtx4fo,UC9UOORnRlRi5BhwQclMP1wg,lls,train
fJooO2BlyR4,UCXAivKbEyzTb5tqwEu2ZDcw,ase,train
fK-qQpZqGz0,UC75cYKm6WbSk-se1deWaD0g,hsh,train
fLAaQ1Jr_rA,UC6OCXcxQ4yKoPfsUPWg99bg,ase,train
fLBOl9i-Kh8,UCx8jxChJznkRPJCE79qldOg,pso,train
fLOFUIg3ld4,UCs98soN6aBb6gnfbrLl-W0w,???,train
fLOTdAeN3tg,UCcmJuUulPHzBUuQbQUN7GzQ,bfi,train
fLfciUHSYtk,UCfLul2uPakgQyTab23cYB7Q,asq,train
fLoDyGjBpU4,UCDAOYycn4dnAFICIdeYJWwA,bfi,test
fMG38CojEhI,UCqntviBRx8_VOYcYhhkag9g,csq,train
fMcXjy0d3Xc,UCsuBAbMlPGJ95w3mwhz-30g,ase,train
fMwa5NIdm2M,UChTbPO97Nt0OTDvqSBjhrVQ,isr,train
fN6qNgZZgTI,UCcKetdJqFvXWMkM0WSMKH2w,icl,train
fNnpWFKk_pc,UCqLGAeTQmlRVfLK6jAWvDxA,ins,train
fNuIyv8YhG4,UCJzu69TgtBwVc03QEP9gL6A,rsl,train
fO4R8dpX1pU,UCSMZ4td6mZMJVxJ2ow7zY4A,ase,train
fOY5rapZn20,UCSMZ4td6mZMJVxJ2ow7zY4A,ase,train
fOoA-jr-uN0,UCDRIKox5aKmzAMnWj4pAfOA,bzs,train
fOunrHObNHs,UC-8TBU8-W613NU2ysMh8DWQ,ase,train
fPACsFn2uIo,UCs98soN6aBb6gnfbrLl-W0w,???,train
fPmJACaTU6c,UC75cYKm6WbSk-se1deWaD0g,hsh,train
fQ_jhi4L0qg,UC2fTQSA7GccUUtG6RrJq9Hg,pks,train
fR3ybrAe-ls,UCe2lcoNfWAp4bc0JySWnkmw,ssp,train
fR6V8klwK4I,UCTIBRINUegVQ_RtoLWTL-zw,rsl,train
fS5RGoLKkP0,UC52H_xHKrwnQRPb25kQtFCQ,ase,train
fSlrJf0qtaI,UC2fTQSA7GccUUtG6RrJq9Hg,pks,train
fSmu4hfvdbM,UChTbPO97Nt0OTDvqSBjhrVQ,isr,train
fSpT9__u20c,UC75cYKm6WbSk-se1deWaD0g,hsh,train
fSxWCC98zN4,UCqLGAeTQmlRVfLK6jAWvDxA,ins,train
fT0RAJb3l6E,UCGisGwX9Mh6T6WrJsx-VjDg,pso,validation
fT3BK1S2s8s,UCsuBAbMlPGJ95w3mwhz-30g,ase,train
fT6AB_h6x84,UCsuBAbMlPGJ95w3mwhz-30g,ase,train
fT9zznq6_lY,UCCZcfHbwXA0lHKcEEc08XKQ,ase,train
fTNzDC3zbeE,UCpSikih7IbGHYmrHqWusbPA,pso,train
fTnQXPBb8Tk,UCapFShgxytRPexLxwUiXGVw,asq,train
fU5y4FZLXzo,UCBW4dt_QU8Ueom1ZvNxt9sA,ase,train
fUTLuC7Yipc,UCcD4ou_0CcbWTRPtNhX43_g,psp,train
fUdzPTR0RUI,UCK-n3cLst9SuYfxk7oNhrlw,ase,train
fUlWG-qGFis,UC7fVfWv6FL7HeTFeSLz-muQ,ase,train
fUpj_vOgEA8,UCQmVgPZHUzskORIH4GMzhJQ,bfi,validation
fV7p08iEIB4,UCQJVI4-q2aT-9pSEmwtrMoA,ase,validation
fVAQMNqp4iE,UCR7_ied3vPnb7Jwmplsz4ug,ase,train
fV_6brt51Jg,UC1f5xYbrZxLkklmGkow7AgA,svk,train
fVwYfrq6BdA,UCQJVI4-q2aT-9pSEmwtrMoA,ase,validation
fW-sDkGTb_8,UCCuLbId3n1o6VM20WIlpcfQ,ase,train
fWF6KpDPuJI,UC6b1zI_hrSg-1nAndUEapeQ,ssp,train
fWSfGldqhsI,UCx8jxChJznkRPJCE79qldOg,pso,train
fWX1UBlYwVA,UC7JuChYmxhljc49dE3JG6Zw,ise,validation
fWiZT0Gk0Lg,UCLrN3LrNjn6WP8kLbIyHDjQ,ssp,validation
fWuyHf_r-hY,UCx8jxChJznkRPJCE79qldOg,pso,train
fX3vTqmvDUo,UC9OCVAR70N0lxFTnY8swERQ,ase,train
fXJ8PxF0ugY,UCGisGwX9Mh6T6WrJsx-VjDg,pso,validation
fXRe0QHOFaM,UC75cYKm6WbSk-se1deWaD0g,hsh,train
fXTBrfNGuEg,UC75cYKm6WbSk-se1deWaD0g,hsh,train
fXr6cG2mDYY,UClv1kekXgC4s8Is-f1OBqQg,ase,train
fY3IqIJmAfQ,UCSfqYeUXjD3_cO2XiZxO6Vw,hks,train
fYD40WPplgM,UCGkggeR449U_G_ULi-Y0G0A,hsh,train
fYFyUDgPdUI,UCN-qng71YVpE00BWzEJu1xA,ase,train
fYROO6HxUSE,UCSwgy2NOSgP1OCue5lh_vrw,ase,train
fYTUutn9A74,UCrorv-xu76u5ru5nca3bwHQ,ase,train
fZiRZyw1G8E,UCctnLMs5hWKC_qXO3xZE6XA,ase,train
fZma187vpEA,UCGxfHBfP4ZBpg4TDg8v8G3A,ase,train
f_oMstOUFAQ,UCQJVI4-q2aT-9pSEmwtrMoA,ase,validation
f_vlaAGhj-M,UCgNioSDbcmRlO5VVarhKooA,ase,train
faYS9_JasFc,UCGisGwX9Mh6T6WrJsx-VjDg,pso,validation
faZQNy4aErk,UC99w_Bzj8ikOz8Gpv0prbNg,ins,train
farlAFnQzEI,UCRRD3yalnoHR0ZvXqhiTI4Q,bzs,train
favoQ0F6Q0U,,ase,unassigned
fayRUPA7bLU,UCFtGkxr-rJgohiKKtftwy1A,ase,test
fb58XPA8-DY,UCONES8gFohBzJbUjaPMzoPQ,ase,train
fb5prmIPKMU,UCxjowJzFb1xWDhcmbzs4AZA,bfi,train
fbIEEq5gXzU,UC6YbCm65GjM2wpGmDRtyGMQ,fsl,train
fbOFb7w0kMo,UC6OCXcxQ4yKoPfsUPWg99bg,ase,train
fbYe0DOS7ls,UC8M_FA00ET9M5v6EAUmGpiA,ase,train
fbgjCG9bvWs,UCWif2ls3MB_CDmg4z17y6tA,ils,train
fbh_r85aV-k,UCFfgJbY2jt4Notzk5M3baOA,asf,test
fcPugQdb5yU,UCqLGAeTQmlRVfLK6jAWvDxA,ins,train
fcSLxvbbh9g,UCRIVVjFGILISEpO8H32L62A,ase,train
fcTWqN6v4dU,UC5H_CO6QGwd9hilVnfujz_w,bfi,train
fco36oZLY84,UClv1kekXgC4s8Is-f1OBqQg,ase,train
fcp_kh_c4ZY,UCGqxgrClvEIdDHYnAjiIKcA,ase,test
fcvmWVDX2g0,UCuyQHJ4y76-i0w9N33vT-kg,ase,validation
fczOWMPj1eA,UC3hOdPWDnQBs9NTt3y2fPRg,ase,test
fdPAa0TOxQg,UC75cYKm6WbSk-se1deWaD0g,hsh,train
fdYayrt6iCA,UCuyQHJ4y76-i0w9N33vT-kg,ase,validation
fdiw20EYK0I,UCqLGAeTQmlRVfLK6jAWvDxA,ins,train
fdupGWt4C7o,UCaayieDFpDIZ1b_mspO_Rzg,ase,train
fe5pgGkU95U,UCc9fPwa4-9j9GwRQum1vxPw,ase,train
febCDSGODUw,UCuyQHJ4y76-i0w9N33vT-kg,ase,validation
ffQhmhZ0Dfg,UCQJVI4-q2aT-9pSEmwtrMoA,ase,validation
ff_xcsFJ8Pw,UCBxFGQJfsVq4P1W0M-sjIkA,ase,train
ffbL6S7f0MA,UC-8TBU8-W613NU2ysMh8DWQ,ase,train
ffbT1xONF14,UCcKetdJqFvXWMkM0WSMKH2w,icl,train
ffqU3mT4k1o,UCAbFXOPq0sx03ev-kO3FE2A,ase,train
fgChtPbVlBU,UCWif2ls3MB_CDmg4z17y6tA,ils,train
fgF9p0F4USk,UCHckc4mrMU9b7L4hxQeN5HQ,ssp,test
fgLh0WZh9pU,UCSMZ4td6mZMJVxJ2ow7zY4A,ase,train
fgNvNtxysQ4,UC75cYKm6WbSk-se1deWaD0g,hsh,train
fggwxcIuVM4,UCXAivKbEyzTb5tqwEu2ZDcw,ase,train
fgx6VaVaFjM,UC99w_Bzj8ikOz8Gpv0prbNg,ins,train
fh2kcty5b_0,UCGoMw1fmVX0m5_qMsYG4A3g,ase,train
fhBgT8DEPeY,UCyl2koki10uOzPU3chYrHuQ,ase,train
fhhr5o8rU1c,UC-8TBU8-W613NU2ysMh8DWQ,ase,train
fi20TEKAvh4,UC75cYKm6WbSk-se1deWaD0g,hsh,train
fi6uZrYapvk,UC99w_Bzj8ikOz8Gpv0prbNg,ins,train
fiOw1YFB8mc,UCChKgcgVNfCT2wO1AJwNkGA,jsl,train
fiagWXouik8,UC-gc7H_gu_IYUAxO2cu6STA,ise,train
fizzE15Igko,UCWif2ls3MB_CDmg4z17y6tA,ils,train
fjFu5JR8wa0,UCcKetdJqFvXWMkM0WSMKH2w,icl,train
fjIpOt313_Q,UC1_WvK5HsrofRpnSGTlc7cg,ase,train
fjQ4dajGEN0,UCSEb5to-ht-mITMF_VP4zqw,ase,train
fjXjKamUFoE,UC3OemRXA8dNlAfcOrTaLl7g,aed,train
fjhuFhu3vI0,,ase,unassigned
fjloGHFkvAo,UCyxmIWJ8ddzJ2Ct89DlTAIA,asf,train
fjmrgZX4F3w,UCWif2ls3MB_CDmg4z17y6tA,ils,train
fk8fb9wMxBc,UCWif2ls3MB_CDmg4z17y6tA,ils,train
fkJNcU3GK8U,UCFuu8KsC_I8RUWsRopecLOQ,bzs,validation
fkV1XGJJH5A,UCDWuLgx0vTYBGr1G-diNgSw,jsl,train
fkjZZrTtSoM,UC75cYKm6WbSk-se1deWaD0g,hsh,train
fkykAstHE8U,UCS_sxPSNGTfpkoa5nYEt-1g,ase,test
flET2criAXk,UCQa0uTlWkuwzp8CAe_z1fkA,ase,train
flkgeLBiQo4,UCQqlp5pbCtnZFG22SvA8rrQ,ase,train
fm6xtgLul8A,UCwRohH0ucKgV-0HHQjqwUkA,ase,train
fmdk5v2ghQ0,UCWif2ls3MB_CDmg4z17y6tA,ils,train
fmxjXJvuaK8,UC99w_Bzj8ikOz8Gpv0prbNg,ins,train
fn6QFM1xE48,UCrIjwP0yA_tBagweiyPuckQ,ase,train
fnLqJpf_gLc,UCp4-a-Hs5XnE0KZjOthtgvg,ase,train
fnMqWu7CY-A,UC4KyhBCXwO-aSXDN-QyeSmQ,ase,train
fnOBRaheEqY,UCWif2ls3MB_CDmg4z17y6tA,ils,train
fnv_q1JnbtE,UCtaHeNCehqMoCGqFPfrRuLA,ase,train
fo5zjzwezoA,UCLDl9M8OAl_GSk_xTzOE1dw,ase,train
fo9VVE6xC8w,UCZBEWriHgC5BrO0HkoMPMww,ase,train
fogxYugmckA,UCYyYwy_xroaVe-OKuslMbKg,ase,train
fouUHQtAMDI,UClv1kekXgC4s8Is-f1OBqQg,ase,train
fpDcvXFowyw,UC12nJ6vprm4pLeefoZjQSKw,ase,train
fqW0Fktb1sE,UCOKd6GvsdIkLPpVKrS9kWVw,bfi,train
fqYJ4Npe8-4,UCgPgI0FiLs8v18146Suwo-w,csn,train
fqps4pWMTM4,UCqK9PQV16nIdTwqhHgxhmnQ,ase,train
fr372n0TdaM,UC75cYKm6WbSk-se1deWaD0g,hsh,train
frFQl9dHBjA,UCHgfggaihNoLRCh9s2hrMig,ase,train
frJw02zloo8,UCm4v1ErFxMu-UZhb-1vbxKw,ase,train
fr_RMN_utDo,UC5H_CO6QGwd9hilVnfujz_w,bfi,train
frhkGlZr26o,UCF8-u6IAIj-xyp00BOf_7LA,ase,train
frylfbWD1Ws,UCwcJIfRFwLcZF_teq6A86dA,ssp,test
frzl-eLFKa8,UC_wh7CAHsakVopKtr8NnXsA,jsl,train
fsFYUpp2aRo,UC0jdsYSKy1VNhKw79mw0RsA,ase,train
fsMqbNuPaU0,UC75cYKm6WbSk-se1deWaD0g,hsh,train
fsPKGXNQcmA,UC99w_Bzj8ikOz8Gpv0prbNg,ins,train
fsSKti04LxU,UCjVpsnDflFe9dOWZWlnxUrA,ase,train
fszmr-kXcC8,UCizGctLgAahGlOvtSAKdq3g,jsl,train
ftO1NPso5Yk,UCvd8SHzSp07_U55qFI0-dDA,ase,train
ftRGF28EnAw,UCyIjlBUwgXeKO6MZ2Ospaxw,jsl,train
ftXXYojpFxM,UCCkAfmCTGkgJi3QlB_6vkqw,jsl,train
ftfH2QiTt4U,UCyIjlBUwgXeKO6MZ2Ospaxw,jsl,train
fulg1Xe3WJU,UCEPuAkI8Fx_dqb2RMoy00CA,asf,validation
fvo9sildXos,UCyl2koki10uOzPU3chYrHuQ,ase,train
fvsiuCRw1d8,UC9iTjM1LI5k60EhfTwNPO5w,ise,train
fw-XZPmai9g,UCsISj8VNUUVr03sV4bkxWWw,pso,train
fwJyRhQPQCk,UCDivIPRtPf_EHSiRfkwkfZA,bfi,train
fwjPvLGlRRw,UCqLGAeTQmlRVfLK6jAWvDxA,ins,train
fwmqeB0xB_s,UC75cYKm6WbSk-se1deWaD0g,hsh,train
fwzFVex9wKo,UC75cYKm6WbSk-se1deWaD0g,hsh,train
fxA1QJpnwNg,UCXAivKbEyzTb5tqwEu2ZDcw,ase,train
fxU5IId30Gs,UCs98soN6aBb6gnfbrLl-W0w,???,train
fxWNok2uBsM,UC85LK96DQppcG7tpcqCcvIw,ase,train
fxjIuda32Fw,UC7fVfWv6FL7HeTFeSLz-muQ,ase,train
fxlWv3heIOE,UCR_-CWbo1ZhNsQLyzKJL7DA,bzs,train
fy4rz625IK8,UCs98soN6aBb6gnfbrLl-W0w,???,train
fyHOW2lArKk,UC5H_CO6QGwd9hilVnfujz_w,bfi,train
fyQkfz_tHWw,UC7PByT-DKjERtGRmxfyWvnw,ssp,train
fyihlBlK9Ms,UC75cYKm6WbSk-se1deWaD0g,hsh,train
fytHrKmB-dk,UC6b1zI_hrSg-1nAndUEapeQ,ssp,train
fz4ojbl5vFs,UCQ_jW1xLUF7Sg711yXVvQPQ,ise,train
fzBagZEGDI0,UCYyRpJBseu43EojDdSUcSyA,ase,train
g-Zk9ssklKU,UCaRno7LiTgjwDn0EkyhQ4EQ,ase,train
g-_dyQpE0qE,UCuanpEILmzKOj6UHQGSk4Qg,bfi,train
g-drH1JQc7I,UC75cYKm6WbSk-se1deWaD0g,hsh,train
g0BSB-x0VQQ,UC75cYKm6WbSk-se1deWaD0g,hsh,train
g0LUXVfhalE,UCyCn7hXN9_GNAxGWpSVOSRw,ase,train
g0SZA6bXMYQ,UCGkggeR449U_G_ULi-Y0G0A,hsh,train
g0b_3u65hSA,UCji6qZadsHv0x8KYnQ6ZJ6g,ase,train
g1aOibjGpi8,UCtjEjgYtRZWFL9pWa4yxtXg,jsl,train
g1eN9QJ63Xw,UCkQfhd3DtAormFcHGAkznzA,ase,train
g1o2Bc8MfBc,UCaTMaFNkTiwgsSQ7FYaiaTQ,ins,train
g1p__mgDzJg,UCT4VSq3A4ZgpMJ8nvHOccHA,ase,train
g1wf12J1X7g,UC_UrP9dLp5R3wYJhqqz2btg,jsl,train
g25zZMS-ovw,UCGisGwX9Mh6T6WrJsx-VjDg,pso,validation
g29xuVJDNFw,UCUW9iqeKBSdegW5onoBnx_w,hsh,train
g2EhE7rk5ig,UCs98soN6aBb6gnfbrLl-W0w,???,train
g2gcK45qkH0,UCZlhoa_Glb-lxAAE9VuoA7w,ase,train
g2vNwDmzeP8,UCj3_p0VS8pqVPCFWw3GfERw,ase,train
g33xJGLUE2Q,UC_UrP9dLp5R3wYJhqqz2btg,jsl,train
g3GGMN24FLs,UCqtaBrGzW-WzWVdhrjCBQ4g,tsm,train
g3eFJSnLuQo,UCx8jxChJznkRPJCE79qldOg,pso,train
g3kcVzpTJZ0,UC5H_CO6QGwd9hilVnfujz_w,bfi,train
g3sHotpvawQ,UC_9x0YFY3tQhHD1oxDriZ9g,sgg,train
g4Woat96PuY,UCWPkrOk-WKilNHCrpXa17JQ,ase,train
g4bdpxmMqhI,UCyVa7vlr8kGY4KklHEArFBw,ase,train
g4oHfU5ZJQg,UC75cYKm6WbSk-se1deWaD0g,hsh,train
g51NkgKicfo,UCcmJuUulPHzBUuQbQUN7GzQ,bfi,train
g558skn63ck,UCBdpdF0Q7UVBrJRrGgN1PeA,ase,train
g5SAfqEtius,UCT_ibOnQ79FD6UX9nUwl1Fw,ise,train
g5TmwoTYOG0,UCn7yxqMJA4q2UPE4gmfDqHQ,gsg,train
g5YZ0oLSbPA,UCPgIzfHK5zkJXIygSEjxO4Q,icl,train
g68oOpkJFaU,UCtFXZP7uAVr7BBZxvWRLTnw,ase,train
g6GGKQA8EOo,UC1f5xYbrZxLkklmGkow7AgA,svk,train
g6GRnePbH2Q,UCpRhtdC_WIXa86E8vHlGfTg,ase,test
g6IpTHBeXhQ,UCuyQHJ4y76-i0w9N33vT-kg,ase,validation
g6WEDGWaW90,UC93t6PJiqPnAOAxZs2xXf9Q,fcs,train
g6hNIGhGyP4,UCoR6BxrxD9XSRx3UGK1XG1A,aed,train
g7KTE7klVJY,UC6OCXcxQ4yKoPfsUPWg99bg,ase,train
g7fmplTIGgM,UC6hGiG3Scf_xVrCYsWj-uwQ,gsg,train
g7x4ZUJUau0,UCgPgI0FiLs8v18146Suwo-w,csn,train
g85qC4P1Las,UC3MdmC5QW1ciTDxrgEeKeXg,ase,train
g86sYZNFZ_k,UC75cYKm6WbSk-se1deWaD0g,hsh,train
g8tdBV6ne-I,UCuLgHM31H7PmEAY92jBSU_Q,jsl,test
g9VoJmOcWH0,UCqtaBrGzW-WzWVdhrjCBQ4g,tsm,train
g9evsWxAr3U,UCQJVI4-q2aT-9pSEmwtrMoA,ase,validation
g9ktdS5vrxw,UCKGWL_pjR6PJC2bWAYf04WQ,fsl,train
gA3F7bHQA5E,UCQZ_RzuzmUi5eFq3dQXXw9w,ase,train
gA49anz0DjU,UCXkvYURjgX4VVgtWvKbK8Aw,ase,validation
gABu4hLdIPI,UCuyQHJ4y76-i0w9N33vT-kg,ase,validation
gADDBp65-Lw,UCWif2ls3MB_CDmg4z17y6tA,ils,train
gALXtpV4IY8,UCaayieDFpDIZ1b_mspO_Rzg,ase,train
gAbCUufNkH0,UC75cYKm6WbSk-se1deWaD0g,hsh,train
gAlZK4088pY,UCQ0jI-CdnjLPb9Gkc1gxyGg,ase,train
gAtJLfqqne0,UCUW9iqeKBSdegW5onoBnx_w,hsh,train
gB8GrYitygk,UCsiNmghijZjrTAj_7gC1dNA,ase,train
gBEdLJ1-E6Y,UCCBWup10InaMbVxOwQUQPnA,ase,train
gBZ4NirFDo4,UCyl2koki10uOzPU3chYrHuQ,ase,train
gBjeqv5JxDw,UCKVvflqgi2vEsFiQKAVzETg,sgg,train
gCBgwogxD90,UCaayieDFpDIZ1b_mspO_Rzg,ase,train
gC_voxV4TK8,UCqLGAeTQmlRVfLK6jAWvDxA,ins,train
gCtfLfXfIFc,UCs98soN6aBb6gnfbrLl-W0w,???,train
gDBbSO3MTCc,UCWif2ls3MB_CDmg4z17y6tA,ils,train
gDHfAlalwQg,UC-_uxJSqfBKmSWcz4jeiY4w,ase,train
gD_vgdaYOsQ,UC75cYKm6WbSk-se1deWaD0g,hsh,train
gDytZYiPqVA,UC5Xzq4Gg6mSNymC4xIaZg1g,ase,train
gDz9vAZH9Mg,UC7fVfWv6FL7HeTFeSLz-muQ,ase,train
gE1vQu6wWEY,UCAPKIo9ykV8iShMmG7c-BQA,swl,train
gEKzYIOf2Zg,UC55C6FrDNkoh1-S8tGHdCDw,ise,train
gEaaVvWTJ-k,UC6OCXcxQ4yKoPfsUPWg99bg,ase,train
gEakG0LMjIk,UCQ_jW1xLUF7Sg711yXVvQPQ,ise,train
gEjHccgKR0I,UC1f5xYbrZxLkklmGkow7AgA,svk,train
gErM1O3ETGo,UCZOG75UwSlaFOu-BmfSccUg,bfi,train
gF_w-ql8XV8,UC2S01Z6E_MfDP1nf9akYLCg,ase,train
gFhk_J1GgGw,UCvRHY_o3Zyx6RU80A12nNlw,dse,train
gFxncG4u8IQ,UCsuBAbMlPGJ95w3mwhz-30g,ase,train
gG2EzehS_64,UCcmJuUulPHzBUuQbQUN7GzQ,bfi,train
gG6_uAMV8NI,UCtCEoFMIllD5aOYneLrP4Vw,ase,validation
gGOqrBwN8vQ,UCjCBX_ZL4T0nCyq3AgFVsDg,asf,train
gGSc6uzYQZU,UClyngyD31Bj6fPGCDyobHYA,ase,train
gGc_p6SQiN4,UC5Xzq4Gg6mSNymC4xIaZg1g,ase,train
gHITisrphJw,UCuyQHJ4y76-i0w9N33vT-kg,ase,validation
gHRNeXFuXrQ,UChY4vrAMEXvYXcuXg50sc1Q,asf,train
gHhMBFsO8Ac,UCK-n3cLst9SuYfxk7oNhrlw,ase,train
gHymFumIzTI,UCaK99pqDiBBAQpHvoY7vmvA,ase,train
gIcoByy16hQ,UCGoMw1fmVX0m5_qMsYG4A3g,ase,train
gIz0jE8RkVk,UCcmJuUulPHzBUuQbQUN7GzQ,bfi,train
gJ2YwOgeLEY,UCPgIzfHK5zkJXIygSEjxO4Q,icl,train
gJ7HL94S-q0,UCjCBX_ZL4T0nCyq3AgFVsDg,asf,train
gJF-W7Y7CGo,UCHWGrg1onMlNiEiC5nq0y7g,gsg,train
gJeesv3_huc,UC3hOdPWDnQBs9NTt3y2fPRg,ase,test
gJfWh8JUcyQ,UC4YIkyipvSWH51CYnKgvHbg,jsl,train
gJvN3FScZJI,UC5H_CO6QGwd9hilVnfujz_w,bfi,train
gKVuFeTIrbk,UC1f5xYbrZxLkklmGkow7AgA,svk,train
gKil4X3q58I,UCizGctLgAahGlOvtSAKdq3g,jsl,train
gKkTOHZaX7c,UCYBkFgmmRfwALUBxEpfX2aQ,ase,train
gKpW_C_uurw,UCaTMaFNkTiwgsSQ7FYaiaTQ,ins,train
gLAu9jNGJgQ,UCoA3JvRkP1z3GE6x5jo6OzA,rsl,train
gLECp3rAYBI,UCDivIPRtPf_EHSiRfkwkfZA,bfi,train
gLQH_YKYO04,UCEPuAkI8Fx_dqb2RMoy00CA,asf,validation
gLnsIh3zyVo,UC99w_Bzj8ikOz8Gpv0prbNg,ins,train
gM9DVII2MnE,UC3llWGlLcFDzwsMvGlJ_9dQ,ase,train
gMLyCuS1GPE,UC3llWGlLcFDzwsMvGlJ_9dQ,ase,train
gMZPu-Dg2-I,UCWif2ls3MB_CDmg4z17y6tA,ils,train
gM_-O1kTKqU,UCLq0QAPYJRxb4hN3DlYe2tw,ise,train
gMpQmCwcPqs,UCDivIPRtPf_EHSiRfkwkfZA,bfi,train
gN-aoKMKH2M,UCBdpdF0Q7UVBrJRrGgN1PeA,ase,train
gNKBwjwO42A,UCe2lcoNfWAp4bc0JySWnkmw,ssp,train
gNUMFH-GZMw,UCS7wVohIwd66b95xyuw7DFQ,ase,train
gO6GzuytceE,UC3OemRXA8dNlAfcOrTaLl7g,aed,train
gOyPUWiUh08,UCWif2ls3MB_CDmg4z17y6tA,ils,train
gPVR4_h0J-Y,UCUW9iqeKBSdegW5onoBnx_w,hsh,train
gP_Cxv5w4Us,UCPNeYbg5gz7AYRCgg8vjhDg,ase,validation
gPoRgaZHzqY,UCaY5JjIf6cKZrynK9Oc3SYQ,asq,train
gPs26StOEPE,UCaayieDFpDIZ1b_mspO_Rzg,ase,train
gPzOacHMOfA,UC75cYKm6WbSk-se1deWaD0g,hsh,train
gQRSoa54HOM,UCctnLMs5hWKC_qXO3xZE6XA,ase,train
gQjRdtuxRBQ,UC75cYKm6WbSk-se1deWaD0g,hsh,train
gR0UL5K5LUA,UCvbjyfHRchqvyfCZFobuUCg,bfi,train
gR983vRrzjw,UCWif2ls3MB_CDmg4z17y6tA,ils,train
gRN_bQf3q6k,UCOuE0zw9VItn-Bv71BNeBVQ,fsl,train
gSAQfu6tit8,UCEPuAkI8Fx_dqb2RMoy00CA,asf,validation
gT3bymvOuQ8,UC1PMoVZYg34azg9hCl8Dzaw,ase,test
gT4vNp9elY8,UCChKgcgVNfCT2wO1AJwNkGA,jsl,train
gT7OVJhfT7s,UCoA3JvRkP1z3GE6x5jo6OzA,rsl,train
gTRZApRbNJ8,UC5H_CO6QGwd9hilVnfujz_w,bfi,train
gUOGWwdzHGQ,UC5H_CO6QGwd9hilVnfujz_w,bfi,train
gUoPz0IPvIk,UCcLRc_9b-3-maYyPM8p1rGg,aed,train
gVPk27VyOGc,UCS7wVohIwd66b95xyuw7DFQ,ase,train
gVeQoIj3Mq8,UCWif2ls3MB_CDmg4z17y6tA,ils,train
gVsDPdRa5-c,UC5Xzq4Gg6mSNymC4xIaZg1g,ase,train
gWiU5V-Wgew,UCqd6eos5-i46NbDH1uLWdFQ,ils,train
gX6JsU7ngHc,UCGisGwX9Mh6T6WrJsx-VjDg,pso,validation
gYBPdG6s-E8,UC75cYKm6WbSk-se1deWaD0g,hsh,train
gYhuMbzJkfU,UC3N0FthuGXdS-HTtylzYM_w,ase,test
gZ4DJh3XcKM,UCGkggeR449U_G_ULi-Y0G0A,hsh,train
gZx-2mNiUsA,UCwcJIfRFwLcZF_teq6A86dA,ssp,test
g_G1ZDw0dJM,UCS7wVohIwd66b95xyuw7DFQ,ase,train
g_GwSfYPbx4,UCBRYgj8lhwnr9FrETyJbYEA,ise,train
g_of0XuzKoE,UCPJCdXdDybg3wJ8RVdnxM0g,bfi,train
gaioMZqQmU4,UCGisGwX9Mh6T6WrJsx-VjDg,pso,validation
gbAnoXDZLJc,UCqLGAeTQmlRVfLK6jAWvDxA,ins,train
gcoL4fwJ1Jk,UCuCl0G2MhZ0uXizrdGm-6Gw,ase,validation
gd0bKqjSZ5A,UCCxCulGB0hMCEAnzk8wNX1w,gsg,train
gd3Gu5lY8qw,UC99w_Bzj8ikOz8Gpv0prbNg,ins,train
gd4RhFzfeFM,UC5H_CO6QGwd9hilVnfujz_w,bfi,train
gd99wunC_9g,UCQ_jW1xLUF7Sg711yXVvQPQ,ise,train
gdVQKVcjBO8,UCaayieDFpDIZ1b_mspO_Rzg,ase,train
gdcGmxW7CaI,UCFyhiizY8-4GUcAeYQlylMg,jsl,train
gdiMvYnaiyg,UCSMZ4td6mZMJVxJ2ow7zY4A,ase,train
gdkJVENJAeY,UChTbPO97Nt0OTDvqSBjhrVQ,isr,train
gdvxoxnPFBY,UC5RrTOs35gE_w5625uGLSdA,kvk,train
gebkQdkvvKw,UCe2lcoNfWAp4bc0JySWnkmw,ssp,train
gekmZFM23kY,UCQJVI4-q2aT-9pSEmwtrMoA,ase,validation
gencDC6Cr2s,UCJ_iHRBTC_8FS7pdVPHGx9A,csc,train
gf-Qj7cWH4s,UCaRno7LiTgjwDn0EkyhQ4EQ,ase,train
gf7hEO5TmxM,UC3Tz1_PgnF5sWyJP_3jBvTw,ase,train
gffrJXMS8Eo,UChTbPO97Nt0OTDvqSBjhrVQ,isr,train
gfhiVCwfvdQ,UCRLLiAzad5ts5gQGcPwrTFQ,ase,train
ggEYfNpOD3w,UCSMZ4td6mZMJVxJ2ow7zY4A,ase,train
ggJmxTr-DgE,UCv2GQt8cr66X8yqJoSsqF_w,fsl,train
ggVhRXwJw_w,UCqLGAeTQmlRVfLK6jAWvDxA,ins,train
ggcIyiXgwRU,UCuyQHJ4y76-i0w9N33vT-kg,ase,validation
ggeI9xiBCBc,UCuyQHJ4y76-i0w9N33vT-kg,ase,validation
ggmOWs3Ak2I,UCZ3vY1_AhI-UpoQwu-HqXgw,ase,train
ggouMQubrPo,UCaayieDFpDIZ1b_mspO_Rzg,ase,train
ggy5Ut8KAXQ,UCYfV7z7_SagQux-D2eHZ_OA,ase,train
gh1xoX-CTT8,UC75cYKm6WbSk-se1deWaD0g,hsh,train
gh3-smkADHg,UC99w_Bzj8ikOz8Gpv0prbNg,ins,train
ghLWgyaAdoI,UCSMZ4td6mZMJVxJ2ow7zY4A,ase,train
ghQgkCxn-pk,UCRRD3yalnoHR0ZvXqhiTI4Q,bzs,train
ghj1gXDzM70,UCuseIvrm7VZrcUJipa5yw9g,ase,train
ghlUhZ5L7AY,UCLWOJcqJyfsQXsqaJiOLZnw,ase,train
gi_XeL2uyh4,UCWVUF_aLbNrR_ObLwWZcU2Q,fsl,train
gicmXzck0IU,UC2fTQSA7GccUUtG6RrJq9Hg,pks,train
giqr6y4irAA,UCEp0rsZTbruVpumG5NLaNFA,ase,train
gj0mPt8OQpw,UCdGu1ASW0ltPioD7EAbxx-Q,ase,train
gjokkvwDdiA,UC7fVfWv6FL7HeTFeSLz-muQ,ase,train
gjv68O4RatA,UCTv9H7xRwNU4OoFBx3u01ZQ,sls,train
gjx_THzlEZQ,UClxAZnsU6AK4pX3dcFdSDPQ,ise,test
gk3HGhHVGwU,UCDWuLgx0vTYBGr1G-diNgSw,jsl,train
gkHmS2fo5ys,UCfZVPZf3Imj4GTrgDakZCSg,ase,train
gkJQYWx7bW8,UC-8TBU8-W613NU2ysMh8DWQ,ase,train
gkhkmwbCpP0,UCqLGAeTQmlRVfLK6jAWvDxA,ins,train
glS2W38MX8c,UChTbPO97Nt0OTDvqSBjhrVQ,isr,train
glbmr7rvWyM,UCs1S_ZbrCZw2xAJhK7ciBqQ,ase,train
glkco1ZeAw4,UCGisGwX9Mh6T6WrJsx-VjDg,pso,validation
gmSR2fVyVEs,UCzxWduRjGn_A8rEf_-FtL5Q,pso,train
gmZEkn7gx_8,UC75cYKm6WbSk-se1deWaD0g,hsh,train
gmfG1abmQ8Q,UCDL2Ug9aPMTAK0FDfWopZMw,ase,test
gn4QEg3YSgg,UCSNhfrkV9pxvUTAzfG6eu7w,ase,train
gnG2wwWeyP0,UC-IxzLFd4ph-4vv1-5VtfdQ,ase,test
gnNnIoVtmJs,UCYCp9K52rwatFrl5JOO_2Tw,ase,train
gnWQFAVtlwQ,UCyK_P6PID7pzK6eEwBPCB0w,ase,test
gnc2jMnwZAo,UCTwn0S3x3B8LKuPFN3ooAyw,ise,validation
go5P8v0njWk,UC99w_Bzj8ikOz8Gpv0prbNg,ins,train
goxdjxQUEWI,UC00w49_nb3oRX8rC5sGFdxQ,sgg,train
goyh9lM404E,UC4w8kiOjo276MJaJUg4K9EA,ase,train
gp0dTjcTcY4,UCZy9xs6Tn9vWqN_5l0EEIZA,ase,train
gp3D1u7GRQM,UC_RoM5lDLDEbdt9KDfmSCCw,ase,validation
gpS8ffqca9g,UC5H_CO6QGwd9hilVnfujz_w,bfi,train
gpYNWl4hGh0,UCFcpIA0onxgAkdsh3K0gpeQ,ssp,train
gpgH7B5oOCo,UCx8jxChJznkRPJCE79qldOg,pso,train
gq3v4oLmvFk,UCqtaBrGzW-WzWVdhrjCBQ4g,tsm,train
gqYMZ4qAbTg,UCBRYgj8lhwnr9FrETyJbYEA,ise,train
gqYZT9B6JtI,UC7grq7w27wu0zllsk4kBiFA,ase,validation
gqaQ8hdmx0E,UC0CVh4SoLLtlp0JotfSsnlQ,ase,validation
grSojgEboII,UCG5bHEgFD1KwXOLykXW2bvw,ase,train
grnzDtozmlc,UC6Sbc1vWr5J72WwfAyVMtiQ,bfi,train
grqN8du3InM,UCS7wVohIwd66b95xyuw7DFQ,ase,train
grzFRiQsu1Y,UCGisGwX9Mh6T6WrJsx-VjDg,pso,validation
gsAWbfTSG78,UCEPuAkI8Fx_dqb2RMoy00CA,asf,validation
gsFSDJPHCew,UCXAivKbEyzTb5tqwEu2ZDcw,ase,train
gsK9L8iOkOo,UC7QNujTpyZqhFrP51eTA8uQ,hsh,train
gsS934q7g7A,UC-_uxJSqfBKmSWcz4jeiY4w,ase,train
gtEA0-2hYP8,UCKVvflqgi2vEsFiQKAVzETg,sgg,train
gtKf-djw7SQ,UC75cYKm6WbSk-se1deWaD0g,hsh,train
gtKysIcdcgI,UCSMZ4td6mZMJVxJ2ow7zY4A,ase,train
gtiGisJHBXQ,UCo7TejyH1kOQ9_AXgYFx2Cg,ase,train
gtoY1sXrvw8,UCOV0oZgvWXSfJWjdPz65MZA,ase,train
guECvkgvuWI,UCeM9ju-z8IoVGomUJHd7DLQ,pso,train
gv0Udefwfvs,UCA17q6v88p8FOlSDiWFkYyQ,bfi,train
gvBHc-SY_2A,UCWif2ls3MB_CDmg4z17y6tA,ils,train
gvFosl2vFD0,UCoEjtaP7v7qhiLxArch137Q,ase,train
gvwkfR2RK04,UCpRhtdC_WIXa86E8vHlGfTg,ase,test
gwZ2lxU0rfk,UCaY5JjIf6cKZrynK9Oc3SYQ,asq,train
gwtH9cZ4_b4,UChTbPO97Nt0OTDvqSBjhrVQ,isr,train
gxH7TgrHoZA,UCwi0Uyqf_7E3EVNA1KG85uQ,ase,train
gxg65PxLC7U,UCWPkrOk-WKilNHCrpXa17JQ,ase,train
gy7QCI4nCVo,UCFfgJbY2jt4Notzk5M3baOA,asf,test
gyVs8kdylxY,UCuseIvrm7VZrcUJipa5yw9g,ase,train
gyzvh72QnwQ,UCxL5EZmsJbbN-vrvhL2-DJg,ase,train
gzDVl8ljHNY,UCe2lcoNfWAp4bc0JySWnkmw,ssp,train
gzISxBfBKy0,UCaTMaFNkTiwgsSQ7FYaiaTQ,ins,train
gznORGLq_WY,UC5H_CO6QGwd9hilVnfujz_w,bfi,train
gzqjLnXje8g,UCyl2koki10uOzPU3chYrHuQ,ase,train
h-30ufQi6Oo,UC75cYKm6WbSk-se1deWaD0g,hsh,train
h-5P7NNcbS0,UC55C6FrDNkoh1-S8tGHdCDw,ise,train
h-DgCfQeB08,UCYWJdRpk2jOOZaqvXGVjkxw,ase,train
h-K7HyAT8lI,UCRLLiAzad5ts5gQGcPwrTFQ,ase,train
h-kfRiqr0YU,UCakAJvPs-qC0iRrEd25sDxQ,asf,train
h-v_ZvoNVRg,UC75cYKm6WbSk-se1deWaD0g,hsh,train
h-zjdlwnb9M,UCjCBX_ZL4T0nCyq3AgFVsDg,asf,train
h0QbdJRLHs4,,ase,unassigned
h0_KEK2pCcE,UCptyUW42BpzR8opAt3TaYfw,ase,train
h0bQrwXm-BE,UCYWJdRpk2jOOZaqvXGVjkxw,ase,train
h0yvcXLJfk4,UCWif2ls3MB_CDmg4z17y6tA,ils,train
h149wT6jxQU,UC75cYKm6WbSk-se1deWaD0g,hsh,train
h18A03wTraY,UCqtaBrGzW-WzWVdhrjCBQ4g,tsm,train
h2huECmVADQ,UClH-iALhZ2niASkp-XSNGpA,inl,train
h2qjBFWolDM,UCYyRpJBseu43EojDdSUcSyA,ase,train
h3D4W25CJy8,UC2fTQSA7GccUUtG6RrJq9Hg,pks,train
h3dDKxma-2Q,UCuLgHM31H7PmEAY92jBSU_Q,jsl,test
h3eAv9tajfE,UC6l8hjo0gPmeY--yiqFGW9A,ase,train
h3qaj4gj-Z0,UCgPgI0FiLs8v18146Suwo-w,csn,train
h3uC5LbfDSg,UChTbPO97Nt0OTDvqSBjhrVQ,isr,train
h4IbZunM4hM,UC9eqB4hRn98rFhwBmWM5wSg,ase,train
h4Kyt4CVx7o,UCEPuAkI8Fx_dqb2RMoy00CA,asf,validation
h4UKEPYUeQo,UCe2lcoNfWAp4bc0JySWnkmw,ssp,train
h4wSapwpB4w,UCK-n3cLst9SuYfxk7oNhrlw,ase,train
h57GIUjFEl4,UCLq0QAPYJRxb4hN3DlYe2tw,ise,train
h5AjGIZMsTw,UCWVUF_aLbNrR_ObLwWZcU2Q,fsl,train
h65nScHi2pk,UC8dHtefYYC4TmhRS_0qtKTA,bzs,train
h6M4AD1U28I,UC5H_CO6QGwd9hilVnfujz_w,bfi,train
h6nh6vIJgh4,UCLZ-LkPh14mi5FAhz4XZovg,asf,train
h78oZ7f2DFs,UC75cYKm6WbSk-se1deWaD0g,hsh,train
h7R4S0x8u74,UCFuu8KsC_I8RUWsRopecLOQ,bzs,validation
h7cd7k04cnk,UChTbPO97Nt0OTDvqSBjhrVQ,isr,train
h8QLVAcu1iY,UCuyQHJ4y76-i0w9N33vT-kg,ase,validation
h8vduS0KOuA,UCwcJIfRFwLcZF_teq6A86dA,ssp,test
h94Oc4VlNvM,UC7fVfWv6FL7HeTFeSLz-muQ,ase,train
h970AmQhpEk,UC99w_Bzj8ikOz8Gpv0prbNg,ins,train
h9ECoiTrW_o,UCs98soN6aBb6gnfbrLl-W0w,???,train
h9MRtRXKJUw,UC-gc7H_gu_IYUAxO2cu6STA,ise,train
h9Tc85rSUVU,UCuyQHJ4y76-i0w9N33vT-kg,ase,validation
h9dGzYhOCMk,UCuyQHJ4y76-i0w9N33vT-kg,ase,validation
h9lQiLkaBNA,UCw8k42lRa3GdqXEF3lFL34w,gsg,train
h9t2WsGyg5w,UCK-n3cLst9SuYfxk7oNhrlw,ase,train
h9ynw3V9u7o,UC1f5xYbrZxLkklmGkow7AgA,asq,train
hAHJr98RA5c,UC0-eCrGKtSM_W8E1fT7Gy_g,ase,train
hAKsh3NUHqk,UCqLGAeTQmlRVfLK6jAWvDxA,ins,train
hBLk-9mn1UY,UCe2lcoNfWAp4bc0JySWnkmw,ssp,train
hBcgFttYudI,UC-_uxJSqfBKmSWcz4jeiY4w,ase,train
hBmfNEqPsvE,UC0C7ie_AlAHhg5d1zO8cURQ,ase,train
hC-WIfOlVZg,,ase,unassigned
hC4S4SIuNag,UCo7TejyH1kOQ9_AXgYFx2Cg,ase,train
hCUEBm6VY40,UCly32S4raahgie7UFjJ9jug,ase,train
hCf85_MLyCA,UC5Xzq4Gg6mSNymC4xIaZg1g,ase,train
hDItrHK4-vU,UC75cYKm6WbSk-se1deWaD0g,hsh,train
hDNKzpXoB3E,UCFfgJbY2jt4Notzk5M3baOA,asf,test
hDytsxRuZMY,UCWif2ls3MB_CDmg4z17y6tA,ils,train
hE92Gkj2CJg,UCyxmIWJ8ddzJ2Ct89DlTAIA,asf,train
hEdMFU5-k9Y,UC1jEbuHsxytc9ZFvv3lFx2w,ase,train
hF9dUAqg8xI,UCLq0QAPYJRxb4hN3DlYe2tw,ise,train
hFCXyB6q2nU,UC7fVfWv6FL7HeTFeSLz-muQ,ase,train
hFneVZhwM_w,UC99w_Bzj8ikOz8Gpv0prbNg,ins,train
hGKVBugcGNE,UC4KU3dXQfnJD45axc7vzahA,fsl,test
hHd4t8Bwn-0,UCjVpsnDflFe9dOWZWlnxUrA,ase,train
hHg5r1a4zo0,UCNMh0csop45XxYU0itusr1Q,jsl,train
hI9034SCDzQ,UCs98soN6aBb6gnfbrLl-W0w,???,train
hITp23B0mns,UCe2lcoNfWAp4bc0JySWnkmw,ssp,train
hIm76LKfe_I,UC4YIkyipvSWH51CYnKgvHbg,jsl,train
hJD5ECddnbQ,UCUW9iqeKBSdegW5onoBnx_w,hsh,train
hJioiyBiG1E,UCAUljvSQLJG3lX_K8kfrbWw,tsq,train
hKakqi7Uxfc,UCPTbovTtAz9LaZOSHLkpq-A,aed,train
hKjiMll80Ac,UCqHlSHUtVDs7ojsJJECE0Kg,csg,train
hLBNMikbD7M,UC2fTQSA7GccUUtG6RrJq9Hg,pks,train
hLGfgM9VTbM,UCAPKIo9ykV8iShMmG7c-BQA,swl,train
hLjwiSNQJ8U,UCk2r9xDistPkYkSTKP8CW1w,kvk,train
hLlDgNaWT2U,UCrOuWFZo1V42NXWWjHFqngg,ins,train
hM6wfk00K9U,UCljpiKbNcI3D8VKjQdm4tog,ils,train
hM8Ff1XWldw,UCaY5JjIf6cKZrynK9Oc3SYQ,asq,train
hMRbuWuDWsA,UC55C6FrDNkoh1-S8tGHdCDw,ise,train
hMm7R9bFhv0,UC7PByT-DKjERtGRmxfyWvnw,ssp,train
hMqxUhawDbU,UC75cYKm6WbSk-se1deWaD0g,hsh,train
hMzgDtUhLSE,UCqLGAeTQmlRVfLK6jAWvDxA,ins,train
hNA7zN3p4BE,UCtirNQgBeK0ism2OymloQ8A,ase,train
hNXkEVvFFSg,UChTbPO97Nt0OTDvqSBjhrVQ,isr,train
hNeWBzseO-U,UC4SqFeQL9FsN2A-2cBbUS5g,bzs,train
hNn2n9iNXgE,UC75cYKm6WbSk-se1deWaD0g,hsh,train
hNz5GVvrj28,UCJzu69TgtBwVc03QEP9gL6A,rsl,train
hOdtOpYVl6Y,UC_YxyGMlwnr9BYls9_mX9Eg,ase,train
hOi-iXTX9kc,UCgtGqac0XToRo3iql_TN-mg,ase,train
hOkBrQBweLM,UCXuTK8atuQJiJ-qLHbjgaag,bzs,train
hOvfUhgl6hU,UC6IwTu3DmTe5bsElEqO4rdA,fsl,validation
hPBNuq6Az08,UChRFBJVzl6c9ePdNALpU3yA,ase,test
hQJCl2qKwEA,UC7fVfWv6FL7HeTFeSLz-muQ,ase,train
hQj7QBvwm2Y,UC75cYKm6WbSk-se1deWaD0g,hsh,train
hRSP2ywiVmY,UC9MGNRfXnAFlg_KQWBWQCyg,ase,validation
hRT2XU34hao,UChTbPO97Nt0OTDvqSBjhrVQ,isr,train
hStn03G0JUQ,UCKki8PhClHFEiaSdKNXxilQ,ase,test
hT2abCBPcCU,UCwzVsKoPqosJOb5qRK_33UA,ase,test
hT6ix66ZpG8,,ase,unassigned
hTKXQKj7r5I,UC5Xzq4Gg6mSNymC4xIaZg1g,ase,train
hTe5fEb8pEk,UCN0chJ4uqWKkUKaitlj-nlw,ase,train
hTmHsG3yb9k,UC75cYKm6WbSk-se1deWaD0g,hsh,train
hTsOYXjXKYg,UC75cYKm6WbSk-se1deWaD0g,hsh,train
hUDzfp2awf8,UChTbPO97Nt0OTDvqSBjhrVQ,isr,train
hV1sVB94QxA,UChTbPO97Nt0OTDvqSBjhrVQ,isr,train
hV2WV79wqKA,UC75cYKm6WbSk-se1deWaD0g,hsh,train
hX2b55QE9vs,UC2fTQSA7GccUUtG6RrJq9Hg,pks,train
hXJ7W6Ogp-w,UCWif2ls3MB_CDmg4z17y6tA,ils,train
hXMNWHEleF8,UCgvywbxAcsgJr_gfpqKLXXw,pso,train
hXiEKjJ4Xp0,UCA17q6v88p8FOlSDiWFkYyQ,bfi,train
hXigyLkUVF4,UC9iTjM1LI5k60EhfTwNPO5w,ise,train
hYefU8MLyOs,UCWif2ls3MB_CDmg4z17y6tA,ils,train
hZaBVdr0gXE,UC75cYKm6WbSk-se1deWaD0g,hsh,train
hZd6HLwVBn8,UCRFvc2c4c9zSx-cFX9pvDSg,bzs,test
h_e4Yb5uev4,UCe2lcoNfWAp4bc0JySWnkmw,ssp,train
h_rN1A_m2N8,UCLwjQ2R8M8YuItmwWIZpmEQ,jos,train
h_vKw05WIPg,UCTwn0S3x3B8LKuPFN3ooAyw,ise,validation
ha0p6_0WCms,UCWbnHpCljj8MuTeNnCiNVew,ase,train
haRTiR6KECs,UCMbT7f3uBbPv5dCPu7ND-yA,swl,train
hbFfmBX7JWs,UC1xPhlKUKuJ3JH21N8ipwpQ,ase,validation
hbcraybps6Y,UCDivIPRtPf_EHSiRfkwkfZA,bfi,train
hbrz4P24BEo,UC7fVfWv6FL7HeTFeSLz-muQ,ase,train
hcE6r7c2rB8,UCCc8C5-pdljW2MgeNRl9WUA,ase,train
hcOQBpl8Hc0,UCXuTK8atuQJiJ-qLHbjgaag,bzs,train
hcZn_qhbEuc,UCJeBnwmzj3tVtS-3-sSOC_w,hsh,train
hdrtBJfjPXw,UCaY5JjIf6cKZrynK9Oc3SYQ,asq,train
hdzONV9TtT4,UCvkkYDZ-kmS0I8kNIS9eB4Q,ase,validation
he5i9Qk39W8,UC99w_Bzj8ikOz8Gpv0prbNg,ins,train
heCqgGu35kQ,UC1G3g-bBbvVR5oyJO3QIV0w,jsl,train
heDkHcOAV0U,UClGDOLoNsjEHpk3yKC5Kb_Q,ase,validation
heJwLAwERYg,UCRwPaAUrbOL4X7WgxZzIOpw,ase,test
heiKLEMF81c,UCIYyD-O85i1hNkZ8354aX8g,ase,train
herrr5HNaBA,UC7fVfWv6FL7HeTFeSLz-muQ,ase,train
hetBDZTTDBI,UCe2lcoNfWAp4bc0JySWnkmw,ssp,train
hf5IXslfMnU,UCEHAon853bhtduoG9Q-OmiA,ase,train
hfVMqkmB0to,UCyD6epypPmiwcb_0n7hofuQ,swl,train
hgFVYkJP4Xw,UC1MaCy_rNO8gaMHvfQhHUIA,tss,train
hgFYBd81hSg,UC75cYKm6WbSk-se1deWaD0g,hsh,train
hgHhcVM-wKQ,UCAUljvSQLJG3lX_K8kfrbWw,tsq,train
hgWV2qTJ-tU,UC75cYKm6WbSk-se1deWaD0g,hsh,train
hgo99bPc3VE,UCJzu69TgtBwVc03QEP9gL6A,rsl,train
hhAoPn6d64Y,UCrwT2BnMAWcUclwmlme4uHQ,ase,train
hhw4QHB2aFM,UChTbPO97Nt0OTDvqSBjhrVQ,isr,train
hiIw9fT24RI,UCNMh0csop45XxYU0itusr1Q,jsl,train
hivOR3-tdYw,UCtjEjgYtRZWFL9pWa4yxtXg,jsl,train
hjV26CcXkoM,UCuseIvrm7VZrcUJipa5yw9g,ase,train
hjVsCy7cP-A,UCK8OTYl4j05_9OvJ7JKKUmg,ase,train
hjoq-cLykf0,UCaY5JjIf6cKZrynK9Oc3SYQ,asq,train
hk0w5GI22q4,UC7PByT-DKjERtGRmxfyWvnw,ssp,train
hl1rP3cIV1g,UCBRYgj8lhwnr9FrETyJbYEA,ise,train
hlLxXfsDrrA,UClv1kekXgC4s8Is-f1OBqQg,ase,train
hlcfmuwzcyU,UC75cYKm6WbSk-se1deWaD0g,hsh,train
hle2CVBp_AA,UCWAVxwEn9KPfQ0exkK1bzkw,ase,train
hlmLuZvQc4E,UCqK9PQV16nIdTwqhHgxhmnQ,ase,train
hm70wXKIzGc,UC6OCXcxQ4yKoPfsUPWg99bg,ase,train
hm7CtZIon_s,UCFuu8KsC_I8RUWsRopecLOQ,bzs,validation
hmHkMMz00KM,UCYWJdRpk2jOOZaqvXGVjkxw,ase,train
hmJJH2vrvrw,UCfaz727ukS3eFYNLysA9rRw,bfi,train
hmTlQBTEH5c,UCqd6eos5-i46NbDH1uLWdFQ,bfi,train
hmcTNPYGSS8,UCCkAfmCTGkgJi3QlB_6vkqw,jsl,train
hmxQ6roFa_M,UCyAPbimBAxWyMA0t96UTbbg,svk,train
hnE1DfdAFPI,UCgvywbxAcsgJr_gfpqKLXXw,pso,train
hnLMiACaF1o,UCChKgcgVNfCT2wO1AJwNkGA,jsl,train
hnm9fvj4SMs,UCyK_P6PID7pzK6eEwBPCB0w,ase,test
hnuf1u2vjeE,UCBdpdF0Q7UVBrJRrGgN1PeA,ase,train
hnyYQtNVXZ8,UCScR0I-J7gGR2jRCjcrt9Og,isr,train
hoLln9gfUs8,UC3hOdPWDnQBs9NTt3y2fPRg,ase,test
hpGg9LtosO0,UCScR0I-J7gGR2jRCjcrt9Og,isr,train
hpHi83M5gY4,UCWif2ls3MB_CDmg4z17y6tA,ils,train
hpOmI9hBgXo,UC7JuChYmxhljc49dE3JG6Zw,ise,validation
hpS3xd12Q70,UCEPuAkI8Fx_dqb2RMoy00CA,asf,validation
hpduEDkIeN8,UCvd8SHzSp07_U55qFI0-dDA,ase,train
hpmdlLNwkJk,UCXuTK8atuQJiJ-qLHbjgaag,bzs,train
hrUih9dkBeQ,UC0UwRthhSbvihspoOxi2rEw,ase,train
hrX4opMDb14,UC4SZKFE6fYmZyBmaqtedjsg,ase,train
hs9TMJoPenI,UCSMZ4td6mZMJVxJ2ow7zY4A,ase,train
hskAEf3XUC4,UCLB6I_tLs5ardhO_HRyKN0A,swl,train
htYpuY6krzo,UCpARoKN7T1LFzpJyc55XeGg,ase,train
hu0e7YmPI5A,UCCZ_femzSxK1e936MTU9TaQ,asq,validation
huNawG9KSaE,UCyCn7hXN9_GNAxGWpSVOSRw,ase,train
huVcY7VlNrA,UCWPkrOk-WKilNHCrpXa17JQ,ase,train
hvYuJWqs9PI,UC5Xzq4Gg6mSNymC4xIaZg1g,ase,train
hvvqROzCjyY,UCw9dHBM1L_9FeM84tS13vjA,ase,train
hwoCpVw1jPk,UCkaVvxq4vAwZxRdMQJVBB-A,ase,train
hx5E-REehP0,UC75cYKm6WbSk-se1deWaD0g,hsh,train
hx6QEtdShzM,UCZy9xs6Tn9vWqN_5l0EEIZA,ase,train
hx6szn2fxv4,UCz6wzawS3NStnjh22q9HOgQ,nsl,train
hyBabPMq9eM,UCw8k42lRa3GdqXEF3lFL34w,gsg,train
hyMe3k21y2c,UCPhL8NgtWnLbLrInJ4gFNgg,ase,train
hywPGPtreuA,UCH6oKfZqDYtICKxb0vWET0A,ase,train
hz6rOH2LL7Y,UCMbMAgq4cyR4uFt5qR2obqg,ase,train
hzOSgSs-fkk,UC75cYKm6WbSk-se1deWaD0g,hsh,train
hziiFxeL5xc,UC75cYKm6WbSk-se1deWaD0g,hsh,train
hzrY_iefM88,UCKc4tr7djlPn1jc9IUlLw3w,asf,train
hzyI9pl_R1w,UC_xOGUF8Qoa6_CD2NMVttJA,tss,train
i-Z3265wA10,UC75cYKm6WbSk-se1deWaD0g,hsh,train
i-qoNdRLTig,UC75cYKm6WbSk-se1deWaD0g,hsh,train
i02cSjHVGl8,UClv1kekXgC4s8Is-f1OBqQg,ase,train
i0thkzOl2Lo,UCTi9woRHA4r8e3oEWF8hxTA,aed,train
i1-eXoISRoo,UCWif2ls3MB_CDmg4z17y6tA,ils,train
i1InXD3ug8c,UCWif2ls3MB_CDmg4z17y6tA,ils,train
i1rLUDdrLIw,UCzXNfOVXNYqjFPgMly-1AvQ,isg,train
i2446soZDHo,UC4VHfRJHnbcGVLcr9vQIihQ,bfi,train
i2YxzlGooeQ,UCuseIvrm7VZrcUJipa5yw9g,ase,train
i2soE7x6wWM,UC99w_Bzj8ikOz8Gpv0prbNg,ins,train
i3kLrLW6HiI,UCAPKIo9ykV8iShMmG7c-BQA,swl,train
i3l69krUgH4,UC7PByT-DKjERtGRmxfyWvnw,ssp,train
i4W4a3JDXCU,UCYnxGaBJ2NrdBhjqjW1mtFQ,kvk,train
i4nAL393br0,UC99w_Bzj8ikOz8Gpv0prbNg,ins,train
i5LTtlwd6aM,UCR7_ied3vPnb7Jwmplsz4ug,ase,train
i5N00xvxAGI,UCSMZ4td6mZMJVxJ2ow7zY4A,ase,train
i5_ElxSItlI,UCbdRgG-NhSwFlRV3MGVp_cQ,dse,train
i5bbd54dMuQ,UCbeKmUu6oGcivNY_VWbAH7w,ase,train
i5klRH2MurY,UCCkAfmCTGkgJi3QlB_6vkqw,jsl,train
i5yON14L0-8,UCAwUq47FcxxDL68rM4wf2ZQ,asf,train
i5z_Wj74sk8,UCky7bYWLr_5JfYNfdiFYxJg,ase,train
i62K72LRysA,UC-gc7H_gu_IYUAxO2cu6STA,ise,train
i6Ovq4ae1JE,UCBRYgj8lhwnr9FrETyJbYEA,ise,train
i6Qwf4SR7pY,UCDsoH108wJ2A0GWVbv-laWA,bzs,train
i7GsziP_VuE,UCBCs1xqY-gSUDuGuS5fas_A,ase,train
i7XXDfdwcgY,UC7PByT-DKjERtGRmxfyWvnw,ssp,train
i80COPpSx3A,UCEnFNUBjw4HYljfiU7In3hA,pso,validation
i8Oz3jVyw8k,UCQukMGEToh7Dcjsl8ZADaOw,ise,train
i9GBUGn5Ux8,UCI4A_xft-8uziHWd1-Q0NWA,ase,train
i9ObQdbz0_M,UCh42ceM8E8vZ-mft8yGqKLA,ase,train
i9lSclUlbbM,UCBRYgj8lhwnr9FrETyJbYEA,ise,train
iAFTtV84_to,UC-gc7H_gu_IYUAxO2cu6STA,ise,train
iCYsKy9RTYo,UC_9x0YFY3tQhHD1oxDriZ9g,sgg,train
iChaXD814Vw,UCqd6eos5-i46NbDH1uLWdFQ,bfi,train
iCy00vnHvhg,UCbt8SycZej80mabDtc-wuEQ,asf,train
iEQ7Zs9dOwU,UChTbPO97Nt0OTDvqSBjhrVQ,isr,train
iEsldSJnmMU,UC_wh7CAHsakVopKtr8NnXsA,jsl,train
iEtz-AwaL5s,UCck377QxTeXnjGOi91viehA,ase,train
iEyFkcGT72A,UCXuTK8atuQJiJ-qLHbjgaag,bzs,train
iFI7zHgCBU0,UCwcJIfRFwLcZF_teq6A86dA,ssp,test
iFPBw_h2XEo,UClv1kekXgC4s8Is-f1OBqQg,ase,train
iFQQeikGiaA,UCjCBX_ZL4T0nCyq3AgFVsDg,asf,train
iFeDsG2GVV8,UC8dHtefYYC4TmhRS_0qtKTA,bzs,train
iGENZbcb4sU,UCWLq7y6N3Y1bu6A_hVTSc9w,ase,train
iGHIms2lSLY,UC75cYKm6WbSk-se1deWaD0g,hsh,train
iHCMoqUipqE,UCaTMaFNkTiwgsSQ7FYaiaTQ,ins,train
iHMNwCoSR1g,UC6KXacw2w-LcvsxuiVcLMWw,ase,train
iIHGIQvItyY,UC6b1zI_hrSg-1nAndUEapeQ,ssp,train
iITdL-pg0y8,UCVyZAL0gVs8BXVUhaQuuShQ,ase,train
iIuXX-z1wRU,UCszvwqbz04iulT9divgrNHw,ise,train
iIzIKGSushc,UCaTMaFNkTiwgsSQ7FYaiaTQ,ins,train
iJAHeGgNKbo,UClLi6PyyEg0JZ8fWEDHY2sQ,ase,train
iJRZLhBzfb4,UChTbPO97Nt0OTDvqSBjhrVQ,isr,train
iJx3mw144oo,UC4SqFeQL9FsN2A-2cBbUS5g,bzs,train
iK8PkjDYt-8,UCRIVVjFGILISEpO8H32L62A,ase,train
iKC5QaxNEI8,UC7fVfWv6FL7HeTFeSLz-muQ,ase,train
iKJOp7ZFQjg,UCqtaBrGzW-WzWVdhrjCBQ4g,tsm,train
iKSXvf2jL5k,UCzXNfOVXNYqjFPgMly-1AvQ,isg,train
iKgysob-HIw,UCWif2ls3MB_CDmg4z17y6tA,ils,train
iLVluI9hMF8,UCAPKIo9ykV8iShMmG7c-BQA,swl,train
iLbtJIyvxa8,UC75cYKm6WbSk-se1deWaD0g,hsh,train
iMRQd8VXiZs,UCdIvqFPX1iDFs4FVC5Hq7YQ,ase,train
iMUCSJCWMMI,UCS7wVohIwd66b95xyuw7DFQ,ase,train
iMneBnK5gcw,UCoA3JvRkP1z3GE6x5jo6OzA,rsl,train
iMtaJf-6efQ,UC75cYKm6WbSk-se1deWaD0g,hsh,train
iN6MQ5sq8Go,UCFyhiizY8-4GUcAeYQlylMg,jsl,train
iN982Aq87F0,UCTi9woRHA4r8e3oEWF8hxTA,aed,train
iOeJfwELnWs,UCueMY0S0vAPcmJNYXpxjlUA,ase,train
iOg20AUaBpI,UCufxp6ZwK8zEstJ4BISgG4A,ase,validation
iOjnonVaG3A,UCYWJdRpk2jOOZaqvXGVjkxw,ase,train
iP2ncGqY_Eg,UCWAVxwEn9KPfQ0exkK1bzkw,ase,train
iPDBPGPhhKs,UC7JuChYmxhljc49dE3JG6Zw,ise,validation
iPv0kjXJRhM,UCR7_ied3vPnb7Jwmplsz4ug,ase,train
iQ5jVOnPue4,UC7rtwOJBv4c4PyIhSFvg3Hg,bzs,train
iQSvwx-yxM4,UC4YIkyipvSWH51CYnKgvHbg,jsl,train
iQYlF4AC2iY,UCLULAdF1-hor45QMG5DsjXQ,ase,train
iQmVEHeTYfY,UCEPuAkI8Fx_dqb2RMoy00CA,asf,validation
iQnBqmwyq1E,UC5H_CO6QGwd9hilVnfujz_w,bfi,train
iQzh0fgbTs4,UCAPKIo9ykV8iShMmG7c-BQA,swl,train
iR5XUL_emEo,UCtjIqg2E-jLV3hlkRfVTmKA,ase,validation
iRYepc9MsLY,UCLwjQ2R8M8YuItmwWIZpmEQ,jos,train
iSKUNkTP6uw,UCrdYVJMiz9i3wCY1oueNQbw,aed,train
iSLQo8u8568,UC75cYKm6WbSk-se1deWaD0g,hsh,train
iSyUC4tsVU4,UCYWJdRpk2jOOZaqvXGVjkxw,ase,train
iT4KGaw1cYI,UCyK_P6PID7pzK6eEwBPCB0w,ase,test
iTVc5fLHBGw,UCQukMGEToh7Dcjsl8ZADaOw,ise,train
iThrgF9bWTA,UCQ_jW1xLUF7Sg711yXVvQPQ,ise,train
iUJ8zwx7JAU,UCuyQHJ4y76-i0w9N33vT-kg,ase,validation
iULY-WFmw_M,UC5H_CO6QGwd9hilVnfujz_w,bfi,train
iUMoVpmbld0,UC75cYKm6WbSk-se1deWaD0g,hsh,train
iUZxwS2GK6I,UCjPPwDpyAdcFCm1Al3i9Nfg,ase,train
iUf09_NMpbg,UCqtaBrGzW-WzWVdhrjCBQ4g,tsm,train
iUhhL-zizkU,UChTbPO97Nt0OTDvqSBjhrVQ,isr,train
iUq3VNW-DgU,UC5sQwUTU5uXe2cShQKviNOw,ase,test
iVFniuMdPJs,UCGLOly45we_1ZTXAXF7TZDA,asq,train
iW-5J1tFpMw,UCaY5JjIf6cKZrynK9Oc3SYQ,asq,train
iW1b-C2w0Mk,UCyIjlBUwgXeKO6MZ2Ospaxw,jsl,train
iW9UD8rNkKg,UC99w_Bzj8ikOz8Gpv0prbNg,ins,train
iWJgaNo9Z04,UCyl2koki10uOzPU3chYrHuQ,ase,train
iWzU8xsGLQg,UCEPuAkI8Fx_dqb2RMoy00CA,asf,validation
iXRwYg8KXNQ,UChTbPO97Nt0OTDvqSBjhrVQ,isr,train
iY-0GNHgnlg,UCyK_P6PID7pzK6eEwBPCB0w,ase,test
iYxEEsK5Szo,UC_wh7CAHsakVopKtr8NnXsA,jsl,train
iZ3bPGoqZ7w,UC-gc7H_gu_IYUAxO2cu6STA,ise,train
iZDQXGIm_jI,UCuyQHJ4y76-i0w9N33vT-kg,ase,validation
iZNAXIzYyU4,UCmx1SQQRLvWzF2uMMhOIOzg,ase,train
iZPEIX_egyc,UCUW9iqeKBSdegW5onoBnx_w,hsh,train
iZlwt25eX4A,UC4VHfRJHnbcGVLcr9vQIihQ,bfi,train
i_W1QHPyD9U,UCNwQV9aYkwmPaSrFXgrReiw,svk,train
iaWkobV_WZg,UCUG55S8guAvcrxLt2yfieag,tsm,train
ib8PW8f9TTU,UC3D3um9BcGkQzquorcKWQLQ,ssp,test
ibJOtSYgt5s,UCGQ1207d-sBzP6ak1k68qyA,ssp,train
ibQRXSIqmtI,UCNMh0csop45XxYU0itusr1Q,jsl,train
ibRxTMhgDbI,UCfSW63gpYNn98Wln-2lOmgQ,ase,train
ibpEgz-fJr4,UC75cYKm6WbSk-se1deWaD0g,hsh,train
ibwTOzEWmes,UClyngyD31Bj6fPGCDyobHYA,ase,train
ic3TvCCOaSs,UCEPuAkI8Fx_dqb2RMoy00CA,asf,validation
icGCA089G5k,UC55C6FrDNkoh1-S8tGHdCDw,ise,train
icz0ANRwxzk,UCAPKIo9ykV8iShMmG7c-BQA,swl,train
id8V0oVZMe0,UCe2lcoNfWAp4bc0JySWnkmw,ssp,train
idEUjUhhF70,,isr,unassigned
id_HAlDh44k,,ase,unassigned
idbrFrQnamo,UC1RSAi5juo6mvCBDdmPKX7g,ase,train
idllwnIRb-0,,jsl,unassigned
iduJdHj0ioo,,asq,unassigned
ie5nC0elJRg,UC7fVfWv6FL7HeTFeSLz-muQ,ase,train
ieIJz7DTPws,UCAPKIo9ykV8iShMmG7c-BQA,swl,train
ieslSlHnZ4k,,ssp,unassigned
ifUVMeh3rEk,,ase,unassigned
ifXiQ2Gn-SE,UCuyQHJ4y76-i0w9N33vT-kg,ase,validation
if_DUfcvr_w,,icl,unassigned
igSGrzcpMN0,,bfi,unassigned
igk-oGOFUy4,UC55C6FrDNkoh1-S8tGHdCDw,ise,train
igoRK4cBSzk,,hsh,unassigned
igv6d0If9lU,,jsl,unassigned
ihEix-18COs,UCIeFO--ijTiM9q7c3EaDbhA,hsh,train
ihIieZ5wPBs,UCCkAfmCTGkgJi3QlB_6vkqw,jsl,train
ihRyX4agAE8,,tsm,unassigned
ii0OGXaMx_U,,hsh,unassigned
iiWWh9Jlj08,,ase,unassigned
iiah9kJScp4,,hsh,unassigned
iikY6O9shyU,UCIF8joER1Amy-1xUKR-7QcQ,asq,train
iirK0tT1IzA,UC99w_Bzj8ikOz8Gpv0prbNg,ins,train
ijNVkcP5ljc,,tsm,unassigned
ikH1Wp0v7VQ,,hsh,unassigned
imNlzLqzsyk,,icl,unassigned
immlxwC6pSQ,,ise,unassigned
io7AZ8BkvD8,UC75cYKm6WbSk-se1deWaD0g,hsh,train
ioOlEiuWnos,,ins,unassigned
ioTKcqNpOJQ,UCD3q4xb2dU5BzbmiflhQMVw,ase,train
ioXalnrsT9E,,hsh,unassigned
iog5r18Xs0c,,ils,unassigned
ip5CcDZJmV8,UCWif2ls3MB_CDmg4z17y6tA,ils,train
ipFj7lrLK4g,UC9UOORnRlRi5BhwQclMP1wg,lls,train
ipVrvB91NWk,,gsg,unassigned
ipbAh5pTVHg,,ase,unassigned
iq0b7ycuYUI,UC5H_CO6QGwd9hilVnfujz_w,bfi,train
ir8rum43jew,UC7x0gXMnL58gq1hKLo1Ibqg,ase,train
irY_JLR6xCs,,ase,unassigned
irqC_c5QLdw,UC3zMiJyrJA7fyy78kEUAq5g,fcs,train
irvK16d0QbI,,ase,unassigned
isanv09J18A,,hsh,unassigned
ishjXSub7gY,,bfi,unassigned
ismp_DmGrHQ,,asf,unassigned
ispp-uRJLoc,,pks,unassigned
ispxhDR7ZUQ,,swl,unassigned
iu2BJoWMdK0,,hsh,unassigned
iucd482mC58,UCDivIPRtPf_EHSiRfkwkfZA,bfi,train
iuvTggRzKoQ,UCwPpG8vaKodLUUUREMv7J3w,swl,train
iuzCDd_6lyQ,,ase,unassigned
iv3zyHK1bUc,,ils,unassigned
iv73HVuFzEs,UCFcpIA0onxgAkdsh3K0gpeQ,ssp,train
ivCO0fCFwj8,,ase,unassigned
ivmuFdWA2Mo,UCs98soN6aBb6gnfbrLl-W0w,???,train
ivyqQreoVQA,UCufxp6ZwK8zEstJ4BISgG4A,ase,validation
iwHY5q_KFGU,UC1G3g-bBbvVR5oyJO3QIV0w,jsl,train
iy2FGhQ1TEQ,UC5H_CO6QGwd9hilVnfujz_w,bfi,train
iy77SDiLK98,,swl,unassigned
iyDKel55tfo,,ase,unassigned
iygNPi9jdnw,UCXuTK8atuQJiJ-qLHbjgaag,bzs,train
iyoW_A94tZo,UCe2lcoNfWAp4bc0JySWnkmw,ssp,train
iz5SyQmygBU,UC75cYKm6WbSk-se1deWaD0g,hsh,train
izES-hb4FQY,,ase,unassigned
izLT-f6rLc0,,ssp,unassigned
izNeTJ3fn3I,,jsl,unassigned
izNqtTQy6ms,,rsl,unassigned
izpAXTc0Hy4,,ise,unassigned
j-Q4bUwerbY,,ase,unassigned
j094SPfk-bE,,hsh,unassigned
j0HCE9sHaT8,,bfi,unassigned
j0Ph-jJOEr8,,ise,unassigned
j12NA_ewywQ,,bfi,unassigned
j1V385_Q5SY,,tsm,unassigned
j1yrSsnDGoM,,jos,unassigned
j2a2fry_KeA,,ils,unassigned
j32SoPtfGG0,,ase,unassigned
j3L4uCsUdqc,,swl,unassigned
j4OU-73F9uA,,bzs,unassigned
j4hPZ7OMJzw,,ase,unassigned
j5DWOSgILE8,UCyIjlBUwgXeKO6MZ2Ospaxw,jsl,train
j5FxKYfbQ8I,,tsm,unassigned
j5Z11k4jYYs,,ils,unassigned
j5qa6NykqLo,,ase,unassigned
j6ARbq_CiJc,,jsl,unassigned
j6kbCdEfzE8,,ase,unassigned
j6t06CHagVc,,ase,unassigned
j7fxrlgRXRs,,asq,unassigned
j7g7DyYi9jI,,ins,unassigned
j7mXd49r2Bs,,ase,unassigned
j7wqqQbNhbc,,asf,unassigned
j9DvVKMxPi0,,bzs,unassigned
j9jSj1oFzes,,ase,unassigned
j9og6lckaLM,,???,unassigned
jAOQQOebfuI,,ase,unassigned
jAjn_v1paYc,,ase,unassigned
jAqRRSqw44A,,swl,unassigned
jAyKCaXrN_Y,UC8dHtefYYC4TmhRS_0qtKTA,bzs,train
jBPQLRHLOOg,,ase,unassigned
jBS2RRF40Qs,,ssp,unassigned
jBlZgJ_p3_8,,ise,unassigned
jCONT_wT2e4,,rsl,unassigned
jCkiqY7Sxxs,,ase,unassigned
jDyuaU5bR2M,,ase,unassigned
jEMTN3_KwMk,,isr,unassigned
jEMspFzdcdo,,ise,unassigned
jEOl4do2loA,,ase,unassigned
jEWwm0R_pKI,,ase,unassigned
jEpw9On32nI,,ase,unassigned
jF1F4N8n5cQ,,isr,unassigned
jFEV9oTU0Mw,,ase,unassigned
jFmi2TvTnWk,,ils,unassigned
jFnPxVT5eko,UCS7wVohIwd66b95xyuw7DFQ,ase,train
jGSy2rm8X5Y,,slf,unassigned
jGWuW5Me2m8,,ase,unassigned
jGaqc7z768c,,ase,unassigned
jGoDXwgDCNU,,ase,unassigned
jH2jNdcobes,,jsl,unassigned
jI5W6ZbmifI,,jsl,unassigned
jIIYhIS4g7k,,ise,unassigned
jIS0ti76pUU,,ase,unassigned
jIZIWj_shq4,,ase,unassigned
jIdjUfHvvGU,,ase,unassigned
jIqzg4TXPI8,,ase,unassigned
jIsBG_9u8n4,,ssp,unassigned
jJ17KDvoCX8,,ssp,unassigned
jJ3JsDUOgfU,,ise,unassigned
jJMfG3yjwYg,,ase,unassigned
jJo1U0U5K9A,,ase,unassigned
jJq-IFzmisQ,,jsl,unassigned
jJxWCbqmA6s,,ase,unassigned
jKA8OorhgC0,,bfi,unassigned
jKOF6UWfspw,,ase,unassigned
jKOyZvAcoaE,,ase,unassigned
jKQikB0Z_ZE,,hsh,unassigned
jL7mc1b7F9A,,ase,unassigned
jLHnx83qbc4,,ase,unassigned
jM9PsdmxC1Y,,isr,unassigned
jMZK-JCiuqk,,ase,unassigned
jMohRuJBwaY,,ils,unassigned
jMv8R1V90Zk,,ase,unassigned
jN8Ta2FtPF4,,ase,unassigned
jNFN-NGihTo,,bzs,unassigned
jNh-oC_Hyyk,,bfi,unassigned
jNqEEbaoUSE,,bzs,unassigned
jOUMv1QK7l0,,cse,unassigned
jOXdPLKz22I,,ase,unassigned
jOsquthKPkw,,ase,unassigned
jOuxenSCE9c,,ase,unassigned
jPHcGzrH0Eg,,???,unassigned
jQVkK0xVnVU,,ase,unassigned
jR653Is4Pj4,,ase,unassigned
jRMX2sphQT0,,ase,unassigned
jRS_lCP9Zhs,,bfi,unassigned
jSY8xBh5wA4,,ase,unassigned
jT1LKcym2xM,,ase,unassigned
jTdCZ9i1WY8,,ase,unassigned
jTeHTU9Hsbo,,jsl,unassigned
jTwlirF08e4,UClv1kekXgC4s8Is-f1OBqQg,ase,train
jUo_h2FlBPI,,ase,unassigned
jVAVpyEcYgw,,fsl,unassigned
jVD1XSsebMQ,,jsl,unassigned
jVqzQq4LJbw,,ins,unassigned
jVxhUgrjb4A,,ase,unassigned
jVywwVURjCM,,ase,unassigned
jX7wvAHF0Jk,,ase,unassigned
jXP06ziY7Ms,,ase,unassigned
jX_FG4--pLU,,ise,unassigned
jY-U1bBErks,,isr,unassigned
jY0xjmJOQyY,,ils,unassigned
jYPIzg1NWIQ,,ase,unassigned
jYPa8nkl7F8,,aed,unassigned
jYaxeq1r5iY,,jsl,unassigned
jZRhU2SsKWI,,sls,unassigned
jZd4pEjFQxA,,ise,unassigned
jZlBlJln0PY,,ase,unassigned
jZtDK2H-uRc,,fss,unassigned
jZunjEvOGAo,,gsg,unassigned
jZylREfpGdo,,ils,unassigned
j_V_l810pmE,,ase,unassigned
j_XwIDiktNg,,lls,unassigned
jb9aUfzMNSc,,fse,unassigned
jbVlpbuEmGg,,ssp,unassigned
jblwuJenctc,,bfi,unassigned
jc-5NENzb_c,,hsh,unassigned
jcOb1kYLMUI,,jsl,unassigned
jcaLFWWOUds,,ase,unassigned
jdYt1EVn4Gg,,ise,unassigned
jdrA3Btanew,,hsh,unassigned
jeLD_aNyVwI,,ise,unassigned
jeLHxfm5ozs,,ase,unassigned
jf6xwQe6jFU,,fcs,unassigned
jfEQvQ_O4b8,,ase,unassigned
jfO7q-qEOnY,UCQJVI4-q2aT-9pSEmwtrMoA,ase,validation
jfOgCGAGZok,,jsl,unassigned
jfTmHuxfAZc,,hsh,unassigned
jfWbrySQfrU,UC99w_Bzj8ikOz8Gpv0prbNg,ins,train
jfyrPB5z8NU,,isr,unassigned
jgMrs2wLp7A,,tsm,unassigned
jgX_yTkkxs8,,ase,unassigned
jh4xBrVE24Y,,jsl,unassigned
jhMGRHu8sLI,,ase,unassigned
jheSPc2598w,,swl,unassigned
jhgGEU7Yd2Q,,hsh,unassigned
jhz78UxMHuc,,hsh,unassigned
ji-T81F9yeQ,,ase,unassigned
jiBp6zvFX2g,,ase,unassigned
jikES4B1jOw,,ase,unassigned
jimmbOuVOd4,,ase,unassigned
jioR3cWNzLc,,ise,unassigned
jj9NPUw4yfo,,ase,unassigned
jjhrZ0DJY7E,,ise,unassigned
jk06BEKQNTg,,swl,unassigned
jk4x_twzcLU,,swl,unassigned
jkZHbuf4FwY,,hsh,unassigned
jkue5aLLOQM,,ise,unassigned
jkyn6IVXgtA,,bfi,unassigned
jl77Ws2IuWU,,ase,unassigned
jlLit2q9Wq4,,bfi,unassigned
jlMtogtVIjk,,ise,unassigned
jlX8o1KGA10,,ase,unassigned
jlztUp61gKk,,bfi,unassigned
jm4Uf2K7jrc,,ise,unassigned
jmGO_DPgANQ,,ils,unassigned
jmuSF4IQfyA,,???,unassigned
jnCIudqgxX4,,ase,unassigned
jnHy2Dx44vk,,ase,unassigned
jncRNIKJyIQ,,ase,unassigned
jneNA309RFQ,,tsm,unassigned
joOOfwig70o,,ase,unassigned
jojGmQKhTLo,,ase,unassigned
jpsALEftfss,,ase,unassigned
jrmejcANHZc,UCT_ibOnQ79FD6UX9nUwl1Fw,ise,train
js6EqA_P8XU,,ase,unassigned
jsGTbAvBCCc,,ssp,unassigned
jsMW-pFs10M,,fcs,unassigned
jshvhmCfyqA,,ins,unassigned
jtZwdIAa08k,,bfi,unassigned
jttVOAHJuBg,,hsh,unassigned
ju1-PPDSZ3g,,ase,unassigned
jufzNX2sudU,,swl,unassigned
jwCZMTMg7b8,,ins,unassigned
jwURE0PAb00,,ins,unassigned
jwdlFwyM8Lg,,ase,unassigned
jxLNcou4xXU,,ssp,unassigned
jxTMwowBlts,,fsl,unassigned
jxiN4zhOsNQ,,bzs,unassigned
jyCBqvAd0Qk,,hsh,unassigned
jyI6Fq2xHsM,,jsl,unassigned
jyQg5Lyny0Q,,svk,unassigned
jySQYNsp4Gc,,ase,unassigned
jyf4QqxoMco,,ase,unassigned
jyk2brh1ucE,,ins,unassigned
jyq1oI1V5Gk,,aed,unassigned
jyz573KG1q8,,pso,unassigned
jzQLdxG-hUA,,hsh,unassigned
jzVjTSQk70w,,ase,unassigned
jzbUijrujqs,,bfi,unassigned
jzg2KA6fSiU,,jsl,unassigned
k-6v_pmHIe0,,jsl,unassigned
k-7b8LyJ6iE,,ase,unassigned
k-SWGV_Oa8M,,ils,unassigned
k-_99mzxM4U,,hsh,unassigned
k-_9e6wWZ1s,,ssp,unassigned
k0NDmDawUI0,,ase,unassigned
k0xux-sKV3Q,,pso,unassigned
k12WHQEMMlA,,csn,unassigned
k1ESAQTM3VU,,ise,unassigned
k1UyoA0PdpY,,ase,unassigned
k2EIg7ftYI8,,gsg,unassigned
k2TEplLmQRg,,rsl,unassigned
k2c1MiwDFSI,,jsl,unassigned
k2qIPHcyvjg,,ase,unassigned
k3Of8Bj1FY4,,ssp,unassigned
k3OrG6cYbuk,,ase,unassigned
k3UALdLdWfM,,ins,unassigned
k3c9a4tYLyQ,,ase,unassigned
k40WbarOoms,,bzs,unassigned
k4a5QmYV0qk,,ils,unassigned
k4rXLGXU6V4,,ssp,unassigned
k5Ltw9MTlsg,,ins,unassigned
k5Vfgif-v8Q,,ise,unassigned
k64SY8n9Pwk,,ase,unassigned
k6O3Ei9kFoA,,jsl,unassigned
k7PdAAknzDY,,ase,unassigned
k7kOtz1kPk8,,ase,unassigned
k7kZUVSfn1s,,ase,unassigned
k7qa04cqNiQ,UCaTMaFNkTiwgsSQ7FYaiaTQ,ins,train
k8OZXvHm8os,,hsh,unassigned
k8oZC6ihe0w,UCqLGAeTQmlRVfLK6jAWvDxA,ins,train
k8q6jzJMAMI,,isr,unassigned
k8xTmYFCtVY,,asf,unassigned
k8zPNDXBg1s,,ise,unassigned
k9gE5W4oa9M,,pso,unassigned
k9yUhjKrabw,,rsl,unassigned
k9yiheINMD4,,bfi,unassigned
kAI8SAxYHSs,,ase,unassigned
kAP2q20X2jw,,ase,unassigned
kAW3UIoJW_8,,ase,unassigned
kAk4lxtOY5M,,ils,unassigned
kAt6O5XUIj4,,ils,unassigned
kB-oW-kq728,,cse,unassigned
kBLH1Y3GZ6w,,ase,unassigned
kC3bGpYllio,,ins,unassigned
kCaKQeAnRH0,,asf,unassigned
kCiwj3iSr_w,,jsl,unassigned
kCoJmrAxcTY,,dse,unassigned
kCr9vUg_ghc,,ase,unassigned
kCrbqdAlXC4,,ase,unassigned
kDOps-Xbin0,,ssp,unassigned
kDT14MMamXI,,sgg,unassigned
kDl3vMr9-bo,,ase,unassigned
kE4uxlEkdkg,,ssp,unassigned
kE7Yyrg9GT4,,ase,unassigned
kEszNJDfLS8,,ase,unassigned
kEtmP2f2opk,,gsg,unassigned
kEwQ9hE5en4,,ase,unassigned
kEzqyw1QeA0,,swl,unassigned
kFLZk_zixkQ,,ins,unassigned
kFlRX7czCFo,,ssp,unassigned
kGf9ELfylQk,,ase,unassigned
kGqFBbKcK84,,ils,unassigned
kHiaBG6USEs,,ase,unassigned
kHpfcuh_rao,,ase,unassigned
kI7QW_f_kbE,,isr,unassigned
kIAbzvHiS0s,,pso,unassigned
kIAtGc2C9xU,,ise,unassigned
kIEVoQ6pyQo,,ssp,unassigned
kIF-atRxyGw,,ase,unassigned
kIJjwpPom2A,,ase,unassigned
kINWuTBPn8o,,gsg,unassigned
kIi2WxFjI_U,,ase,unassigned
kJ-x6rbT19w,,ssp,unassigned
kJIdyiG-sus,,asf,unassigned
kJsqVpFwj5M,,ase,unassigned
kK0zRZp3wps,,bzs,unassigned
kKHpHOBwMYE,,asf,unassigned
kKjJA9PP9_o,,ase,unassigned
kKu8dYdjKvI,,asq,unassigned
kLKW9gK90sc,,bzs,unassigned
kLUdmOI9SUo,,ins,unassigned
kMHGDh-hmE4,,ase,unassigned
kMd7P0jQVS4,,swl,unassigned
kMmwQ7yr8VE,,???,unassigned
kMscE1dY52M,,lls,unassigned
kMucFOy5fSo,,ins,unassigned
kMz7cPfI3NM,,ase,unassigned
kN3ysl_MAc0,,ise,unassigned
kNuhsCjfdPI,,ase,unassigned
kNyQ5gETmuY,,ase,unassigned
kNzINxsaYpg,,ase,unassigned
kOVNYlTftJ0,,hsh,unassigned
kOie3gtjuSs,,hsh,unassigned
kOjkrmZYYFI,,ise,unassigned
kPP9s0O_TAs,,???,unassigned
kPdrfDv54p4,,swl,unassigned
kPeD9yyikU0,,ase,unassigned
kQ4xp7fhKZI,,isr,unassigned
kQ7u8a1zZWA,,pso,unassigned
kQIABcZtdI8,,ase,unassigned
kQR3ZrumlGE,,ase,unassigned
kQaqVmQLrqg,,kvk,unassigned
kQr18wnOU9w,UCqHlSHUtVDs7ojsJJECE0Kg,csg,train
kQrEsq6Zv00,,ise,unassigned
kR1JL7nX2kE,,asf,unassigned
kR_eG_zitUA,,fsl,unassigned
kRo977iuFRY,,swl,unassigned
kRuFCnqK24o,,hsh,unassigned
kSBlYjdts_8,,ase,unassigned
kSLcJ44aL1o,,ase,unassigned
kSS-tCVInhI,,hsh,unassigned
kSnZ4u0P0IQ,,ase,unassigned
kTFH_dZXR0k,,jsl,unassigned
kTRezHnzw6w,,ssp,unassigned
kTrTETgKpBw,,ase,unassigned
kU1LQRyoQUM,UCWif2ls3MB_CDmg4z17y6tA,ils,train
kUCe6X4_5ok,,ase,unassigned
kUlwbbZY6aQ,,ase,unassigned
kUpEsXgpFz0,,ase,unassigned
kUqZTfcb1BM,,ils,unassigned
kUrH1LvMOiw,,ase,unassigned
kVIt-qr5P2s,,ase,unassigned
kVdoDhzKX1c,,ase,unassigned
kVoeKnYtXl4,,ase,unassigned
kW3LoBNcM6I,,ase,unassigned
kWAg5KC8YOw,,ase,unassigned
kWZK9x8iE2I,,ils,unassigned
kWZMg6Vqvbo,,ssp,unassigned
kWhJ7Ra7hLA,,ase,unassigned
kWikpCPjYcE,,ise,unassigned
kWyUvSPgUJA,,asf,unassigned
kX68TFppYqI,,ssp,unassigned
kXBxfMAf5-c,,ssp,unassigned
kXDQ86UGmcs,,swl,unassigned
kXRzMF3yl4E,,hsh,unassigned
kXS7TAVKF-I,,ase,unassigned
kXuemET2T9A,,bzs,unassigned
kY8P6hrOvy0,,pks,unassigned
kYnvSmX-3m4,,ins,unassigned
kZBtCOH34T8,,ase,unassigned
kZDvvPLzKk8,,ase,unassigned
kZKG_1F0LjI,,hsh,unassigned
kZTAPoP7qTc,,hsh,unassigned
kZeTenzqZYM,,ins,unassigned
kZjFClCSaKo,,ise,unassigned
k_6gLL3b1_8,,ise,unassigned
k_7m_L1rJtY,,sls,unassigned
k_9YVc0kB5M,,???,unassigned
k_Jc-9aoEO0,,ase,unassigned
k_P5vgMosos,,ase,unassigned
k_noCmGRV8Q,,sls,unassigned
kaLqvQwxJ6I,,ase,unassigned
kaNpJjmhJH4,,sgg,unassigned
kaRAnvHYY9c,,ase,unassigned
kaWg31dwjYw,,tsm,unassigned
kal5Y5kPXag,,ase,unassigned
karpd21lJLA,,ase,unassigned
kbNYakSLeos,,ise,unassigned
kb_99OMd3_M,,ase,unassigned
kc0QBUt61xU,,ase,unassigned
kcFrwp46a10,,ase,unassigned
kcOpCJZM0iM,,ase,unassigned
kcfEL6PB0Y8,,hsh,unassigned
kcfZSSCutGo,,ase,unassigned
kclQfsB55Og,,ise,unassigned
kcq85gUvgCc,,sgg,unassigned
kd7I9MutY9k,,jsl,unassigned
kdLNVO0Bq0Y,,???,unassigned
kdZfu4jzHac,,ssp,unassigned
kdpJhaEzXhI,,aed,unassigned
kdvA3_BQQM4,,ase,unassigned
kdvsJG3P35g,,ase,unassigned
kdzExaAiQBQ,,ase,unassigned
keGRl4JmGGo,,ase,unassigned
keTdDJv-utU,,ase,unassigned
kenMW1ndpVc,,bfi,unassigned
kfEpuFXfgzo,,swl,unassigned
kfF72Dqqv9c,,bzs,unassigned
kfhfY3JDcSM,,hsh,unassigned
kg4AbOiFCqo,,hsh,unassigned
kgTg2-xjp1U,,ase,unassigned
kgh0cJSWKrE,,???,unassigned
kgqiMeX68j4,,ase,unassigned
kh4jKeX-1c4,,bfi,unassigned
khTf8_RoXbA,,ssp,unassigned
khX1X2ateYo,,ase,unassigned
khhaddi7GDM,,ase,unassigned
khsyLz3W-3A,,ase,unassigned
ki9HDmSFhrs,,ase,unassigned
kiH4oMe81eg,,ase,unassigned
kiMRRycN1uE,,ins,unassigned
kj2tE2Hx7p8,,ase,unassigned
kjaTn7Z0SrQ,,ase,unassigned
kjhsBjBQWO0,,ase,unassigned
kjmDF4YoWzM,,csc,unassigned
kjt7SQAitto,,pso,unassigned
kjwQGr2kliY,,ase,unassigned
kk3KGiENIpg,,ils,unassigned
kkXmitdkIqY,,ils,unassigned
kkcIOFvpLPU,,jsl,unassigned
kkeakuPado4,,ise,unassigned
kkiKAB_FB0E,,hsh,unassigned
klHY02ntyPk,,swl,unassigned
klMC536m8bU,,ase,unassigned
klzm070eRtc,,jsl,unassigned
km-xSdpZHiQ,,asf,unassigned
kmJDUKJlRlk,,ase,unassigned
kmLu8mJkCtQ,UCufxp6ZwK8zEstJ4BISgG4A,ase,validation
kmMwlqMX2WI,,hsh,unassigned
kmtpa1GC6dI,,hsh,unassigned
kn5RXBcQuF4,,nsl,unassigned
knHgK842v7A,,hsh,unassigned
knPvhAk8DPc,,ase,unassigned
kn_0P5FKcrM,,ase,unassigned
koJzrXBtx1I,,bfi,unassigned
koW5PP9pUdw,,ase,unassigned
koyJymj4F4s,,ase,unassigned
kpQWClZryxc,,ssp,unassigned
kpWkc_jFQPU,,ise,unassigned
kq96ThM9GII,,ils,unassigned
kqHPFXwg5lY,,ase,unassigned
kql8qhB2RPw,,ssp,unassigned
kr6_m9UNC60,,ase,unassigned
krIKEOXaht4,,ase,unassigned
krJkuNq8jnE,,ase,unassigned
ksICoqH_wJI,,ssp,unassigned
ksmH8EcIG6s,,ase,unassigned
ktkz1BUzs48,,ase,unassigned
kuNXDb3w3Mw,,ase,unassigned
kuO76STQC8E,,jsl,unassigned
kuRn0GuhhB0,,bfi,unassigned
kufYa2ifI4Q,,ase,unassigned
kvEMN50pdZ4,,bzs,unassigned
kvIWJxf2PvY,,ase,unassigned
kvNzl8gmdRM,,ise,unassigned
kvY5L_sdPBY,,isg,unassigned
kvZPzj7Mreg,,ase,unassigned
kve91T8QBdE,,ase,unassigned
kvzRqlGiZYE,,rsl,unassigned
kwJeeDSHSW4,,jsl,unassigned
kwbKxiG22pk,,ase,unassigned
kwgVIwB_mZY,,ils,unassigned
kxK3vl-QuZA,,pso,unassigned
kxjvrfSfI-M,,bzs,unassigned
kxrsaCu9tHw,,aed,unassigned
kxwjkpKOgrY,,aed,unassigned
kxyS-BwWdOA,,asf,unassigned
kyIWag6BfTI,,ase,unassigned
kyOWf01jbho,,ase,unassigned
kyYKzjnH4eY,,ase,unassigned
kyeTOdLglXo,,bfi,unassigned
l0AMblxHes8,,ase,unassigned
l0lzPJnckGQ,,ase,unassigned
l13u_D76k-Q,,pso,unassigned
l1ICDuNTM-8,,inl,unassigned
l1UtHQvES-k,,ase,unassigned
l1kvsVBGGOY,,ase,unassigned
l2ZjkxyGR-A,,ase,unassigned
l2fpr2rxW-4,,hsh,unassigned
l2rjurlVgXQ,,ase,unassigned
l2rsMUOBCJQ,,ins,unassigned
l2stiI0zSGs,,bzs,unassigned
l3_ZUqn7Dlw,,ase,unassigned
l3ay6Dyk3Ys,,gsg,unassigned
l3hAa7vx9Ow,,ase,unassigned
l3henRW1HEo,,bzs,unassigned
l4UpXfRIGOs,,hsh,unassigned
l4_qfIMbADY,,hsh,unassigned
l4giYSh0g2I,,ase,unassigned
l5EL57aapHs,,hsh,unassigned
l5ZINbUKY-8,,ssr,unassigned
l5elTb7SaSQ,,hsh,unassigned
l5oS6UtZ0S8,,ase,unassigned
l6HUbsIaqPY,,ase,unassigned
l6I7hHEYvA0,,swl,unassigned
l6KN_qi7wQo,,aed,unassigned
l6MGk2TH2EU,,ase,unassigned
l6MsNVtxpX8,,ase,unassigned
l6Oxg8VwTCc,,ssp,unassigned
l6Q9y72XEOY,,hsh,unassigned
l74K724HI1k,,ase,unassigned
l77MqxFsv2w,,ase,unassigned
l7IJ-oRuiwA,,ase,unassigned
l7cEQfkuDFA,,ase,unassigned
l82OI9UkoVQ,,hsh,unassigned
l8P2vvIGBL8,,pso,unassigned
l8fqcqyFK6U,,jsl,unassigned
l8vG1pNkE5Q,,ise,unassigned
l93cEn5mR2s,,ase,unassigned
l98_0TtOK50,,ase,unassigned
l99CL1vw5fE,,ase,unassigned
lA2Hxi8Anyc,,hsh,unassigned
lA3cHj3yYAo,,hsh,unassigned
lAGwJEJ818Y,,ise,unassigned
lAwgPPd9x_I,,ase,unassigned
lB75p8TNdvo,,tsm,unassigned
lBWBX_h9r2c,,ase,unassigned
lBnK_eStJ-8,,jsl,unassigned
lBtCg9_PSYk,UC4VHfRJHnbcGVLcr9vQIihQ,bfi,train
lBy1E4SO6L4,,ase,unassigned
lC1Kb9APseM,,pks,unassigned
lC3kAPKpPcE,,asf,unassigned
lCIOBcgGgi8,,ase,unassigned
lCKRtv72Lik,,hsh,unassigned
lD7hfi4ruiQ,,ase,unassigned
lDztN9TbQqY,,ase,unassigned
lE-dpekNOwE,,hsh,unassigned
lEg95pqhoqY,,isr,unassigned
lErN9c45kLo,,ase,unassigned
lEvuCGAwgP4,,ins,unassigned
lFxPbafjpII,,bfi,unassigned
lG2L_wKJeo4,,ase,unassigned
lG5D2cy1kxs,,tsm,unassigned
lGG178PqFm8,,bzs,unassigned
lGHVBb5qqzQ,,ise,unassigned
lGVJbsLf9RQ,,pso,unassigned
lHbhFe2VG10,,swl,unassigned
lHxhDGlmzn8,,ase,unassigned
lI4IUwgs1jQ,,ssp,unassigned
lI4bkaTA8F8,,ase,unassigned
lIzlXveQK_A,,ase,unassigned
lJ-bAEuLPmk,,aed,unassigned
lJ3gBZcD9aI,,ase,unassigned
lJ3hBY_DCPY,,ise,unassigned
lJ4MzCI9CJc,,jsl,unassigned
lJ5JuMzidaQ,,asf,unassigned
lJDWancZCM4,,hsh,unassigned
lJGpJa2kcWU,,ase,unassigned
lJK4XsaxBDc,,ssp,unassigned
lJjhNSCRB2s,,jsl,unassigned
lJuryqYymi4,,ase,unassigned
lKQbiCUdwg0,,pso,unassigned
lKmH52nb8EI,,ase,unassigned
lKowELN8ys0,,ase,unassigned
lKqKVZ-YAB4,,ise,unassigned
lL8X6ylBkU0,,ase,unassigned
lLZFWRuAyy8,,ase,unassigned
lLrrAZWcQfQ,,pks,unassigned
lM2p78eJJ0s,,ase,unassigned
lMDjO1Jr_xY,,ase,unassigned
lMaGvhHpW90,,icl,unassigned
lMaW2HkmGH8,,ssr,unassigned
lMjDdHoPxns,,swl,unassigned
lNH_DSJKx84,,jsl,unassigned
lNkjpNeY2yA,,ise,unassigned
lO0JMk2TKlg,,isr,unassigned
lOkx3ikOZPU,,ase,unassigned
lOlM3R0hPZ8,,ase,unassigned
lOu1T-4BcaM,,ins,unassigned
lPiboxPcXak,,hsh,unassigned
lPn5jv5zmng,,hsh,unassigned
lPoQg8r0vZU,,ils,unassigned
lPtsfvShVoA,,pso,unassigned
lQ2H8EVR83w,,ins,unassigned
lQaBv9-QBn4,,???,unassigned
lQmi4d6j184,,ssp,unassigned
lRky5Lg_8ZU,,ase,unassigned
lRqGwTERSQg,,ase,unassigned
lS-BRdfgStQ,,ase,unassigned
lSWZsYd7m6A,,ils,unassigned
lSq53_sHheU,,ase,unassigned
lSvVWegTMJY,,ase,unassigned
lT1vypw7wkA,,ssp,unassigned
lT8-vDjr5p4,,ase,unassigned
lTI0G7wCiy0,,asq,unassigned
lTYY3saxTos,,ase,unassigned
lTvDhfVONRM,,fsl,unassigned
lU-KuA0gntU,UCUmuPURqJDO5CKDYOcon-7w,gsg,train
lUHC7BhkkXg,,bfi,unassigned
lUUCQrrpsz8,,ase,unassigned
lU_5b2Ox9FQ,,ins,unassigned
lUmzm0ICL1w,,slovenia,unassigned
lUphjI3iqEY,,ase,unassigned
lUpkCjKVc8g,UC75cYKm6WbSk-se1deWaD0g,hsh,train
lV15ATuEQOU,,ase,unassigned
lVNTGnrlTls,,jsl,unassigned
lVTVVIuSt20,,hsh,unassigned
lVxclu9u5nk,,hsh,unassigned
lWXRDU0JDpM,,hsh,unassigned
lWzk4Fx_3TE,,isr,unassigned
lX5wnd_3lQQ,,ase,unassigned
lXeElPuZ7ws,,ase,unassigned
lXsRVLOqqk8,,kvk,unassigned
lXv4TFaUx7o,,ase,unassigned
lXvixyqvSqk,,ase,unassigned
lY0t_HBu77M,,ase,unassigned
lYNUc_BlhAo,,ase,unassigned
lYTK1_K7jXA,,asf,unassigned
lYeD8JBhWOg,,ase,unassigned
lZYv8GxXjjM,,ase,unassigned
lZbNYr-jXkI,,ase,unassigned
lZcufgUZu9Q,,gsg,unassigned
lZqqRZZvhtw,,ase,unassigned
l_Pr8kKQInU,,ase,unassigned
l_ZE_psERkE,,bfi,unassigned
l_alGiWdOLU,,bfi,unassigned
l_hGKekDcgw,,pso,unassigned
la9D5gmVGn0,,icl,unassigned
laUrY78yMC8,,ils,unassigned
lau9T8geq64,,ase,unassigned
lbKaM5i1PUM,,ase,unassigned
lbUYCvzsUi4,,bfi,unassigned
lbUvkAQPSaQ,,ins,unassigned
lbwrLXMP69k,,???,unassigned
lc67UzqGTxY,,cse,unassigned
lcTjOxBIReg,,hsh,unassigned
lcht_g7m5PE,,ssp,unassigned
lcr_vEnxoNk,,gsg,unassigned
lcuqjuJHcrk,,jsl,unassigned
lcwqHBnHbTU,,ase,unassigned
ldG-opn0U2c,,asf,unassigned
le3AJS0wPx0,,hsh,unassigned
le7mXEpDuEA,,isr,unassigned
leDRIP5IL90,,bfi,unassigned
leTcQEJuWBg,,lls,unassigned
lep5asxvMgo,,tsm,unassigned
lf9Y8p70dd4,UCTwn0S3x3B8LKuPFN3ooAyw,ise,validation
lg8MHoYejqY,,hsh,unassigned
lgEU0rPmKog,,ase,unassigned
lgS4UoJYiL4,,jsl,unassigned
lgYlm4iyQNI,,ise,unassigned
lgoY-ss9nO0,,ise,unassigned
lhHq32BlSBE,,ase,unassigned
lhP8LCgmDUE,,gsg,unassigned
lhiHlqONhxA,,ins,unassigned
lhjtfedqr8A,,ins,unassigned
ljFP_fG6-yQ,,hsh,unassigned
ljFQTNxI2Xo,,bfi,unassigned
ljI19BAvSi0,,ase,unassigned
ljfqmyi2GdU,,ase,unassigned
ljgaFQMxLN8,,isr,unassigned
ljykIbsDKD8,,ssp,unassigned
lk-LSoIPToU,,ase,unassigned
lkElG1NA46I,,ase,unassigned
lkLL7MWtN8c,,bfi,unassigned
lkPMOxM_KDQ,,ase,unassigned
lkWj53iq2oI,UC7JuChYmxhljc49dE3JG6Zw,ise,validation
lkeLvhNoTxg,,ase,unassigned
lkla4AC7Wyc,,ase,unassigned
llET_jSp6Hw,,ins,unassigned
llcb0SDAq3U,,ase,unassigned
llkrD0yVp-Y,,ins,unassigned
llpB9dXYvn8,,ase,unassigned
llrhWWj7o8I,,ssp,unassigned
lmfDgSp_TBE,,hsh,unassigned
lmq3eEYaoIQ,,bfi,unassigned
ln75iGaUQQg,,hsh,unassigned
lnFGWhJI8DE,,ase,unassigned
lngoE4c6FxU,UCUG55S8guAvcrxLt2yfieag,tsm,train
lnwRExGMLnY,,fsl,unassigned
lnyxnDGIcD4,,ase,unassigned
lo0tuMLna-s,,ase,unassigned
loVGU6mWwrA,,ins,unassigned
loeCtg__pus,,ils,unassigned
lop9yGFcdXU,,ase,unassigned
lpEY7l6u7sQ,,asf,unassigned
lpNT5ufdFK0,,ise,unassigned
lplJ_-CxdJo,,pso,unassigned
lppIG4s58yw,,ase,unassigned
lq3Q_721u5o,,pso,unassigned
lqETZwlFsRY,,asq,unassigned
lqTeixv3p2g,,ssp,unassigned
lrGmkXX19EI,,jsl,unassigned
lrXSXGd0ESk,,isr,unassigned
lrY4NHG0MGg,UC5H_CO6QGwd9hilVnfujz_w,bfi,train
lrcuzRywKMI,UCB2TPZ9vox9PvK9arORVtNg,pso,train
lsg2WgzBNTM,UC52H_xHKrwnQRPb25kQtFCQ,ase,train
lsy1zDPT0Oc,UChRFBJVzl6c9ePdNALpU3yA,ase,test
lt10kM1H7tg,UCaHpmqlbEtpKQSwyUnE9PkA,jsl,train
lt21P_y_pcA,UCYWJdRpk2jOOZaqvXGVjkxw,ase,train
lt48gerwQuE,UCWif2ls3MB_CDmg4z17y6tA,ils,train
lt6gLPs5P90,UCZy9xs6Tn9vWqN_5l0EEIZA,ase,train
ltFrZr6UkS0,UCWVUF_aLbNrR_ObLwWZcU2Q,fsl,train
ltIROXJfv2c,UClv1kekXgC4s8Is-f1OBqQg,ase,train
ltRoU6fnegk,UCYnxGaBJ2NrdBhjqjW1mtFQ,kvk,train
ltSpXtD9uDc,UCYogpIfU7-Cy19rDs1WnpaA,aed,train
lttzHLHm3Fo,UCQ_jW1xLUF7Sg711yXVvQPQ,ise,train
luHXvP59gkA,UC7rtwOJBv4c4PyIhSFvg3Hg,bzs,train
luJkUchAhAY,UCzXNfOVXNYqjFPgMly-1AvQ,isg,train
lubs5FvkdWo,UC99w_Bzj8ikOz8Gpv0prbNg,ins,train
lv4paggIXIo,UCw8k42lRa3GdqXEF3lFL34w,gsg,train
lvHO1HjG_Os,UCAPKIo9ykV8iShMmG7c-BQA,swl,train
lvns1U6aSgA,UC5Xzq4Gg6mSNymC4xIaZg1g,ase,train
lvsSLtIlPh0,UCei9euUq-E7P99GtMUPbLKA,asf,train
lwCB0fN9xFA,UCs98soN6aBb6gnfbrLl-W0w,???,train
lwU0ZNMenME,UCAPKIo9ykV8iShMmG7c-BQA,swl,train
lwaxRYaCMwg,UCe2lcoNfWAp4bc0JySWnkmw,ssp,train
lxl7rw0mpCU,UCoA3JvRkP1z3GE6x5jo6OzA,rsl,train
lxnZ5LOjqSk,UCTwn0S3x3B8LKuPFN3ooAyw,ise,validation
lxxRY2VSWzM,UCK-n3cLst9SuYfxk7oNhrlw,ase,train
ly5hkhMg9nA,UCDivIPRtPf_EHSiRfkwkfZA,bfi,train
lyGKiNBT1m0,UCaDrIDvpB0HdFTkpdjTPwSQ,rsl,train
lyI7v3rNHSw,UC5H_CO6QGwd9hilVnfujz_w,bfi,train
lybzMVvAv9s,UC_9x0YFY3tQhHD1oxDriZ9g,sgg,train
lyjYj_SP_NA,UC_wh7CAHsakVopKtr8NnXsA,jsl,train
lz7vRSi2pF0,UCZOPP0d-F_0ptEYnUvrzgSQ,cse,train
lzFWyZJPq6M,UCufxp6ZwK8zEstJ4BISgG4A,ase,validation
lzHAx1KeuVk,UCQJVI4-q2aT-9pSEmwtrMoA,ase,validation
lz_QFD_auJ8,UCo6BkyB-xipWbTjUmWQgKcw,ase,validation
lzqAZIMfjEk,UCWif2ls3MB_CDmg4z17y6tA,ils,train
lzsogfCelLo,UC7FtDnt--bu7TVFMaDdBW5g,ase,train
lztdEcBBd9g,UC6FT2iHvHUI8eiasgOAUjMw,gsg,train
m-nY_pBNLLw,UCjCBX_ZL4T0nCyq3AgFVsDg,asf,train
m10mAr-mD2w,UCsuBAbMlPGJ95w3mwhz-30g,ase,train
m1qGsQ5hvLU,UCufxp6ZwK8zEstJ4BISgG4A,ase,validation
m1yDAFipAyk,UC-gc7H_gu_IYUAxO2cu6STA,ise,train
m2-9juFV8iE,UC75cYKm6WbSk-se1deWaD0g,hsh,train
m230AMA4dDg,UCwWbsRHHcDNm8Lps7CsG-0Q,ase,train
m24uFv_liRo,UC2fTQSA7GccUUtG6RrJq9Hg,pks,train
m2IC3HNY0RI,UCE2Qov1EenwoV9-aYh0aQxg,ase,train
m2M5DpVyzhs,UCHckc4mrMU9b7L4hxQeN5HQ,ssp,test
m2TMIjldby8,UCChKgcgVNfCT2wO1AJwNkGA,jsl,train
m34EbtA_Y9s,UCYnxGaBJ2NrdBhjqjW1mtFQ,kvk,train
m3CVC8Iw5Xw,UC1mrgxxrCtcAUBFR5Z9Kn6A,ase,train
m3KtIezq0-I,UC7fVfWv6FL7HeTFeSLz-muQ,ase,train
m4C0eruURxU,UCE8pQ7ZYzs_Aq_fa0mweJGw,ase,train
m4Wyh9wuR9Q,UCRnwGz8hAk9tsmRW3MBHUoA,gsg,train
m4fh5pYX7b4,UCGK9n7svoIjuaQfRIBJXkqQ,ase,train
m53IOag4z_w,UCDzZGmxS9fFkhQs3PcJedyA,ase,train
m5_Vcvk9WK4,UCv2vB1PMjcB_eB0bEFQlqKw,gsg,train
m6EJqhZ8hP4,UC6UlJP7VpkVDne3Ls7F1BzA,ase,train
m6MhpXKoX8E,UCqtaBrGzW-WzWVdhrjCBQ4g,tsm,train
m6NWqKPy9vA,UCWgT5Ro0AroGs5fb4vHx8aQ,swl,train
m6RBw6LbssE,UCsuBAbMlPGJ95w3mwhz-30g,ase,train
m6_rwGaQpMs,UC75cYKm6WbSk-se1deWaD0g,hsh,train
m6bZ1fzpGR8,UCaHpmqlbEtpKQSwyUnE9PkA,jsl,train
m6fd2uuVIU4,UCfZMHs6NhBnlsDtNcfpolZA,cse,train
m8DWWlhoTE4,UCJeBnwmzj3tVtS-3-sSOC_w,hsh,train
m8a2FECjjYA,UCXw2TBQp-GEhM1bsBASuv8g,fsl,test
m8dLBOoij-8,UCkgsbepPxInyy8LfIyJr7pg,ase,train
m9OSnytTLok,UC75cYKm6WbSk-se1deWaD0g,hsh,train
m9mZ5qRJRHQ,UCDsoH108wJ2A0GWVbv-laWA,bzs,train
m9pACQo1YMk,UCT9GZbjbgR-N7RkCRVp_weA,bfi,test
mAGgPt39aTg,UC5sBM9Fvnb1qJq17o5hu9Ew,ase,train
mAPQvouwP7c,UCyAPbimBAxWyMA0t96UTbbg,svk,train
mAj48v1aWy4,UCq-thg5WkkIn0dKKDNLDCGQ,ase,train
mBWH4IYUYgM,UCqtaBrGzW-WzWVdhrjCBQ4g,tsm,train
mBiiockm9jA,UCqd6eos5-i46NbDH1uLWdFQ,bfi,train
mC7Zu3Yh8A0,UCFfgJbY2jt4Notzk5M3baOA,asf,test
mCFhAS2xwdI,UC7PByT-DKjERtGRmxfyWvnw,ssp,train
mCI7LnCEWNU,UC75cYKm6WbSk-se1deWaD0g,hsh,train
mCatm0pefAk,UCWif2ls3MB_CDmg4z17y6tA,ils,train
mCkeyK-MiMg,UChhH5dTjtTV3PK2yEbbtMkw,cse,train
mDolU3ifGHI,UC75cYKm6WbSk-se1deWaD0g,hsh,train
mDvQON9OqZ8,UC7G2SGJ1jrEHc8Fc2OQqK4w,asf,train
mEjV4nawsWA,UC75cYKm6WbSk-se1deWaD0g,hsh,train
mEldpfUIi94,UCfY_uBhH841gxpS0FhUqzvw,ase,train
mEpaCPhLNlA,UCAPKIo9ykV8iShMmG7c-BQA,swl,train
mEu5A5hKh2U,UCWVUF_aLbNrR_ObLwWZcU2Q,fsl,train
mF1YVr_yS4E,UC99w_Bzj8ikOz8Gpv0prbNg,ins,train
mFcruYi4YRw,UCszvwqbz04iulT9divgrNHw,ise,train
mFjXiKyie-c,UCT_ibOnQ79FD6UX9nUwl1Fw,ise,train
mG4DezP3JsU,UCw5kLIHIJZPjetMjbjLSHQg,ase,train
mGESBA9u7kI,UC2fTQSA7GccUUtG6RrJq9Hg,pks,train
mGJR3sPcftk,UCAPKIo9ykV8iShMmG7c-BQA,swl,train
mGrAucME8v4,UCmPhml2gVWWJqtK1SyPbQdw,ase,train
mI1xYASB5a8,UCAPKIo9ykV8iShMmG7c-BQA,swl,train
mIAsptsHG1M,UCe-c3ATogQOd5MIj08wPebw,ase,train
mIBGTVUhvAo,UCQnx6_1hsmbTPceAKYcpwNA,ase,validation
mIGx0yrRwik,UCs6Th15jBSWSKBnk_hyMkpg,isg,train
mILR8JkxqYc,UCuLgHM31H7PmEAY92jBSU_Q,jsl,test
mImfkNz3pP8,UC99w_Bzj8ikOz8Gpv0prbNg,ins,train
mJbfJVClbnY,UCZOG75UwSlaFOu-BmfSccUg,bfi,train
mJyDWWLhR4g,UC75cYKm6WbSk-se1deWaD0g,hsh,train
mKBVJ56xn9E,UChTbPO97Nt0OTDvqSBjhrVQ,isr,train
mKN4CWF7-2A,UCK0lY7UhO-M7JHPAGbPdg8A,ase,train
mKgFGSr1F4I,UCGkggeR449U_G_ULi-Y0G0A,hsh,train
mKiccsyuryo,UC-psxkCVB2VmYjCbc0w5FqQ,ase,train
mLF_5zhFJxs,UCT_ibOnQ79FD6UX9nUwl1Fw,ise,train
mLahcuNQhMI,UCNMh0csop45XxYU0itusr1Q,jsl,train
mN0jVGwRyHk,UCWif2ls3MB_CDmg4z17y6tA,ils,train
mNF1kg9azQw,UCaayieDFpDIZ1b_mspO_Rzg,ase,train
mNOxXE_Eiz0,UC2bK5-reqE8zppmJJ9kZdVQ,ase,train
mNRC502L7YU,UCkQjPX751JgR935UCus1rFg,ase,train
mNe47Q2Ajv4,UCSwgy2NOSgP1OCue5lh_vrw,ase,train
mO5Q5j2g45g,UCLWOJcqJyfsQXsqaJiOLZnw,ase,train
mO8kzdUSweM,UC75cYKm6WbSk-se1deWaD0g,hsh,train
mODD0qHwnLc,UCHckc4mrMU9b7L4hxQeN5HQ,ssp,test
mOcbZnI2adM,UCaayieDFpDIZ1b_mspO_Rzg,ase,train
mOfD7zFxefM,UCyIjlBUwgXeKO6MZ2Ospaxw,jsl,train
mOzKcVzwyMo,UCuyQHJ4y76-i0w9N33vT-kg,ase,validation
mPSV4JgfTnQ,UCK-n3cLst9SuYfxk7oNhrlw,ase,train
mQGeBDMb2q8,UCs98soN6aBb6gnfbrLl-W0w,???,train
mQhHdj2pxNk,UC75cYKm6WbSk-se1deWaD0g,hsh,train
mSWHtxH_LH8,UCx92YHaTWzmfL9trx_jzXNg,bfi,train
mTdidU1ywHA,UCJliJYKfovJzo76wqisC9Mw,ase,train
mUDZl_ygRbc,UC5RrTOs35gE_w5625uGLSdA,kvk,train
mUo6MoAJ9zA,UCgjLz2aqdeevCEIdrLD1BNQ,ase,train
mV0UYb4xD74,UCLzz9KVBGzJKUQ-CyIRmXoA,ise,train
mVEbvvkakks,UC5Xzq4Gg6mSNymC4xIaZg1g,ase,train
mVF1EuNrSAA,UCrJdP2ZUfx8Kh1hW7q2MpVA,ase,test
mVMhygFaYE8,UC3hOdPWDnQBs9NTt3y2fPRg,ase,test
mVPaWLrOvVY,UCjCBX_ZL4T0nCyq3AgFVsDg,asf,train
mVfogLlwR2U,UCGisGwX9Mh6T6WrJsx-VjDg,pso,validation
mW00_b5rK6g,UCgPgI0FiLs8v18146Suwo-w,csn,train
mW4nVQkFeI4,UCWif2ls3MB_CDmg4z17y6tA,ils,train
mW5R0tZaOy8,UCqLGAeTQmlRVfLK6jAWvDxA,ins,train
mW5kWq6qZ9A,UCocbsxARU5NCW7bQ7pBZu2A,ase,train
mWxFenhFv8c,UCoVvI_IEmKaUi921hkQFKVA,ase,validation
mX50kCL3pPo,UCueGKW5fHiWlkZieqN1v7wA,ase,train
mXBgHDKML7U,UCEPuAkI8Fx_dqb2RMoy00CA,asf,validation
mXRZJUg_2Ss,UCMZD9P87-3WVUl2-nPOQagg,bzs,test
mXeR0wV2RSo,UCYogpIfU7-Cy19rDs1WnpaA,aed,train
mXuYMP7__mo,UCU9J6ekXu_W3KM4VaK2Hpfw,ase,train
mXxGlzvb8GI,UCjVhd0ghms_iD8JTQ3SAn-g,ase,train
mY_lgD18XN8,UCO9zhhszyR4Av4WxwdBJs-Q,ase,train
mYmuD66bz0g,UCFJLzd1pDjTJgPPHCpDfAwA,ssr,train
mZEOfAMPh0g,UC75cYKm6WbSk-se1deWaD0g,hsh,train
mZxdzdc31Ig,UCpGP_vwiQtlCed1tJuQRs1g,ase,train
m_YkjSr_ZLw,UCvdZ5oCx2HTfICEWBNFyhFQ,ase,train
m_mGt6C7H_8,UCGisGwX9Mh6T6WrJsx-VjDg,pso,validation
m_q7lOXHIHw,UCAPKIo9ykV8iShMmG7c-BQA,swl,train
maCRL8WG0GQ,UC99w_Bzj8ikOz8Gpv0prbNg,ins,train
maNCYLGlSD4,UCi7C6NtKibFtCTzUcor2JSA,ase,train
man78Dosoj4,UCqtaBrGzW-WzWVdhrjCBQ4g,tsm,train
maxQ_KmFKQ8,UCWif2ls3MB_CDmg4z17y6tA,ils,train
mblgz6r00NM,UCmTfNRUoOTCYi4CY5b9YTMA,ase,train
mcNCNwrpC5s,UC1f5xYbrZxLkklmGkow7AgA,asq,train
mce_mHeXL9I,,ase,unassigned
mdRVReoUMVQ,UC99w_Bzj8ikOz8Gpv0prbNg,ins,train
me2DE2M6fYE,UCO6Ztg5niPf9nnURbTOfPXA,ase,train
mektS6-pPQU,UC93t6PJiqPnAOAxZs2xXf9Q,fcs,train
meuYgd9ab4c,UChTbPO97Nt0OTDvqSBjhrVQ,isr,train
mf5lFqh3CcY,UC55C6FrDNkoh1-S8tGHdCDw,ise,train
mfM2XgtvPFE,UC7PByT-DKjERtGRmxfyWvnw,ssp,train
mfS4CuaOtxI,UCaayieDFpDIZ1b_mspO_Rzg,ase,train
mfeiAdlQ-1g,UChTbPO97Nt0OTDvqSBjhrVQ,isr,train
mffpMyTNt5s,UCjCBX_ZL4T0nCyq3AgFVsDg,asf,train
mfrGIHTnKvI,UCrEqxAhc74bb8ToeCwTE7-w,ase,train
mgF1y_42PL4,UCZy9xs6Tn9vWqN_5l0EEIZA,ase,train
mgY_o8Gvy14,UCAPKIo9ykV8iShMmG7c-BQA,swl,train
mgZZ-Onuj6g,UC75cYKm6WbSk-se1deWaD0g,hsh,train
mgoWmjFkyi8,UCCdgJ722Hvh6Olw5mAWUCPw,ase,train
mhJdmQ3YctY,UCszvwqbz04iulT9divgrNHw,ise,train
mhTg21ZtKdY,UC1f5xYbrZxLkklmGkow7AgA,asq,train
mhXfGATsG-Q,UCDaXsbs4hNm7X1QC_X9aTMA,ase,train
mhnGzrBRfXI,UC7JuChYmxhljc49dE3JG6Zw,ise,validation
miJC4jWB7t4,UC75cYKm6WbSk-se1deWaD0g,hsh,train
mifQ8PZrbio,UCdWVBqKx1A7V2R_pU7v0GJg,ase,train
mitBPZKXvX0,UC3Z-XjH9KLIvQwU9J4-erSg,swl,train
mjbFIARPXR0,UCqLGAeTQmlRVfLK6jAWvDxA,ins,train
mjrtCWQJ1Y8,UClwbqCovgdq7DH9YqmYIYjw,ase,train
mjv2erxfEv8,UCQukMGEToh7Dcjsl8ZADaOw,ise,train
mkMFkfQnkvQ,UC75cYKm6WbSk-se1deWaD0g,hsh,train
mkwYHheJQVw,UC0jdsYSKy1VNhKw79mw0RsA,ase,train
ml-CaIH5AQk,UC3D3um9BcGkQzquorcKWQLQ,ssp,test
mlSI0NoT3Qg,UCWif2ls3MB_CDmg4z17y6tA,ils,train
mlkMfngmTPM,UC-8TBU8-W613NU2ysMh8DWQ,ase,train
mlnPBj2kpK0,UCaTMaFNkTiwgsSQ7FYaiaTQ,ins,train
mmRqmCE_iAg,UCoy-NPyMaFCPRIj3fGwcZ0g,ase,train
mmVczhsQj24,UCzmbkrEzNrjWIrsvJ_UN2Pw,ase,train
mmm7ryMVBw0,UC7JuChYmxhljc49dE3JG6Zw,ise,validation
mn9TvihB5ZU,UChTbPO97Nt0OTDvqSBjhrVQ,isr,train
mnBJq1I45Pw,UCs98soN6aBb6gnfbrLl-W0w,???,train
mnQCUhNq50Q,UCWif2ls3MB_CDmg4z17y6tA,ils,train
mnWynTNV2Xg,UCsPu5w4y9Fwa1OQZb4pOu0w,ase,train
mnxCAT2YcJw,UCMfjVHF5e9FHoXaJzFFcydA,asq,train
mo-w8Bwcapw,UCFuu8KsC_I8RUWsRopecLOQ,bzs,validation
mo8nAKICCbQ,UClv1kekXgC4s8Is-f1OBqQg,ase,train
moFvHKaJkJM,UClOFVzt6KnhH1cRm17LxBgA,ase,train
molLNt9Ge20,UCIMo6XrW8V9zq6cNUJWlIvw,ase,train
mol_wqJ-4Bs,UC75cYKm6WbSk-se1deWaD0g,hsh,train
moseEqgZxo8,UCRRD3yalnoHR0ZvXqhiTI4Q,bzs,train
mpLX7NLU3o8,UC1f5xYbrZxLkklmGkow7AgA,asq,train
mpQPZt7XwG4,UCIDW3V5opMHNJ0wsEUkvJ8Q,ase,validation
mpf9SWdRi24,UC99w_Bzj8ikOz8Gpv0prbNg,ins,train
mpnviFbYTnQ,UCvAHJ23k6nvGT5YclYqmLMg,ase,train
mq25P3FfwPY,UCjwxf1XewJ4LeDQ-WqKAD5Q,ase,train
mq7c9KbD1dc,UChTbPO97Nt0OTDvqSBjhrVQ,isr,train
mqEsoIF-1rc,UCAUljvSQLJG3lX_K8kfrbWw,tsq,train
mqHNSUnwFlQ,UC75cYKm6WbSk-se1deWaD0g,hsh,train
mqTvVMuz6Pc,UCT_ibOnQ79FD6UX9nUwl1Fw,ise,train
mqU6D0zutBg,UCqLGAeTQmlRVfLK6jAWvDxA,ins,train
mqdvGbCdSpA,UCLzz9KVBGzJKUQ-CyIRmXoA,ise,train
mrO--BCIt5Y,UC4VHfRJHnbcGVLcr9vQIihQ,bfi,train
msFfmPqqADg,UCY_1hb97iVCsgjc6MrE0ICA,bfi,train
mtJaAXVQ5K4,UCe2lcoNfWAp4bc0JySWnkmw,ssp,train
mtWv5e3TPmE,UCmW6ihZmBKQGruMm4ALmzdw,fss,train
mtbYJQ-6PGY,UCTv9H7xRwNU4OoFBx3u01ZQ,sls,train
mtpPXouyppg,UCLzz9KVBGzJKUQ-CyIRmXoA,ise,train
muuvbBzC6Ds,UC75cYKm6WbSk-se1deWaD0g,hsh,train
muxrGFiVZiw,UC75cYKm6WbSk-se1deWaD0g,hsh,train
mvEnUZnakUg,UCjVpsnDflFe9dOWZWlnxUrA,ase,train
mvpxQqyvEoc,UChTbPO97Nt0OTDvqSBjhrVQ,isr,train
mvskGBacdfE,UC68GN0U_CfQx2oy9uea4g3g,ase,train
mvw1OJIhUSc,UCsuBAbMlPGJ95w3mwhz-30g,ase,train
mwhqKjyHT7o,UC7JuChYmxhljc49dE3JG6Zw,ise,validation
mwnZJILxEEE,UC1G3g-bBbvVR5oyJO3QIV0w,jsl,train
mwoIjQqTy70,UCYWJdRpk2jOOZaqvXGVjkxw,ase,train
mwpfTeoQLgE,UChAe0B2jNvY7zmU_aoeXIZg,bzs,train
mxOpsnpYJJ8,UC75cYKm6WbSk-se1deWaD0g,hsh,train
mxUf-75UY7s,UCUW9iqeKBSdegW5onoBnx_w,hsh,train
mxgq6ySVjWk,UCufDAfMXMca-RdSxPkosYrg,hsh,train
mxvr9rgSysU,UCUW8O6cgrk68VO-ABksF8uw,ssp,train
mxzG6YOlynw,UCY_1hb97iVCsgjc6MrE0ICA,bfi,train
myVDxwN7Ews,UCWif2ls3MB_CDmg4z17y6tA,ils,train
myWiPf0uRBs,UCvvTbNabOb2VoS_fPcUqu0A,ase,train
mycpl6Kwdzo,UCXw2TBQp-GEhM1bsBASuv8g,fsl,test
myvS0uLlzy4,UC099mnC25-pLRxIhcqmS1GQ,fse,train
mzCIiJO_ago,UC5bGL3ozWZL_PNZjmSwXnTA,pso,train
n-DV0avHhBU,UC75cYKm6WbSk-se1deWaD0g,hsh,train
n-FPK0l-dyI,UC7grq7w27wu0zllsk4kBiFA,ase,validation
n-RRTAL6xW0,UCtxZKNA_A6x1PGmUHpe850A,gsg,train
n-_lh7ks_CU,UC75cYKm6WbSk-se1deWaD0g,hsh,train
n-acs93XAb0,UCufxp6ZwK8zEstJ4BISgG4A,ase,validation
n11q9sFvQ-c,UCmlPcqzQeT4yvl5w3xrBmWg,ase,test
n1739K4DcZU,UCWif2ls3MB_CDmg4z17y6tA,ils,train
n1eJVs1q-u8,UCizGctLgAahGlOvtSAKdq3g,jsl,train
n1fPWsdDkKU,UCSMZ4td6mZMJVxJ2ow7zY4A,ase,train
n1tllgRJh8A,UCGoMw1fmVX0m5_qMsYG4A3g,ase,train
n1xxngwYh5Q,UCTi9woRHA4r8e3oEWF8hxTA,aed,train
n23eLRj5PUU,UCAPKIo9ykV8iShMmG7c-BQA,swl,train
n2Xa9WH2b1Y,UC75cYKm6WbSk-se1deWaD0g,hsh,train
n2maR1PsuM8,UCs98soN6aBb6gnfbrLl-W0w,???,train
n2zR-ZPErYY,UCJREQhHeSEwAqzLrvIJ5TAA,ase,train
n58_nzUz6tI,UCXAivKbEyzTb5tqwEu2ZDcw,ase,train
n5NHZvw6aQc,UCyIjlBUwgXeKO6MZ2Ospaxw,jsl,train
n6eP8tWdo7k,UC75cYKm6WbSk-se1deWaD0g,hsh,train
n72V8-7Z5zE,UC75cYKm6WbSk-se1deWaD0g,hsh,train
n7YLLKwYB_o,UCnu3PgohA8UbwDRvHvsnl1g,ase,validation
n826kfzRm4Q,UC0ssa7FTeHexuO6wHhbX9ow,ase,test
n8KyQJbSIrk,UCMbT7f3uBbPv5dCPu7ND-yA,swl,train
n8YUQDWwz8g,UCufxp6ZwK8zEstJ4BISgG4A,ase,validation
n8ygKFWp_84,UCgN5mgAE6F61IT-RceGU7Zw,ase,train
n92vcqmr9cg,UCcmJuUulPHzBUuQbQUN7GzQ,bfi,train
n9VjDL8EmPc,UC4SqFeQL9FsN2A-2cBbUS5g,bzs,train
n9_g2mC0mig,UCFuu8KsC_I8RUWsRopecLOQ,bzs,validation
nA7W0HoM8fc,UChTbPO97Nt0OTDvqSBjhrVQ,isr,train
nAYwcKl9LWw,UCsuBAbMlPGJ95w3mwhz-30g,ase,train
nB5VWllhDso,UCqtaBrGzW-WzWVdhrjCBQ4g,tsm,train
nBAoRjRGsRA,UCLq0QAPYJRxb4hN3DlYe2tw,ise,train
nC-vyuR2i2k,UCYnxGaBJ2NrdBhjqjW1mtFQ,kvk,train
nCh0-7P_SJI,UCe3_F2KJ-rJ1I0dN_iDgzfg,ase,train
nCp0J1PnpWo,UC75cYKm6WbSk-se1deWaD0g,hsh,train
nCsNb2KYhsw,UCsPQ5bv53ZaMw4h1cjaYVSg,ase,train
nDUFU2fOXmQ,UCWif2ls3MB_CDmg4z17y6tA,ils,train
nDZ4EGSwQOQ,UC75cYKm6WbSk-se1deWaD0g,hsh,train
nDrriR6skuw,UC7QNujTpyZqhFrP51eTA8uQ,hsh,train
nE5nejJ35JE,UCLbzQFWzB3fTfaV8fHvn9Qw,prl,train
nE_1ErbUarg,UCYCp9K52rwatFrl5JOO_2Tw,ase,train
nEg6_R67pTA,UCEPuAkI8Fx_dqb2RMoy00CA,asf,validation
nFZ0bHyHQGU,UCRFkWl8NLrkpUBPr9RzZzsw,ase,validation
nGC42d25R3M,UC1G3g-bBbvVR5oyJO3QIV0w,jsl,train
nGFRhqro48Y,UCGQ1207d-sBzP6ak1k68qyA,ssp,train
nGLY4T6irtA,UC75cYKm6WbSk-se1deWaD0g,hsh,train
nGzzuOo1ntM,UC-_uxJSqfBKmSWcz4jeiY4w,ase,train
nH47YJEj5a8,UC1f5xYbrZxLkklmGkow7AgA,asq,train
nHDZ-c7RM_k,UC75cYKm6WbSk-se1deWaD0g,hsh,train
nHUhhrJNuik,UCs98soN6aBb6gnfbrLl-W0w,???,train
nHnqAu_1K-c,UCsuBAbMlPGJ95w3mwhz-30g,ase,train
nIKAkv0GYO4,UC7fVfWv6FL7HeTFeSLz-muQ,ase,train
nIsMwNApI18,UCTwn0S3x3B8LKuPFN3ooAyw,ise,validation
nJ-PqS7yTVY,UCDAOYycn4dnAFICIdeYJWwA,bfi,test
nJNkQGK0xt0,,ase,unassigned
nK3k__ooVRY,UCUW9iqeKBSdegW5onoBnx_w,hsh,train
nKJBgdgc8tk,UCNMh0csop45XxYU0itusr1Q,jsl,train
nKrHhqOQ5mw,UCS7wVohIwd66b95xyuw7DFQ,ase,train
nKuy2KdRP7w,UCA17q6v88p8FOlSDiWFkYyQ,bfi,train
nLLQAWM8mhc,UCufDAfMXMca-RdSxPkosYrg,hsh,train
nLRIUf626B4,UCGisGwX9Mh6T6WrJsx-VjDg,pso,validation
nLcHNHgHFz8,UCDWuLgx0vTYBGr1G-diNgSw,jsl,train
nLf4o0buiVI,UCWgT5Ro0AroGs5fb4vHx8aQ,swl,train
nMsrdSJW710,UCyK_P6PID7pzK6eEwBPCB0w,ase,test
nMwyEt9UP4c,UCuyQHJ4y76-i0w9N33vT-kg,ase,validation
nMyJzZIhSW0,UCyl2koki10uOzPU3chYrHuQ,ase,train
nNUI0dt37KQ,UCFJLzd1pDjTJgPPHCpDfAwA,ssr,train
nNaRvaFON5E,UC7fVfWv6FL7HeTFeSLz-muQ,ase,train
nNtaNqSnJRY,UCFyhiizY8-4GUcAeYQlylMg,jsl,train
nNtiApqJnts,UCtCEoFMIllD5aOYneLrP4Vw,ase,validation
nO7vjs0AWx8,UCWPkrOk-WKilNHCrpXa17JQ,ase,train
nOSoaoy0u4E,UCs98soN6aBb6gnfbrLl-W0w,???,train
nPMODA-fz7Q,UCgPgI0FiLs8v18146Suwo-w,csn,train
nPOhZcSJHRs,UC75cYKm6WbSk-se1deWaD0g,hsh,train
nPdeQGz3jh0,UCvjAhJ1a4BmioN5_SyjA_Gw,ase,test
nR2-AHy0z0E,UCLB6I_tLs5ardhO_HRyKN0A,swl,train
nRTIekdk-yI,UCsuBAbMlPGJ95w3mwhz-30g,ase,train
nRhyy_i05X0,UCWif2ls3MB_CDmg4z17y6tA,ils,train
nRvFj0pM1ko,UCQqlp5pbCtnZFG22SvA8rrQ,ase,train
nS8E25LgbGg,UCJeBnwmzj3tVtS-3-sSOC_w,hsh,train
nSE_eQmVo2s,UCK-n3cLst9SuYfxk7oNhrlw,ase,train
nSJlxg6DpR8,UCJjkQILWHlhb0xQsDQ_y4Iw,swl,train
nTu3BuSWjvI,UCFfgJbY2jt4Notzk5M3baOA,asf,test
nUPfdcmntvQ,UCK-n3cLst9SuYfxk7oNhrlw,ase,train
nV6DB7zkJm4,UCDivIPRtPf_EHSiRfkwkfZA,bfi,train
nVvRVaA1rkg,UCsiNmghijZjrTAj_7gC1dNA,ase,train
nW3YQkO12Sc,UC7JuChYmxhljc49dE3JG6Zw,ise,validation
nWQ2tu_4WbI,UChVhshQbA-8J3yTInY0L7pw,pso,train
nWQij8C7mI0,UCs98soN6aBb6gnfbrLl-W0w,???,train
nWUw4t8pxRQ,UC5H_CO6QGwd9hilVnfujz_w,bfi,train
nX1rDgKrhwo,UCvAHJ23k6nvGT5YclYqmLMg,ase,train
nXN-aUgKIdQ,UCs98soN6aBb6gnfbrLl-W0w,???,train
nYIpIv_qNFo,UCS7wVohIwd66b95xyuw7DFQ,ase,train
nYZuTeXHVR8,UCBRYgj8lhwnr9FrETyJbYEA,ise,train
nYx4Z6-UXoc,UCDWuLgx0vTYBGr1G-diNgSw,jsl,train
nZ5boO1wVBY,UCszvwqbz04iulT9divgrNHw,ise,train
nZYxhrQTu08,UCyIjlBUwgXeKO6MZ2Ospaxw,jsl,train
nZclktmSB9s,UC-_uxJSqfBKmSWcz4jeiY4w,ase,train
nZfrcdG1ugc,UCCkAfmCTGkgJi3QlB_6vkqw,jsl,train
n_3UtTSPjkQ,UC-gc7H_gu_IYUAxO2cu6STA,ise,train
n_FK_4lJGvs,UC4VHfRJHnbcGVLcr9vQIihQ,bfi,train
n_M5fzakaXs,UCb1Wbmx-13r8Dch4YoZFaiw,ase,test
na2XhKjPQlI,UC75cYKm6WbSk-se1deWaD0g,hsh,train
naZUjjzQvL0,UCuyQHJ4y76-i0w9N33vT-kg,ase,validation
nbLEwcYVn38,UC75cYKm6WbSk-se1deWaD0g,hsh,train
ncEw0YL1G2E,UC75cYKm6WbSk-se1deWaD0g,hsh,train
ndtzEge0g7I,UCuyQHJ4y76-i0w9N33vT-kg,ase,validation
ne0aH1pMEBE,UCsuBAbMlPGJ95w3mwhz-30g,ase,train
ne39tKfhZl8,UC0Z8dUd3LyGRlTN-f_DT1DA,vgt,train
neEl1rjmGQw,UCQukMGEToh7Dcjsl8ZADaOw,ise,train
nesoB0vK7Kk,UCs98soN6aBb6gnfbrLl-W0w,???,train
nfjCTfDSUk8,UCn9oJ5Z1ZUS2QuYqXAP4gAg,ase,train
ngI6NsWoYcw,UCTwn0S3x3B8LKuPFN3ooAyw,ise,validation
ngatok1tQrU,UCctnLMs5hWKC_qXO3xZE6XA,ase,train
nghxDFzrmrs,UCaayieDFpDIZ1b_mspO_Rzg,ase,train
nhe6TWW2DDo,UCqLGAeTQmlRVfLK6jAWvDxA,ins,train
ni1wKJbKGsk,,ase,unassigned
niLyeGQ1a2A,UC7PByT-DKjERtGRmxfyWvnw,ssp,train
njF-Eyzjsak,UC75cYKm6WbSk-se1deWaD0g,hsh,train
njsfD5GAvGw,UCCkAfmCTGkgJi3QlB_6vkqw,jsl,train
nk54kKmZNNY,UCDaXsbs4hNm7X1QC_X9aTMA,ase,train
nk_3PPt091c,UCgvywbxAcsgJr_gfpqKLXXw,pso,train
nkp8yUaW4_Y,UC0OJaZrsgoV3bGaPO5i4jdA,swl,train
nkyeHEaSTcM,UCizGctLgAahGlOvtSAKdq3g,jsl,train
nlPMcjYHTRY,UC4SqFeQL9FsN2A-2cBbUS5g,bzs,train
nlUJZ4ybKYE,UC2ms98v6vqldNldfldfYcjw,pso,train
nlXhyG47yIw,UC75cYKm6WbSk-se1deWaD0g,hsh,train
nmAowJhz0mc,UCqtaBrGzW-WzWVdhrjCBQ4g,tsm,train
nn9hiTRE6wY,UC9LpvYnT8dG1JO-jZ4oo2Og,ase,train
nnTGNNlDxT8,UCdSLreLHONTcWBfW7LrouuA,swl,train
nnpxQDZWwM0,UC7JuChYmxhljc49dE3JG6Zw,ise,validation
nnw-frsV-tE,UCONmut1XJ22SWICm0olH52g,ase,test
no6LC0d2oIk,UCe2lcoNfWAp4bc0JySWnkmw,ssp,train
noSF4Y7sGEk,UCuyQHJ4y76-i0w9N33vT-kg,ase,validation
notV_U6XVc0,UC_FtDNk-CXvhxozh6BVlEBg,ase,train
np8Z3EbcxqA,UCdczyG5kJYY6UaPq80ns2AA,ase,train
npmBmv685YY,UCfdbGiJ3pSt_Wyz0wFlaMkA,ase,train
nq79Exv7fTQ,UCZOG75UwSlaFOu-BmfSccUg,bfi,train
nq915XJa43c,UCNMh0csop45XxYU0itusr1Q,jsl,train
nq9v_ib9Tvk,UCszvwqbz04iulT9divgrNHw,ise,train
nqY2z5TjlaY,UCw9dHBM1L_9FeM84tS13vjA,ase,train
nqoWkVirCAk,UC55C6FrDNkoh1-S8tGHdCDw,ise,train
nqrgn9DHTmk,UCR8D-7Zmqpaa8f1IfnbwlZQ,ase,train
nr-qUMHbn04,UCcKetdJqFvXWMkM0WSMKH2w,icl,train
nrClnsIuLWg,UC75cYKm6WbSk-se1deWaD0g,hsh,train
nryL9D_Jobg,UCT_ibOnQ79FD6UX9nUwl1Fw,ise,train
nt1SyN364Vw,UCQqdVfOZmhnIa9AUQKfgijQ,swl,train
ntvyhHY5mRQ,UCrQ1mDU-2-T-jJoBK6P9OyA,ase,train
nu3kby_Zp6M,UC8dHtefYYC4TmhRS_0qtKTA,bzs,train
nu9R6RqgtNA,UCTi9woRHA4r8e3oEWF8hxTA,aed,train
nuXctnpBERk,UCizGctLgAahGlOvtSAKdq3g,jsl,train
nuq4GzW87sQ,UCyD6epypPmiwcb_0n7hofuQ,swl,train
nutMknYxiFQ,UC75cYKm6WbSk-se1deWaD0g,hsh,train
nv-ONLr6YPE,UCLB6I_tLs5ardhO_HRyKN0A,swl,train
nvQYWPzot8A,UC3D3um9BcGkQzquorcKWQLQ,ssp,test
nvsLvRCNfe0,UCEPuAkI8Fx_dqb2RMoy00CA,asf,validation
nwA61pXRTcY,UCAbFXOPq0sx03ev-kO3FE2A,ase,train
nwE7Osb6xc8,UCSMZ4td6mZMJVxJ2ow7zY4A,ase,train
nwIhMD6ZJr4,,ase,unassigned
nwSBnlos1w8,UC75cYKm6WbSk-se1deWaD0g,hsh,train
nwrt1vlxjBE,UCaVlD3iSYMf35smXZswfteA,ase,train
nx5TMV3s5Cw,UCFtEEv80fQVKkD4h1PF-Xqw,ase,train
nxKwQZ6BmQw,UCDsoH108wJ2A0GWVbv-laWA,bzs,train
nxR1Vng0-E8,UCaayieDFpDIZ1b_mspO_Rzg,ase,train
nxv83ylyGOQ,UCEdRUGWKhQw3VKPRFAvIG2Q,ase,train
ny1kb_C8lZ4,UCvd8SHzSp07_U55qFI0-dDA,ase,train
nypDCupD8So,UCtFXZP7uAVr7BBZxvWRLTnw,ase,train
o-6WL1-MC28,UCAPKIo9ykV8iShMmG7c-BQA,swl,train
o-8BuZxdNEE,UC6AhVjMzrLvPZDB9ifJedDQ,ase,train
o-W99owiSlg,UC7PByT-DKjERtGRmxfyWvnw,ssp,train
o0J4FDHNL7c,UCsP5EujgCYoOw8ttKlwAM0Q,gss,train
o0v2NHIOCTg,UC2fTQSA7GccUUtG6RrJq9Hg,pks,train
o118hoh8WfY,UC7rtwOJBv4c4PyIhSFvg3Hg,bzs,train
o1HGzCPMf9w,UCe2lcoNfWAp4bc0JySWnkmw,ssp,train
o1kjhVHo7FE,UC75cYKm6WbSk-se1deWaD0g,hsh,train
o2InyzN1Vvk,UCDivIPRtPf_EHSiRfkwkfZA,bfi,train
o3UPfTgd-Yg,UCDsoH108wJ2A0GWVbv-laWA,bzs,train
o3mriTfiXVk,UC64l-8Ox0p9H62XK9bF0RyQ,ase,train
o3pno6x3vA4,UCXuTK8atuQJiJ-qLHbjgaag,bzs,train
o42hFHveCew,UCUwJIzw7t6M53vWnRsHzzdQ,gsg,train
o4FRV3RzV0Q,UCCBWup10InaMbVxOwQUQPnA,ase,train
o4TpZLIuneY,UCGQ1207d-sBzP6ak1k68qyA,ssp,train
o4cqaGS_cds,UCO9zhhszyR4Av4WxwdBJs-Q,ase,train
o4mnWNfHVMI,UCEp0rsZTbruVpumG5NLaNFA,ase,train
o58bw0mLe9U,UC5H_CO6QGwd9hilVnfujz_w,bfi,train
o5JDjF-BSN4,UCUW9iqeKBSdegW5onoBnx_w,hsh,train
o5x9NdOoeBg,UChTbPO97Nt0OTDvqSBjhrVQ,isr,train
o6AY7Ka1lJc,UC7PByT-DKjERtGRmxfyWvnw,ssp,train
o6cLpsA6m7w,UCTv9H7xRwNU4OoFBx3u01ZQ,sls,train
o6haIn1hRFc,UChTbPO97Nt0OTDvqSBjhrVQ,isr,train
o6ux7oij38k,UC5H_CO6QGwd9hilVnfujz_w,bfi,train
o6weAZXcLT0,UCWoxwklkUp0hbrM75ST1Rpg,ase,train
o74aVfspoIU,UCFyhiizY8-4GUcAeYQlylMg,jsl,train
o76QwGoFLZM,UCHBvS1eMuD3sjLKQ3l-nQSQ,ase,train
o7T1tM-T9xo,UCc9fPwa4-9j9GwRQum1vxPw,ase,train
o7hGVjDWJU0,UCSMZ4td6mZMJVxJ2ow7zY4A,ase,train
o85tQe-HWg8,UC_pRt74aUncEDv8OxenCdOw,ase,train
o8ArO0ff4L4,UCfrYaR1kmCHf8ddHb8O8niw,lls,train
o9-9zKeBsYk,UC6b1zI_hrSg-1nAndUEapeQ,ssp,train
o95UZi9KQTE,UCWif2ls3MB_CDmg4z17y6tA,ils,train
o9c5G3JF0iw,UCWif2ls3MB_CDmg4z17y6tA,ils,train
o9w-mF1CKOE,UCxie1H5Lzl5NFsMmAjzs9qQ,fss,train
o9xLmJy1Tdw,UC7fVfWv6FL7HeTFeSLz-muQ,ase,train
oA5FLKyr-EA,UC5H_CO6QGwd9hilVnfujz_w,bfi,train
oAqAwc5nvwQ,UCRKOeHjj4rmr7M6iOJvnAZw,ase,train
oBHHfEu15lY,UCqe1m908QNjDxfgNWLRDyZw,aed,train
oBi6VXHFnRA,UCcmJuUulPHzBUuQbQUN7GzQ,bfi,train
oBsZhdD5XpI,UCbdRgG-NhSwFlRV3MGVp_cQ,dse,train
oC2gxos2qsQ,UCdi887XX6XYJ3OGzlYWTVUw,ase,validation
oC_JVBejAIs,UCQ_jW1xLUF7Sg711yXVvQPQ,ise,train
oCcgGyfkrrw,UCAPKIo9ykV8iShMmG7c-BQA,swl,train
oCt5XfEsZa0,UC-gc7H_gu_IYUAxO2cu6STA,ise,train
oCzNMj7Ts6o,UCLwjQ2R8M8YuItmwWIZpmEQ,jos,train
oD0Rmjz8sWI,UCgGdDZw3Dj8eBkuWOfXfhgg,fsl,test
oDITiWfw1Uk,UCqLGAeTQmlRVfLK6jAWvDxA,ins,train
oDL3wSBLYVg,UCn5POWoRLDvh59noHQ7Nubg,pso,train
oDP7pQwwloM,UCCdgJ722Hvh6Olw5mAWUCPw,ase,train
oEB2BlXvkns,UCUW9iqeKBSdegW5onoBnx_w,hsh,train
oEiuvpYckCs,UCAPKIo9ykV8iShMmG7c-BQA,swl,train
oEouC7EpP3k,UCl1iM_2Xd9R-pLNjiV1zkag,ase,test
oFJ2h2oZYxI,UCjCBX_ZL4T0nCyq3AgFVsDg,asf,train
oG4UJeNxWR8,UCAPKIo9ykV8iShMmG7c-BQA,swl,train
oGR9ygtWUnI,UC75cYKm6WbSk-se1deWaD0g,hsh,train
oGTCgKQygs4,UC75cYKm6WbSk-se1deWaD0g,hsh,train
oGX9sjRJ1Ms,UCOynshZbvM20iHEjrr9UKxQ,ase,train
oH9s7JK9H4A,UC_9x0YFY3tQhHD1oxDriZ9g,sgg,train
oHDmE9Snack,UCAPKIo9ykV8iShMmG7c-BQA,swl,train
oHNZZHxnHYM,UCBRYgj8lhwnr9FrETyJbYEA,ise,train
oHxYk7FWw_k,UCJqEwbw7MfINS4T-oQ47JuA,ise,train
oILema5KTZ8,UCMbT7f3uBbPv5dCPu7ND-yA,swl,train
oIopM7IUJ0o,UC5H_CO6QGwd9hilVnfujz_w,bfi,train
oIraykrtYt8,UCEPuAkI8Fx_dqb2RMoy00CA,asf,validation
oIsqzBmw4AQ,UC7JuChYmxhljc49dE3JG6Zw,ise,validation
oKvRt8X_Vsc,UCbfhCxl-vk7vMPjLyb9QJTg,ase,validation
oLFFT6KaIJ4,UC75cYKm6WbSk-se1deWaD0g,hsh,train
oLylN7H2Vd0,UCzxWduRjGn_A8rEf_-FtL5Q,pso,train
oME0OMjs5v0,UClxAZnsU6AK4pX3dcFdSDPQ,ise,test
oMmmrvxdxU8,UCWif2ls3MB_CDmg4z17y6tA,ils,train
oMoogmN6Ld0,UCaY5JjIf6cKZrynK9Oc3SYQ,asq,train
oN7yHaOkjUE,UChTbPO97Nt0OTDvqSBjhrVQ,isr,train
oNB1Ecd5p1U,UCDWuLgx0vTYBGr1G-diNgSw,jsl,train
oNKNHZLa6jY,UC1G3g-bBbvVR5oyJO3QIV0w,jsl,train
oNswO7Lvrfk,UCWif2ls3MB_CDmg4z17y6tA,ils,train
oNszmWqfQcQ,UC7QNujTpyZqhFrP51eTA8uQ,hsh,train
oOXb331QHRk,UCWif2ls3MB_CDmg4z17y6tA,ils,train
oP2WdYlaflE,UCuyQHJ4y76-i0w9N33vT-kg,ase,validation
oP9OMhZa3Pg,UC75cYKm6WbSk-se1deWaD0g,hsh,train
oPJ0QhtIETg,UCaTMaFNkTiwgsSQ7FYaiaTQ,ins,train
oPSFRuVgE0Y,UCWVUF_aLbNrR_ObLwWZcU2Q,fsl,train
oPnv_uj0o5U,UCs98soN6aBb6gnfbrLl-W0w,???,train
oQEwiUJ15fo,UCs98soN6aBb6gnfbrLl-W0w,???,train
oQJEmRsNWsc,UCA7PN1Q3WJ7_grrkbqqmAZg,ase,train
oQV6HTUITws,UC75cYKm6WbSk-se1deWaD0g,hsh,train
oRka8ySzkxQ,UCQJVI4-q2aT-9pSEmwtrMoA,ase,validation
oS0c9Mao0VI,UCEPuAkI8Fx_dqb2RMoy00CA,asf,validation
oS3ThpGBQFU,UCuwggFCQ8GUdJRGrdydi8Ww,kvk,train
oS6I96_rnPk,UC_9x0YFY3tQhHD1oxDriZ9g,sgg,train
oSaOXWgTVsM,UCWVUF_aLbNrR_ObLwWZcU2Q,fsl,train
oSd71tUTNEo,UCqtaBrGzW-WzWVdhrjCBQ4g,tsm,train
oTN-9xcanjA,UCyD6epypPmiwcb_0n7hofuQ,swl,train
oU1Y8TvMpP0,UCufxp6ZwK8zEstJ4BISgG4A,ase,validation
oU8O_54clPQ,UCsEBkTy545q7ZQXmbRu1szg,ase,test
oU_i53qdb-w,UCoA3JvRkP1z3GE6x5jo6OzA,rsl,train
oV-yVRaPXmk,UCCkAfmCTGkgJi3QlB_6vkqw,jsl,train
oVbLjxvB5G4,UCAPKIo9ykV8iShMmG7c-BQA,swl,train
oVhlcuR0res,UCqtaBrGzW-WzWVdhrjCBQ4g,tsm,train
oWMDeiqYzic,UC7PByT-DKjERtGRmxfyWvnw,ssp,train
oWzRBBnhJKE,UCUW9iqeKBSdegW5onoBnx_w,hsh,train
oX8w7Ttqc2Y,UCvd8SHzSp07_U55qFI0-dDA,ase,train
oXWBX3GVsHw,UC1f5xYbrZxLkklmGkow7AgA,asq,train
oXtGEL_UP78,UC4SqFeQL9FsN2A-2cBbUS5g,bzs,train
oXz0uhTZjhg,UC7PByT-DKjERtGRmxfyWvnw,ssp,train
oYEg5-z4P-A,UCqtaBrGzW-WzWVdhrjCBQ4g,tsm,train
oYL5k_Z535E,UCqLGAeTQmlRVfLK6jAWvDxA,ins,train
oZsWgofNxIc,UC75cYKm6WbSk-se1deWaD0g,hsh,train
oZw5D0vQe4M,UC6b1zI_hrSg-1nAndUEapeQ,ssp,train
o_4qxA3pFMA,UCDWuLgx0vTYBGr1G-diNgSw,jsl,train
o_KKJVnqOh8,UCm-cLN9VreBJm7EMmX7VRVg,ase,train
o_NZywYH4hQ,UC75cYKm6WbSk-se1deWaD0g,hsh,train
o_VZd1OVFoQ,UCGoMw1fmVX0m5_qMsYG4A3g,ase,train
o_VtTNWCsnk,UC4VHfRJHnbcGVLcr9vQIihQ,bfi,train
o_a3o7K97QI,UCuLgHM31H7PmEAY92jBSU_Q,jsl,test
o_eKSAleti0,UCAwUq47FcxxDL68rM4wf2ZQ,asf,train
o_jjlN24UCg,UCQJVI4-q2aT-9pSEmwtrMoA,ase,validation
oa4ox4Umn0M,UCFyhiizY8-4GUcAeYQlylMg,jsl,train
oa6T9VWSfxU,UCAPKIo9ykV8iShMmG7c-BQA,swl,train
oaRZwzq7PKw,UCs98soN6aBb6gnfbrLl-W0w,???,train
oa_wl6IAZvo,UC6OCXcxQ4yKoPfsUPWg99bg,ase,train
ob1isgvwnpE,UCWO9oOaskG1iu9gAHQaS4gA,ase,validation
ob2n3godazw,UClO2hO0t9tWsdgZmi_WQNkg,ils,train
obBV7o0ZN_0,UC3OiN9jnCART5qjoOTr7bgA,ase,train
obRuyUD3ESk,UCs98soN6aBb6gnfbrLl-W0w,???,train
objDM84jEbc,UCszvwqbz04iulT9divgrNHw,ise,train
ocDnPS16dnw,UCW5YSgfcgvgxUY5HjoMXA6Q,ase,train
ocRHCHgC290,UCs98soN6aBb6gnfbrLl-W0w,???,train
occeP31Qi34,UCpOmBmzczDJp_xk9vX9d4wA,ase,test
ocn79XAp-wI,UC75cYKm6WbSk-se1deWaD0g,hsh,train
ocni9KnZFcs,UCVrxlDymBXjcCAn25axZc8Q,swl,train
ocyMsbPyNNI,UC4SqFeQL9FsN2A-2cBbUS5g,bzs,train
odYbwUQMG04,UCctnLMs5hWKC_qXO3xZE6XA,ase,train
oddhddDJV14,UCqLGAeTQmlRVfLK6jAWvDxA,ins,train
odzNoo81qq4,UCUW9iqeKBSdegW5onoBnx_w,hsh,train
ofNtfJ6O5Fs,UC7PByT-DKjERtGRmxfyWvnw,ssp,train
ofhDWcPmLQE,UCgPgI0FiLs8v18146Suwo-w,csn,train
og4aaPGYv-Q,UCUW9iqeKBSdegW5onoBnx_w,hsh,train
og7MJjMmTe0,UChTbPO97Nt0OTDvqSBjhrVQ,isr,train
ogErzc8TSsw,UCxL5EZmsJbbN-vrvhL2-DJg,ase,train
ogQe3rxV8Zg,UC75cYKm6WbSk-se1deWaD0g,hsh,train
ohJdGU_TjaQ,UC75cYKm6WbSk-se1deWaD0g,hsh,train
ohMZu3lrXiM,UC99w_Bzj8ikOz8Gpv0prbNg,ins,train
oiMVz0TDb88,UChTbPO97Nt0OTDvqSBjhrVQ,isr,train
oio_ukPb3Ao,UCyAPbimBAxWyMA0t96UTbbg,svk,train
ojYMAp_TMD0,UCWif2ls3MB_CDmg4z17y6tA,ils,train
ok4JBUasa58,UC75cYKm6WbSk-se1deWaD0g,hsh,train
ok7WTOrQdBM,UCWif2ls3MB_CDmg4z17y6tA,ils,train
okYEemiSR8M,UCO9zhhszyR4Av4WxwdBJs-Q,ase,train
olPvePvhND4,,vietnam,unassigned
olb5Ec0PTkM,UC5qbPCDUE4SPZ-PtgSHWHPA,ase,validation
omUGrg8qfAE,UC5Xzq4Gg6mSNymC4xIaZg1g,ase,train
omuocZvkYTo,UC75cYKm6WbSk-se1deWaD0g,hsh,train
omyaTQld6GY,UCwwwKsXYBZf5VsdJ-kK6zTg,rsl,train
onbzPBlTWqU,UCqK9PQV16nIdTwqhHgxhmnQ,ase,train
onvsc1mmtBI,UC7fVfWv6FL7HeTFeSLz-muQ,ase,train
onyaItpcl9I,UCBjB44dvd2F5MN-fC-eokIg,pso,train
oowLCRk0_Yo,UCQJVI4-q2aT-9pSEmwtrMoA,ase,validation
op0v97boCG8,UCGaQdCK2m305CkMZQasoz7w,csc,train
opvp_5nqMgI,UCQ-cTIHnx9gpTnuHQG5HYSA,ssp,train
oq1bAJ92WvQ,UC75cYKm6WbSk-se1deWaD0g,hsh,train
oqGqES-e9G4,UCQukMGEToh7Dcjsl8ZADaOw,ise,train
oqJI-IqDBSE,UC5H_CO6QGwd9hilVnfujz_w,bfi,train
oql1eDS7bwg,UC75cYKm6WbSk-se1deWaD0g,hsh,train
os5AazXZC4g,UCWif2ls3MB_CDmg4z17y6tA,ils,train
osCBXu_cWfA,UC1f5xYbrZxLkklmGkow7AgA,asq,train
osUbLHwbdSo,UCSMZ4td6mZMJVxJ2ow7zY4A,ase,train
osggG7H_YQ0,UCwh6BdxT9-vYXcnMcCOWxIw,ase,validation
otJlqZixMEo,UCnTpkSq-abN5JGWwSg-W3yw,nsl,train
oty9tEr1-_A,UCmzoIHeCQkAa7dWEeGsTRbQ,ase,train
oul5PgkccX0,UCCkAfmCTGkgJi3QlB_6vkqw,jsl,train
ovJE1uHUK2E,UC7Tjg_h46r1Jhlgxa4bmDSQ,ase,train
ovqluPL138U,UC5H_CO6QGwd9hilVnfujz_w,bfi,train
owDWmX3C8Gg,UCWgT5Ro0AroGs5fb4vHx8aQ,swl,train
owG6kI1mOTg,UC8dHtefYYC4TmhRS_0qtKTA,bzs,train
oxOGlc2x6H8,UC75cYKm6WbSk-se1deWaD0g,hsh,train
oyn3Watv5M0,UCN_bcPyA85PpupzgfCqs5bw,ase,train
ozBGt8-QbzA,UCYWJdRpk2jOOZaqvXGVjkxw,ase,train
ozKTqiWO6Kc,UCZy9xs6Tn9vWqN_5l0EEIZA,ase,train
ozotJxra8YU,UCGisGwX9Mh6T6WrJsx-VjDg,pso,validation
ozt3bd_-QNU,UChTbPO97Nt0OTDvqSBjhrVQ,isr,train
p-51G9z_CAk,UC-gc7H_gu_IYUAxO2cu6STA,ise,train
p-KadGhlrDI,UCMNAB9fGlvNGrqE2nL5NZng,ase,test
p-n5X9caItk,UCoM1KfRfRwaVEMFdhUmpE8w,ase,train
p-tyvF-kHP0,UCyQc-FXsBJ9qF7s7iik4VUA,psp,train
p0OjcG3vhDI,UCwPpG8vaKodLUUUREMv7J3w,swl,train
p17et-NQQoM,UCRRD3yalnoHR0ZvXqhiTI4Q,bzs,train
p1gKI4mCrsQ,UCPNeYbg5gz7AYRCgg8vjhDg,ase,validation
p2CgjGjUCe0,UCgPgI0FiLs8v18146Suwo-w,csn,train
p3QPpkzz2AY,UCuLgHM31H7PmEAY92jBSU_Q,jsl,test
p4mEk6xdFS0,UC3dDOZWlV-xRz34PFC-Q5BQ,ase,train
p6ArR9Y3jYE,UC4eJ5ZxzFBX5JccjOahzlDw,ase,test
p6VDzw6QZ8Y,UC75cYKm6WbSk-se1deWaD0g,hsh,train
p7RcMlHrwbA,UCWgT5Ro0AroGs5fb4vHx8aQ,swl,train
p7W7KvrMcRY,UC7JuChYmxhljc49dE3JG6Zw,ise,validation
p86m4eaAC2k,UCVCtmsq2MwxRAD5fdFeQp2Q,fse,train
p8RWgYfAZB8,UC99w_Bzj8ikOz8Gpv0prbNg,ins,train
p8XTtFtt30s,UCLB6I_tLs5ardhO_HRyKN0A,swl,train
p8omn1wACb0,UC75cYKm6WbSk-se1deWaD0g,hsh,train
p8vuHyYHtYs,UC5H_CO6QGwd9hilVnfujz_w,bfi,train
p9KWO3SsUbE,UC5peRRRRnXIMZvqFJiIwjNg,ase,train
p9fRzoc58CM,UC75cYKm6WbSk-se1deWaD0g,hsh,train
pAM4NE8k-U4,UC75cYKm6WbSk-se1deWaD0g,hsh,train
pAerDdpe9w8,UC7fVfWv6FL7HeTFeSLz-muQ,ase,train
pAljwLtiZaM,UCWif2ls3MB_CDmg4z17y6tA,ils,train
pAvvVmbJtEA,UCufxp6ZwK8zEstJ4BISgG4A,ase,validation
pB4KS2a_cQk,UCLZ-LkPh14mi5FAhz4XZovg,asf,train
pBLT_19brbU,UCQJVI4-q2aT-9pSEmwtrMoA,ase,validation
pBdYtcFVVlY,UC93t6PJiqPnAOAxZs2xXf9Q,fcs,train
pCDhXuu4SiI,UCtcBYtmVnsEI4c4AlSzsENQ,ase,train
pCIuOUfQgKc,UCxL5EZmsJbbN-vrvhL2-DJg,ase,train
pClINw4F3oc,UCly32S4raahgie7UFjJ9jug,ase,train
pCy70TQYqok,UCWif2ls3MB_CDmg4z17y6tA,ils,train
pD3Fv9XDoCE,UC7JuChYmxhljc49dE3JG6Zw,ise,validation
pD7i8nO7eO8,UCBRYgj8lhwnr9FrETyJbYEA,ise,train
pDo1uu_gb_k,UC75cYKm6WbSk-se1deWaD0g,hsh,train
pEVYpZ9sG7Y,UCFyhiizY8-4GUcAeYQlylMg,jsl,train
pE_HNb8vr68,UCe2lcoNfWAp4bc0JySWnkmw,ssp,train
pFMbxnF4KQE,UCTf1usXl55VpAFJTwAjSLjQ,hsh,train
pFPIcfcsRzs,UCs98soN6aBb6gnfbrLl-W0w,???,train
pGbERHbbUfc,UCqLGAeTQmlRVfLK6jAWvDxA,ins,train
pGk47CEGwH4,UCWif2ls3MB_CDmg4z17y6tA,ils,train
pGkhn30lRaM,UC4VHfRJHnbcGVLcr9vQIihQ,bfi,train
pHN0wZap4L4,UCe2lcoNfWAp4bc0JySWnkmw,ssp,train
pIfWlC7tup0,UCFfgJbY2jt4Notzk5M3baOA,asf,test
pIwYpvrQQFQ,UCsuBAbMlPGJ95w3mwhz-30g,ase,train
pJ4Z-hpUAEw,UCWif2ls3MB_CDmg4z17y6tA,ils,train
pJkHJ7W4DJY,UCQJVI4-q2aT-9pSEmwtrMoA,ase,validation
pJp7ZZqDl-o,UCFJLzd1pDjTJgPPHCpDfAwA,ssr,train
pJpma4XPgnY,UCmZzg7ZuertwPNhH3Kj4DZQ,ase,train
pJsGxUz_7hg,UCiawIaoh8sdgcGenM88NkHA,pso,train
pKHETd-NJ-Q,UCRn4OLv2JtbIXzujS2iSdeg,ase,train
pKWfkVLJk4w,UCiMg06DjcUk5FRiM3g5sqoQ,ase,train
pKdSyk4Mmqc,UChTbPO97Nt0OTDvqSBjhrVQ,isr,train
pLKx_LSBDhA,UCqtaBrGzW-WzWVdhrjCBQ4g,tsm,train
pLLUqkPQKL0,UC_9x0YFY3tQhHD1oxDriZ9g,sgg,train
pLRXqP1N9W0,UC85LK96DQppcG7tpcqCcvIw,ase,train
pLSUFEjakKA,UCVrxlDymBXjcCAn25axZc8Q,swl,train
pM5m3R0IwmU,UCrJ4S-3SvqTj9BdVFFNyaLw,ase,train
pMzmOKCyQxA,UCs98soN6aBb6gnfbrLl-W0w,???,train
pNYxLPw46lM,UCWif2ls3MB_CDmg4z17y6tA,ils,train
pO1yFoiaJRQ,UC6afchVrf0mTQOt5Gf-qRhw,bzs,train
pOWzX25ObHM,UCm-yy-rUIBQHhSG5RJE_wzg,ase,train
pOYGeeM-ZJg,UCzRCa1CaqSk2zGn0LlLHnlQ,pso,train
pOiOUQeVVqQ,UCWif2ls3MB_CDmg4z17y6tA,ils,train
pP7641YAhxw,UCB2TPZ9vox9PvK9arORVtNg,pso,train
pQ-gKW2XXQA,UCK-n3cLst9SuYfxk7oNhrlw,ase,train
pQIj-YBosEo,UCIgHUuQkvuwRu-ABIbL4dmg,ase,train
pQMuRxJ0ebk,UCWif2ls3MB_CDmg4z17y6tA,ils,train
pQVrh-lx30E,UCCOaLeJLHuYax7_k5wbC6cw,ase,train
pQ_udTEWTx0,UCK4l01VdkIXI3lA9ey1gUAA,icl,train
pQdCu2QIGh4,UC52H_xHKrwnQRPb25kQtFCQ,ase,train
pR8iWmIATfY,UC75cYKm6WbSk-se1deWaD0g,hsh,train
pRG8E16LWW8,UC75cYKm6WbSk-se1deWaD0g,hsh,train
pRH4s-k6IbU,UCfY_uBhH841gxpS0FhUqzvw,ase,train
pRM1sbseWEw,UCMbT7f3uBbPv5dCPu7ND-yA,swl,train
pRfexQAGbQ0,UCpLtzKe6f_CWcISIhdQ2ncA,ase,validation
pRhLNb5GZzg,UC55C6FrDNkoh1-S8tGHdCDw,ise,train
pRjG2BVTK2I,UCW2WVNg8PCTP17-3S4wAQoQ,asf,train
pRmkhEqGL_k,UCFyhiizY8-4GUcAeYQlylMg,jsl,train
pRv2SPin6Rk,UCXo34D2YjDzQKCpnb9jkDeQ,jsl,train
pS2LD7j2VI0,UCCkAfmCTGkgJi3QlB_6vkqw,jsl,train
pSMiqJmz4-w,UCaayieDFpDIZ1b_mspO_Rzg,ase,train
pSsQNz0EUuM,UCzxWduRjGn_A8rEf_-FtL5Q,pso,train
pT0aman8pVs,UCKyWIEse3u7ExKfAWuDMVnw,gsg,validation
pTDMFMnCwe0,UCUW9iqeKBSdegW5onoBnx_w,hsh,train
pTMa7WMReyk,UCyl2koki10uOzPU3chYrHuQ,ase,train
pTW1wUcIv_I,UCEPuAkI8Fx_dqb2RMoy00CA,asf,validation
pTtonedH0ZU,UCJknGXIBPnjM5wLWb3QBmYA,ase,train
pU1oEX64n5o,UC75cYKm6WbSk-se1deWaD0g,hsh,train
pUDEr0PCCHc,UC4Oyj7LFV0gOgUgNUpyZUQg,ase,test
pUqBv26lZ1A,UCWif2ls3MB_CDmg4z17y6tA,ils,train
pUsyQrjHJJg,UCrrUZVfztrpQU1YMMFoIR1A,bfi,test
pV2I88G2Mb8,UCo6BkyB-xipWbTjUmWQgKcw,ase,validation
pVNxXM4WF04,UChIBEXStFmBeqKWI3uJmtTw,ase,train
pVsUL8CN6Lg,UCRt8sQ1sfIZGdaiHnZbaOEw,ase,train
pW54jiRNNRA,UC75cYKm6WbSk-se1deWaD0g,hsh,train
pWBChztsFQE,UCUW9iqeKBSdegW5onoBnx_w,hsh,train
pWCAlMmZxhQ,UC75cYKm6WbSk-se1deWaD0g,hsh,train
pWF4yEPWpaE,UCLULAdF1-hor45QMG5DsjXQ,ase,train
pXWJS89qP00,UCuseIvrm7VZrcUJipa5yw9g,ase,train
pXal9sTO0q8,UCZOG75UwSlaFOu-BmfSccUg,bfi,train
pXyWscLEdBo,UCWif2ls3MB_CDmg4z17y6tA,ils,train
pY1eGBXHk2M,UC7fVfWv6FL7HeTFeSLz-muQ,ase,train
pYFECryXLEo,UCNMh0csop45XxYU0itusr1Q,jsl,train
pYHZj14_uJE,UC8dHtefYYC4TmhRS_0qtKTA,bzs,train
pYnfkQvQMco,UC38NuTNaDVLlVHqhaLWkAaA,ase,train
pZ5DuZT9LIg,UC8D3i7ZRjiMLM3vmQZQPsUw,icl,train
pZIVll5Kg6w,UCWoxwklkUp0hbrM75ST1Rpg,ase,train
pZd_hejFEIE,UCWse3FMN976f-URCSpWj9Ww,ase,train
pZnZQNDUiLQ,UCuseIvrm7VZrcUJipa5yw9g,ase,train
p_GWgzRdPM0,UC-gc7H_gu_IYUAxO2cu6STA,ise,train
paAMVmpmDm0,UC6cl7qGLmD70R8pbPn5Erpw,slovenia,train
paQjSxw440w,UCqtaBrGzW-WzWVdhrjCBQ4g,tsm,train
parIA8W3hzo,UChTbPO97Nt0OTDvqSBjhrVQ,isr,train
pb1QTrunoUA,UC1mrgxxrCtcAUBFR5Z9Kn6A,ase,train
pc5zdif15yo,UC99w_Bzj8ikOz8Gpv0prbNg,ins,train
pcpc3oMNqF4,UCRB8UnCQ1GcGQqPyAF1Q6nQ,ase,train
pcq5MubNAwU,UC75cYKm6WbSk-se1deWaD0g,hsh,train
pdDCrvGi-s4,UCOmvWULNEqpzpHm3kxNGaBA,rsl,train
pe1Zfoo8cIU,UC99w_Bzj8ikOz8Gpv0prbNg,ins,train
pfAA_Zv2vBE,UCzXNfOVXNYqjFPgMly-1AvQ,isg,train
pfEF7bX9xxU,UC75cYKm6WbSk-se1deWaD0g,hsh,train
pfFDYof6xhM,UCVnYnjKyNuv7eVYQmTe8aIw,ase,test
pfHF_AKRNp4,UC7grq7w27wu0zllsk4kBiFA,ase,validation
pffa3AEELWs,UChTbPO97Nt0OTDvqSBjhrVQ,isr,train
pfpBXMp3Aeo,UC75cYKm6WbSk-se1deWaD0g,hsh,train
pfplpBpbEUg,UCapFShgxytRPexLxwUiXGVw,asq,train
pg2Xh3a5No4,UCjCBX_ZL4T0nCyq3AgFVsDg,asf,train
pgUeB0zwBps,UCo7TejyH1kOQ9_AXgYFx2Cg,ase,train
pgeA6sYYCyg,UCufDAfMXMca-RdSxPkosYrg,hsh,train
pgwDcLVNryE,UCRSi-8QuPOeBBhFZmHZI5xA,ase,train
pgxj13ZpTFU,UCqLGAeTQmlRVfLK6jAWvDxA,ins,train
phFKX2yX4jI,UC3hOdPWDnQBs9NTt3y2fPRg,ase,test
phkqBq9Kysc,UCpYp9GcXspUXMjsKeVdmlvA,gsg,train
phweU9Ee2fU,UCWif2ls3MB_CDmg4z17y6tA,ils,train
pi-SHi0gbUM,UCgww-8rl-7SaDAiuo1re8rQ,ase,train
pi16QhBR9vQ,UC7QNujTpyZqhFrP51eTA8uQ,hsh,train
pi7asPy7MHM,UCDkPMEhnLlYbbGNajZ8vEsQ,ase,train
pi9vboTNdaw,UCufxp6ZwK8zEstJ4BISgG4A,ase,validation
piAh30Wt8Y0,UC5H_CO6QGwd9hilVnfujz_w,bfi,train
piL6J9CzgYs,UCRwPaAUrbOL4X7WgxZzIOpw,ase,test
pi_r8OgF7Bg,UCFcpIA0onxgAkdsh3K0gpeQ,ssp,train
pimixabgzlc,UCaayieDFpDIZ1b_mspO_Rzg,ase,train
piv2Py71v04,UCXAivKbEyzTb5tqwEu2ZDcw,ase,train
pj4ErEaZ-eA,UCoWpgulXv-G9orOFiZcWCGQ,ase,train
pj4N2jJ3rIc,UC5Xzq4Gg6mSNymC4xIaZg1g,ase,train
pjiSxjgYwuo,UC75cYKm6WbSk-se1deWaD0g,hsh,train
pjsLi64zV94,UCBxFGQJfsVq4P1W0M-sjIkA,ase,train
pjtQhoJRKd8,UCDivIPRtPf_EHSiRfkwkfZA,bfi,train
pk5H9ZM73I0,UCqLGAeTQmlRVfLK6jAWvDxA,ins,train
pkLCS1FO_A8,UCnBgZ0MIQAustENxeE2yOGA,ase,validation
pkYmsKfiG3E,UCWif2ls3MB_CDmg4z17y6tA,ils,train
pkdMDQDXtyw,,ase,unassigned
pknn5lalPt8,UCTv9H7xRwNU4OoFBx3u01ZQ,sls,train
pl-FjiUklAw,UCQhOtzmEDcf4XZk-vYf9hYQ,ase,train
pl6PUylArwo,UCyl2koki10uOzPU3chYrHuQ,ase,train
plLpacJfg4o,UChTbPO97Nt0OTDvqSBjhrVQ,isr,train
pliCPbqp2IA,UCEPuAkI8Fx_dqb2RMoy00CA,asf,validation
pm-OF8Ird0g,UCPgIzfHK5zkJXIygSEjxO4Q,icl,train
pmeQw9VG7VY,UCwc0xtGUmoxvjYzaZNYCnEA,ase,train
pmyv7pDpfng,UCDu0XXRzxz8pvm0PsLpPxFA,ise,train
pnKvAY0aS2c,UC7rtwOJBv4c4PyIhSFvg3Hg,bzs,train
pnSS404iRag,UC55C6FrDNkoh1-S8tGHdCDw,ise,train
pnhQtk3kihU,UCPgIzfHK5zkJXIygSEjxO4Q,icl,train
pnieGS1WgyU,UCgEYcVOHaAhiJV9WpWwtisQ,ase,train
po5fcxsnRXo,UCJzu69TgtBwVc03QEP9gL6A,rsl,train
poWavwlUcwI,UCaayieDFpDIZ1b_mspO_Rzg,ase,train
poY_oxGfJ8Y,UCVZqtPKANzQZWUig-YxVPJA,ase,train
potcjJoKY3Q,UC-8TBU8-W613NU2ysMh8DWQ,ase,train
poxxgOd3bHI,UCDL2Ug9aPMTAK0FDfWopZMw,ase,test
pozFdLNMyng,UCW6S09mMFnpxrYu7Cph7rZA,ase,test
ppDGKLvxopE,UCaHC0AhaHimuJyOAUTzifiQ,ase,train
ppNd7bMKVJg,UCS7wVohIwd66b95xyuw7DFQ,ase,train
ppzdq1ox0ZM,UCqLGAeTQmlRVfLK6jAWvDxA,ins,train
pq27W4TWGbo,UCAvDE_khsHcC3JxwA8-JgCQ,ase,train
pqJZBwU1jCo,UChTbPO97Nt0OTDvqSBjhrVQ,isr,train
pqTO1prM3cw,UCEPuAkI8Fx_dqb2RMoy00CA,asf,validation
pqvMPWS-LCM,UCAbFXOPq0sx03ev-kO3FE2A,ase,train
prEtLtxMFB0,UCaY5JjIf6cKZrynK9Oc3SYQ,asq,train
prGEojnsHVQ,UCWif2ls3MB_CDmg4z17y6tA,ils,train
prIWs5lp7oU,UCuyQHJ4y76-i0w9N33vT-kg,ase,validation
prV59bhhv2c,UC75cYKm6WbSk-se1deWaD0g,hsh,train
pr_11bPuSOs,UCAPKIo9ykV8iShMmG7c-BQA,swl,train
ps6wqKrZ3_I,UCmMEZygvya48POr2QMx7uRA,ase,train
ps_BXS4HfkY,UCWif2ls3MB_CDmg4z17y6tA,ils,train
psa4n-ZZAJY,UCB2TPZ9vox9PvK9arORVtNg,pso,train
pskc828k5-4,UCHR3gko_LBPQUa2mTZAJp7A,nsl,train
pstqOTFZYLM,UCKGWL_pjR6PJC2bWAYf04WQ,fsl,train
pszY4Q8iJCc,UCvvTbNabOb2VoS_fPcUqu0A,ase,train
pt2P027s8aM,UCDWuLgx0vTYBGr1G-diNgSw,jsl,train
ptK1tuT9Rcs,UCMzI0ghXyfubsS0c0nN2aew,ase,test
ptMvbf3of8g,UCT_ibOnQ79FD6UX9nUwl1Fw,ise,train
ptTy4SK98iE,UCe2lcoNfWAp4bc0JySWnkmw,ssp,train
ptWwQsYxAcY,UCUW9iqeKBSdegW5onoBnx_w,hsh,train
ptjA0ZWLqIc,UCWif2ls3MB_CDmg4z17y6tA,ils,train
ptteXPcbpEE,UCQ_jW1xLUF7Sg711yXVvQPQ,ise,train
puaxDEl9dQc,UC99w_Bzj8ikOz8Gpv0prbNg,ins,train
puiAy-WDalU,UC5H_CO6QGwd9hilVnfujz_w,bfi,train
pur7HwQKt5A,UCYnxGaBJ2NrdBhjqjW1mtFQ,kvk,train
pvfwMZrB6gA,UC99w_Bzj8ikOz8Gpv0prbNg,ins,train
pvhrA5dtrew,UChTbPO97Nt0OTDvqSBjhrVQ,isr,train
pvoVlSTcXNc,UC1f5xYbrZxLkklmGkow7AgA,ise,train
pvudSa2ZkT0,UCqLGAeTQmlRVfLK6jAWvDxA,ins,train
pwEWCLhWZO8,UCEPuAkI8Fx_dqb2RMoy00CA,asf,validation
pxW7wCKp4p0,UCWif2ls3MB_CDmg4z17y6tA,ils,train
pxkfXb4Jxvo,UCWZUgjjbeBG0sN3F5EpGqYg,ase,validation
pxsR00XTCco,UCueMY0S0vAPcmJNYXpxjlUA,ase,train
py45Y6JaC1k,UCqLGAeTQmlRVfLK6jAWvDxA,ins,train
pynJ4UIrdNc,UCPshV-XBQuV92wSTxgcvEOg,ase,train
pyxCp2gBDrY,UC99w_Bzj8ikOz8Gpv0prbNg,ins,train
pyzoSmizzzw,UCLrN3LrNjn6WP8kLbIyHDjQ,ssp,validation
pza_ZIArDw4,UCBRYgj8lhwnr9FrETyJbYEA,ise,train
q-gg2bjNK64,UCT_ibOnQ79FD6UX9nUwl1Fw,ise,train
q0I_ERL7s6M,UCt6toBn-9Tx5NrLejcmKByQ,ase,train
q0NAKigeyhs,UCsuBAbMlPGJ95w3mwhz-30g,ase,train
q0ScWERbS6o,UCqLGAeTQmlRVfLK6jAWvDxA,ins,train
q0wer4DXE0Q,UC6cl7qGLmD70R8pbPn5Erpw,slovenia,train
q1N97KUxuNU,UCBRYgj8lhwnr9FrETyJbYEA,ise,train
q1fPRJ4DLm0,UC99mR9Uvb6VuIlb4CW4czgg,pso,train
q1hBdJnKsTU,UC5Xzq4Gg6mSNymC4xIaZg1g,ase,train
q2o7dEDNy0s,UC99w_Bzj8ikOz8Gpv0prbNg,ins,train
q2u-vAlSNPY,UCWif2ls3MB_CDmg4z17y6tA,ils,train
q2y3AyIAyX8,UCLZGWvbf2690aJHnVYPvP7Q,ase,validation
q3Gnj5reAJE,UCdYMQAgwXv1fVlWolxFAJng,ase,train
q3O13kJsI3M,UCWif2ls3MB_CDmg4z17y6tA,ils,train
q3TKJHEKk08,UCOqWC86f1tv-AsGjbkIBEUQ,ssr,train
q3TwMACp1BE,UCkaVvxq4vAwZxRdMQJVBB-A,ase,train
q3YdbxqoqI0,UCAPKIo9ykV8iShMmG7c-BQA,swl,train
q3kyWErFs9c,UCWif2ls3MB_CDmg4z17y6tA,ils,train
q3rZgrMEnX4,UCroQ9rJmC08v54nZcZ-ZyJw,ils,train
q55OY5vd1qs,UCqtaBrGzW-WzWVdhrjCBQ4g,tsm,train
q58yKhthHsc,UC75cYKm6WbSk-se1deWaD0g,hsh,train
q5DtYSZQT_U,UC0QbPSuIEnl5XBpcqmn5vVw,ase,train
q5EirFrQOfM,UCTzsCypH_CYNoFft2Ay_BdQ,ase,train
q5KxrzILFjI,,ase,unassigned
q5TDzycTZiY,UC75cYKm6WbSk-se1deWaD0g,hsh,train
q5TSxvngTgA,UCWif2ls3MB_CDmg4z17y6tA,ils,train
q5W7qqBqau4,UCChKgcgVNfCT2wO1AJwNkGA,jsl,train
q5hhWw79t3k,UCE2rVduOUUH7ls2OUqWCyDg,gsg,test
q6JF2zIIuDc,UC7fVfWv6FL7HeTFeSLz-muQ,ase,train
q6RxqW5tC2s,UCWif2ls3MB_CDmg4z17y6tA,ils,train
q6hDvT04aqQ,UCqLGAeTQmlRVfLK6jAWvDxA,ins,train
q6nNr04_0U4,UC0bC2uPuTGZrThIBIQjc-aA,ase,validation
q6vGVX_Y-Nc,UC-GYvbXRH4CgK2Ocn_4srww,ase,train
q6x2AySM7-E,UC5Xzq4Gg6mSNymC4xIaZg1g,ase,train
q7G89wABSno,UCRLLiAzad5ts5gQGcPwrTFQ,ase,train
q7nu8_uVqGY,UCJF5rOp5lleObqnV54Z59hA,ase,train
q8Sr-wituIE,UC-8TBU8-W613NU2ysMh8DWQ,ase,train
q8fdh2BUhho,UC4YIkyipvSWH51CYnKgvHbg,jsl,train
q9a_IrSwEMI,UC75cYKm6WbSk-se1deWaD0g,hsh,train
q9sYXiZLhQk,UCe2lcoNfWAp4bc0JySWnkmw,ssp,train
qA-cfcV5Bck,UCPgIzfHK5zkJXIygSEjxO4Q,icl,train
qAE6KiK2v0w,UCyIjlBUwgXeKO6MZ2Ospaxw,jsl,train
qAIw8J7QvVw,UCFJLzd1pDjTJgPPHCpDfAwA,slf,train
qAK43TdZRTI,UC1_mYJhSjSZ6DwfZoXlsPwQ,ase,train
qATuIbBufYQ,UCyl2koki10uOzPU3chYrHuQ,ase,train
qApKHXjdZEs,UCWif2ls3MB_CDmg4z17y6tA,ils,train
qB-2o3PCjnQ,UCsuBAbMlPGJ95w3mwhz-30g,ase,train
qBJaWOmR9q4,UCz6yYgi3yYzjGJnDFH_WIVg,ase,train
qBw7hOHA0W0,UCaTMaFNkTiwgsSQ7FYaiaTQ,ins,train
qC92vLv8Nuo,UC1MaCy_rNO8gaMHvfQhHUIA,tss,train
qCIX4u2JUh4,UCufxp6ZwK8zEstJ4BISgG4A,ase,validation
qCLgcCRRWC8,UCwcJIfRFwLcZF_teq6A86dA,ssp,test
qCPpVyS0tsg,UCqtaBrGzW-WzWVdhrjCBQ4g,tsm,train
qCYdIQ9-92o,UC99w_Bzj8ikOz8Gpv0prbNg,ins,train
qCqsv1GpsLA,UCIgyoRY69c8rPS2YDQ-wAqg,ase,train
qCv3lSCzgQ4,UC-gc7H_gu_IYUAxO2cu6STA,ise,train
qD9GdA7HW0M,UCW2WVNg8PCTP17-3S4wAQoQ,asf,train
qDjpgIy9b6I,UCwdSEtM1pdSHRnCSh6bLiZg,ase,train
qEH7ntUf-pk,UCYWJdRpk2jOOZaqvXGVjkxw,ase,train
qEpN4KMR0N4,UCSMZ4td6mZMJVxJ2ow7zY4A,ase,train
qEvpcSh3ziU,UC75cYKm6WbSk-se1deWaD0g,hsh,train
qF6h2_1dkLQ,UCCkAfmCTGkgJi3QlB_6vkqw,jsl,train
qGR_oiVxcO4,UCYWJdRpk2jOOZaqvXGVjkxw,ase,train
qHrOyd-5Jzg,UC75cYKm6WbSk-se1deWaD0g,hsh,train
qI1jddkmC4g,UCqd6eos5-i46NbDH1uLWdFQ,bfi,train
qI2zXEFxil4,UCNMh0csop45XxYU0itusr1Q,jsl,train
qIfaMTLmmFk,UCuyQHJ4y76-i0w9N33vT-kg,ase,validation
qIkpHE4u01E,UCs98soN6aBb6gnfbrLl-W0w,???,train
qInSBdpvy_s,UCQyYhy3ww0IvOgHlQpmShwA,ase,train
qJ-s84W3eTY,UC1mrgxxrCtcAUBFR5Z9Kn6A,ase,train
qJ9zroo2alU,UCfSW63gpYNn98Wln-2lOmgQ,ase,train
qJCcUW4TDcM,UC7JuChYmxhljc49dE3JG6Zw,ise,validation
qJOWPfRfiuQ,UC75cYKm6WbSk-se1deWaD0g,hsh,train
qJQmhTv_ciQ,UC85LK96DQppcG7tpcqCcvIw,ase,train
qJ_JjtF6JHo,UC99w_Bzj8ikOz8Gpv0prbNg,ins,train
qJjfCAl9cvg,UCxSmnCUdCMZ51qWi7yQDlzQ,bzs,train
qK2LElSqd_0,UCqK9PQV16nIdTwqhHgxhmnQ,ase,train
qKHUmlbADZY,UCrRSug2PL9zZAWbjArQX-EA,ase,train
qKl8-jiih5U,UCaDrIDvpB0HdFTkpdjTPwSQ,rsl,train
qKlhoZG0PlY,UCCBWup10InaMbVxOwQUQPnA,ase,train
qKmJBLFCo90,UC-gc7H_gu_IYUAxO2cu6STA,ise,train
qKrOCbvfpOI,UCmTfNRUoOTCYi4CY5b9YTMA,ase,train
qKx-Gbh_dkE,UCqLGAeTQmlRVfLK6jAWvDxA,ins,train
qLJmqnG9fow,UCtjEjgYtRZWFL9pWa4yxtXg,jsl,train
qLijzZu7RQA,UCRLLiAzad5ts5gQGcPwrTFQ,ase,train
qM3O_kbpMu4,UCaayieDFpDIZ1b_mspO_Rzg,ase,train
qMZnVGTt50M,UC5H_CO6QGwd9hilVnfujz_w,bfi,train
qNA75gnXIcw,UC_xOGUF8Qoa6_CD2NMVttJA,tss,train
qNT6jPr4mlA,UC5Xzq4Gg6mSNymC4xIaZg1g,ase,train
qNz_K1TnUcM,UC75cYKm6WbSk-se1deWaD0g,hsh,train
qO4o_XAom6k,UCWif2ls3MB_CDmg4z17y6tA,ils,train
qOIbdfwQ_j8,UCqLGAeTQmlRVfLK6jAWvDxA,ins,train
qOWwpLZ3xf4,UCQJVI4-q2aT-9pSEmwtrMoA,ase,validation
qOXK7ZH3evU,UCDL2Ug9aPMTAK0FDfWopZMw,ase,test
qOeq8BmTAw4,UCBRYgj8lhwnr9FrETyJbYEA,ise,train
qOjAVVxDBDE,UCTwn0S3x3B8LKuPFN3ooAyw,ise,validation
qP3t39xwZw0,UCOM_JRuoDUSKu68gp3-3IEQ,ase,train
qPVUxUprkUs,UCoh6nzKJnxnIzhqyQjXsCqw,ase,train
qPlDMCOVMvE,UCM_ikHKedCIxwvcqRr3Kidw,ase,train
qQHYkfSc-9I,UC-gc7H_gu_IYUAxO2cu6STA,ise,train
qQkrT6ieSJg,UCA7yuvsX0I5xX_SSXUJQJ1w,ase,validation
qQlCcwTp4kA,UCTi9woRHA4r8e3oEWF8hxTA,aed,train
qS8xMglFvTU,UC85LK96DQppcG7tpcqCcvIw,ase,train
qSIElVn8f2I,UCQqdVfOZmhnIa9AUQKfgijQ,swl,train
qSgOMwi8pyM,UCxSmnCUdCMZ51qWi7yQDlzQ,bzs,train
qTlqhWGuCIw,UCcD4ou_0CcbWTRPtNhX43_g,psp,train
qTxU2fecwpM,UCEPuAkI8Fx_dqb2RMoy00CA,asf,validation
qU3w83Z0708,UCAPKIo9ykV8iShMmG7c-BQA,swl,train
qU5P75JoCXc,UChTbPO97Nt0OTDvqSBjhrVQ,isr,train
qU7CCP6wbmc,UCziQtDCnrKbqqe7_P7hpEAw,ase,test
qU7dInX4aQ4,UChTbPO97Nt0OTDvqSBjhrVQ,isr,train
qUHmih_oDx0,UCYWJdRpk2jOOZaqvXGVjkxw,ase,train
qUnhNQ9xU5E,UCtlUf408PEMndwEL5aZ8jZA,ase,train
qUpJn7lV5G8,UC5H_CO6QGwd9hilVnfujz_w,bfi,train
qVfGfZVUOYo,UCWif2ls3MB_CDmg4z17y6tA,ils,train
qVgRuLXkEVg,UCyAPbimBAxWyMA0t96UTbbg,svk,train
qViJyEbzrzo,UC6Sbc1vWr5J72WwfAyVMtiQ,bfi,train
qVxNP9TnBjY,UCS_sxPSNGTfpkoa5nYEt-1g,ase,test
qW0-qM-zGAc,UCGisGwX9Mh6T6WrJsx-VjDg,pso,validation
qWdcTX47__o,UCuLgHM31H7PmEAY92jBSU_Q,jsl,test
qWpS-_cGp34,UC7fVfWv6FL7HeTFeSLz-muQ,ase,train
qWsIlHnKqpw,UCAPKIo9ykV8iShMmG7c-BQA,swl,train
qWyl26Rq4iU,UC7clP2oTJIzKjNTba7APp2A,ase,test
qX4zASRlTGk,UC2TFe_7ObdAoo8J9pnerAqQ,ase,train
qXNh8r0mVIs,UCKVvflqgi2vEsFiQKAVzETg,sgg,train
qXovhA-lq-0,UCyIjlBUwgXeKO6MZ2Ospaxw,jsl,train
qY3kPMyL5OA,UCaTMaFNkTiwgsSQ7FYaiaTQ,ins,train
qYA1jQ5xJGA,UC75cYKm6WbSk-se1deWaD0g,hsh,train
qYBCOPXLz3s,UC75cYKm6WbSk-se1deWaD0g,hsh,train
qYIH4NH60bM,UClf6uXqvt7z6Xr2wqGNxtwg,ase,train
qYKM8lBxiyU,UC6vT9Zhz3lbwU9pExQBXqBQ,ase,train
qZ6K45Owg5M,UCMOLsIohq7XqYLzXnm-gpjQ,ase,train
qZ9NvPECXFQ,UCSMZ4td6mZMJVxJ2ow7zY4A,ase,train
qZKHqviHLDQ,UCgEYcVOHaAhiJV9WpWwtisQ,ase,train
qZLb_HHQtpE,UC75cYKm6WbSk-se1deWaD0g,hsh,train
qZ_lOszr5-s,UCW2WVNg8PCTP17-3S4wAQoQ,asf,train
qZaTAEYE5aE,UCTi9woRHA4r8e3oEWF8hxTA,aed,train
q_KArFn6O94,UCx8jxChJznkRPJCE79qldOg,pso,train
q_KyfZK0Zhk,UCUW9iqeKBSdegW5onoBnx_w,hsh,train
qa6K56y3S6c,UCGisGwX9Mh6T6WrJsx-VjDg,pso,validation
qaBpSMcspBw,UCYogpIfU7-Cy19rDs1WnpaA,aed,train
qaY3vDHjuuE,UCxSJmyTEdMMCFImZY-Tt0Ew,ase,train
qamOaenr-5Q,UC0PiBNG7h5d1IYLXo7z_BzA,ase,train
qanpHVcHj7I,UCh9aGHA8oRtZqW8KCE_2KKA,ase,train
qbJ5m5Al380,UCjCBX_ZL4T0nCyq3AgFVsDg,asf,train
qbRltXCuM6M,UCJzu69TgtBwVc03QEP9gL6A,rsl,train
qcBC_fly4hk,UC5H_CO6QGwd9hilVnfujz_w,bfi,train
qcUrX32izAI,UCWif2ls3MB_CDmg4z17y6tA,ils,train
qcgQjxY1O5Q,UC75cYKm6WbSk-se1deWaD0g,hsh,train
qdR-hW2SKE0,UCGisGwX9Mh6T6WrJsx-VjDg,pso,validation
qdV0CKepVdg,UCPNeYbg5gz7AYRCgg8vjhDg,ase,validation
qdnbhsXskaI,UCYyRpJBseu43EojDdSUcSyA,ase,train
qdvB8yOBFW8,UCwcJIfRFwLcZF_teq6A86dA,ssp,test
qe1bVXy-aS8,UCUW8O6cgrk68VO-ABksF8uw,ssp,train
qe9jQrpg6G4,UC3hOdPWDnQBs9NTt3y2fPRg,ase,test
qen8iQyiit4,UC75cYKm6WbSk-se1deWaD0g,hsh,train
qeuuLxW_8qc,UC-ufyQYX9Um8z1AkIVGeFXw,ase,train
qff0Ch54aQY,UCUW9iqeKBSdegW5onoBnx_w,hsh,train
qfy_ByCgVhw,UCAPKIo9ykV8iShMmG7c-BQA,swl,train
qgO75xzXEL4,UCizGctLgAahGlOvtSAKdq3g,jsl,train
qhWW17Vs-X0,UCY_1hb97iVCsgjc6MrE0ICA,bfi,train
qh_5VAj2uIc,UCLUSM7sbFDJD4EeLCegPB1Q,pso,train
qhvSp05B0ck,UCGoMw1fmVX0m5_qMsYG4A3g,ase,train
qi9jC7FjmDE,UCWVUF_aLbNrR_ObLwWZcU2Q,fsl,train
qiJTlB1RcjU,UCeM9ju-z8IoVGomUJHd7DLQ,pso,train
qiQ5tmK1O0Q,UC7JuChYmxhljc49dE3JG6Zw,ise,validation
qiY0HJM9VI4,UCCNxK-l_ABTpub8bv1gl-ng,ase,train
qiYTDSgjdlY,UCs98soN6aBb6gnfbrLl-W0w,???,train
qiyAdmAK0vg,UCfrYaR1kmCHf8ddHb8O8niw,lls,train
qjEByIQnVx8,UCcmJuUulPHzBUuQbQUN7GzQ,bfi,train
qjUVTjuo1gs,UC1f5xYbrZxLkklmGkow7AgA,gsg,train
qjVMkhoKHX8,UC4VHfRJHnbcGVLcr9vQIihQ,bfi,train
qjnl1J5BXmQ,UCJzu69TgtBwVc03QEP9gL6A,rsl,train
qjviYDTasmQ,UC75cYKm6WbSk-se1deWaD0g,hsh,train
qk27ZCHABY4,UCyl2koki10uOzPU3chYrHuQ,ase,train
qkBYGGtiBeI,UCLZ-LkPh14mi5FAhz4XZovg,asf,train
qkpwNB6ke7k,UC_9x0YFY3tQhHD1oxDriZ9g,sgg,train
qkqMBW47QHg,UC0ssa7FTeHexuO6wHhbX9ow,ase,test
qlRzEaajJwU,UCuyQHJ4y76-i0w9N33vT-kg,ase,validation
ql_fep5YNZA,UC9iTjM1LI5k60EhfTwNPO5w,ise,train
qleQXdW-24c,UCOqWC86f1tv-AsGjbkIBEUQ,ssr,train
qm8MugO_Tfo,UCDu0XXRzxz8pvm0PsLpPxFA,ise,train
qmCB6YTA30Q,UCxSmnCUdCMZ51qWi7yQDlzQ,bzs,train
qmweIgEEGAg,UCXAivKbEyzTb5tqwEu2ZDcw,ase,train
qmyR_yh2FKc,UCDivIPRtPf_EHSiRfkwkfZA,bfi,train
qnBXC4FAUGw,UCtWSKOEuSUkcIjw_l8UjwlQ,ase,train
qnOJ5DNBRyY,UCZ532DAlc-iwzDPiPLJwAQA,ase,train
qndLm4lrQZY,UC75cYKm6WbSk-se1deWaD0g,hsh,train
qnialGjtriQ,UC75cYKm6WbSk-se1deWaD0g,hsh,train
qnix2xY8X9M,UCDWuLgx0vTYBGr1G-diNgSw,jsl,train
qoA8I4iLUiQ,UCkwbOKADhAVxJ5Ku_FqV65w,ase,train
qoEWXdSjeSs,UCp5OutaMVVztQVwWc9NeKPQ,ase,train
qoLbAfvPe-Y,UC_FtDNk-CXvhxozh6BVlEBg,ase,train
qoNvYFZ8g7o,UC75cYKm6WbSk-se1deWaD0g,hsh,train
qon_qI2bcBo,UC75cYKm6WbSk-se1deWaD0g,hsh,train
qp8CtL9miOA,UCEp0rsZTbruVpumG5NLaNFA,ase,train
qpiT61c1pH4,UCdczyG5kJYY6UaPq80ns2AA,ase,train
qpqD_3u4hYI,UCDzZGmxS9fFkhQs3PcJedyA,ase,train
qpzTW8bL6q8,UCWif2ls3MB_CDmg4z17y6tA,ils,train
qq3eL2TgO98,UCpSi-WyfN5h0nRu-Gu77HnQ,ase,train
qqFpHBt5KXE,UCbtviVb4elMPpwrIdGrZ4yg,ase,train
qqimHpYn4yc,UCOuE0zw9VItn-Bv71BNeBVQ,fsl,train
qr6Yci1cZD0,UCgPgI0FiLs8v18146Suwo-w,csn,train
qrc8IYWpo_Q,UCYWJdRpk2jOOZaqvXGVjkxw,ase,train
qrwXj-iP-Mk,UC7mjutpeJU1WVxtkGOvrDRg,ase,train
qsQcf2N_sXw,UC1f5xYbrZxLkklmGkow7AgA,asq,train
qsdvlt3ohCE,UCqLGAeTQmlRVfLK6jAWvDxA,ins,train
qt8SsG_lZjo,,asf,unassigned
qtExa_TwypI,UCs8AWPi7n8XqB67r9P4fIlg,ase,validation
qtN_805FvxU,UC-8TBU8-W613NU2ysMh8DWQ,ase,train
qtSurWEksSw,UC75cYKm6WbSk-se1deWaD0g,hsh,train
qt_fMsbdWxU,UCwc0xtGUmoxvjYzaZNYCnEA,ase,train
qtyH-5BDzv4,UCT_ibOnQ79FD6UX9nUwl1Fw,ise,train
quSr-_ArcmI,UClxAZnsU6AK4pX3dcFdSDPQ,ise,test
qv-9nanDqLw,UCJ1bzDU4vbuQTXbnOxcSl_g,swl,train
qvFpN1w2-pY,UCaiVUF00vGaSmyqDjbD2h0Q,ase,train
qvN9q5kPC74,UC85LK96DQppcG7tpcqCcvIw,ase,train
qvWIpEMRUKE,UCsEBkTy545q7ZQXmbRu1szg,ase,test
qw6dcNfcktc,UCu1V-LaUH8l2H2XnRqUApsA,ase,train
qw9jMRqQ8qU,UCe3_F2KJ-rJ1I0dN_iDgzfg,ase,train
qxIA_Womx5U,UCgPgI0FiLs8v18146Suwo-w,csn,train
qxZbVEZiiPw,UCGisGwX9Mh6T6WrJsx-VjDg,pso,validation
qxdMfOKU4iI,UCpKPV8LS9y2qUuuExuOJ1sg,pso,train
qxjFMiZrd1s,UC-_uxJSqfBKmSWcz4jeiY4w,ase,train
qxjOArRvFrQ,UCGdkydYn1myk9IcdamXNW4w,ase,train
qxxJZJ2gvEY,UCaayieDFpDIZ1b_mspO_Rzg,ase,train
qy1ozR7JzU8,UCizGctLgAahGlOvtSAKdq3g,jsl,train
qyCpYZoxF3A,UC75cYKm6WbSk-se1deWaD0g,hsh,train
qyZKzN4OLhk,UC7rtwOJBv4c4PyIhSFvg3Hg,bzs,train
qylAijITMWs,UCIF8joER1Amy-1xUKR-7QcQ,asq,train
qyvtlginuGc,UCGxfHBfP4ZBpg4TDg8v8G3A,ase,train
qz1FEe5pBCo,UChTbPO97Nt0OTDvqSBjhrVQ,isr,train
qzOUMH-gsIQ,UCJzu69TgtBwVc03QEP9gL6A,rsl,train
qzR_VqxOY0U,UCdTytgz2Mvb6odTHH9iNv8Q,ase,validation
qzjVxb4dACY,UCyl2koki10uOzPU3chYrHuQ,ase,train
r-nZr6YJqIs,UC_9x0YFY3tQhHD1oxDriZ9g,sgg,train
r09DUal02eU,UC_csKkBXrr9A0-07cAvo_nA,ase,train
r0TQ90jsf0A,UC7QNujTpyZqhFrP51eTA8uQ,hsh,train
r0tiB29olkk,,ase,unassigned
r0wYw0Wsefs,UCFfgJbY2jt4Notzk5M3baOA,asf,test
r0x6VU8RZAE,UCPgIzfHK5zkJXIygSEjxO4Q,icl,train
r1O6KZpRZBY,UCGisGwX9Mh6T6WrJsx-VjDg,pso,validation
r1XqgtkWeYg,UCLjV1ol_2nnVsk_wLZfjPFw,ase,train
r1begIhoSSo,UCcmJuUulPHzBUuQbQUN7GzQ,bfi,train
r1nO8NSEYok,UCJzu69TgtBwVc03QEP9gL6A,rsl,train
r1xUYJJs1eI,UCGLOly45we_1ZTXAXF7TZDA,asq,train
r1xYSC9chCU,UCqP6_eCUvbjbg0-Z1cMLckA,ase,train
r22cYbSG6Tc,UCWif2ls3MB_CDmg4z17y6tA,ils,train
r2EATfZE_Is,UCqLGAeTQmlRVfLK6jAWvDxA,ins,train
r2Ula5uVDEQ,UCe2lcoNfWAp4bc0JySWnkmw,ssp,train
r2cOSCYSuFA,UC5RrTOs35gE_w5625uGLSdA,kvk,train
r32PuIxURVQ,UCly32S4raahgie7UFjJ9jug,ase,train
r3IBBkpoTnU,UCj4oYRilHPMx97CErna9pXw,ise,train
r3aMp1ji0bk,UCkaVvxq4vAwZxRdMQJVBB-A,ase,train
r3nYWpReO5E,UCYzUa-Jxf5iuMq0i3nMr8Sg,aed,train
r3y1XhQY5ko,UC1f5xYbrZxLkklmGkow7AgA,asq,train
r49UYTTgIeU,UCNNd2exV4cab-3j5-gwKs1g,ase,train
r4AX4bArB-4,UC7fVfWv6FL7HeTFeSLz-muQ,ase,train
r4HhkAjY8Jc,UCxZpcLaqyj7EislJqQmH39A,ase,train
r4Mm76Pu8fg,UCz1evQ7irzBaZDsciVYbd0A,ase,test
r4Pex-PUZcs,UCN8D8Gj5b4KjFT2MnWrRBwQ,pso,train
r4Q7_h6UOCs,UC7PByT-DKjERtGRmxfyWvnw,ssp,train
r4a0WwMvSFQ,UCWif2ls3MB_CDmg4z17y6tA,ils,train
r4jsQdoW1bw,UCvd8SHzSp07_U55qFI0-dDA,ase,train
r4rUY30MZro,UC99w_Bzj8ikOz8Gpv0prbNg,ins,train
r540xmKoMi0,UCcKetdJqFvXWMkM0WSMKH2w,icl,train
r6nuMMCdN0g,UC_9x0YFY3tQhHD1oxDriZ9g,sgg,train
r6xIsEGzrwY,UC75cYKm6WbSk-se1deWaD0g,hsh,train
r6zypaspDKE,UCLUSM7sbFDJD4EeLCegPB1Q,pso,train
r77umzBnFbs,UCGV-ufMbl_OxY8OJgXy_8kA,asf,train
r7LgA18e_04,UC75cYKm6WbSk-se1deWaD0g,hsh,train
r7fahIKMsV0,UCqtaBrGzW-WzWVdhrjCBQ4g,tsm,train
r8V9MUKuujA,UC3hOdPWDnQBs9NTt3y2fPRg,ase,test
r8nkMy_MnVc,UCLB6I_tLs5ardhO_HRyKN0A,swl,train
r8phb11nrS0,UCaayieDFpDIZ1b_mspO_Rzg,ase,train
r980-mdUk9M,UCqd6eos5-i46NbDH1uLWdFQ,ils,train
r98kjkU5wN0,UChTbPO97Nt0OTDvqSBjhrVQ,isr,train
r9KbDWkY26c,UCyOiQ0B6GkvjaoUCqJZXUEQ,ase,train
r9iPVYkYQbg,UCZIS4Y3ZMbw8vvXeZ8PqvZw,ase,train
r9js0jZbcHw,UC5H_CO6QGwd9hilVnfujz_w,bfi,train
r9kEixb6n_w,UC6afchVrf0mTQOt5Gf-qRhw,bzs,train
rAVxqUOFa4k,UCQJVI4-q2aT-9pSEmwtrMoA,ase,validation
rApOB1K87H0,UCfY_uBhH841gxpS0FhUqzvw,ase,train
rB758fI8E6c,UCWPkrOk-WKilNHCrpXa17JQ,ase,train
rBBiKidSENw,UCTi9woRHA4r8e3oEWF8hxTA,aed,train
rBJ2tF7fm1s,UCqtaBrGzW-WzWVdhrjCBQ4g,tsm,train
rBNUou5ZsBM,UCSMZ4td6mZMJVxJ2ow7zY4A,ase,train
rBazMaA8hek,UClFFxeQwW7si1DthiEAurwQ,ase,train
rBfhU7kyGTE,UCWif2ls3MB_CDmg4z17y6tA,ils,train
rBiuPaXjhuQ,UC55C6FrDNkoh1-S8tGHdCDw,ise,train
rCQYO4GJrGc,UCS7wVohIwd66b95xyuw7DFQ,ase,train
rCfdobYDmvo,UCjCBX_ZL4T0nCyq3AgFVsDg,asf,train
rCxFwMVPMp4,UCDWuLgx0vTYBGr1G-diNgSw,jsl,train
rCxgHVKgntg,,ase,unassigned
rDC7Xze6OIc,UCqtaBrGzW-WzWVdhrjCBQ4g,tsm,train
rDx3uGbg7hE,UC70SSNojGf-vMAdvjS1wfkg,ase,test
rESi9ZmCDYU,UCBRYgj8lhwnr9FrETyJbYEA,ise,train
rETN3V1e8V8,UC75cYKm6WbSk-se1deWaD0g,hsh,train
rEVtyw8S_lo,UCFGsXl--AKjRnjFjbB22xAw,ase,test
rF2bA2Wj6NA,UC75cYKm6WbSk-se1deWaD0g,hsh,train
rF6bQZxBNao,UCO9zhhszyR4Av4WxwdBJs-Q,ase,train
rFrJALY7uYs,UCorj4-intk2Q9QVMBrlfQKw,ase,train
rFu7Dr5VXpk,UC8dHtefYYC4TmhRS_0qtKTA,bzs,train
rFx3fCqDvq4,UCCOaLeJLHuYax7_k5wbC6cw,ase,train
rGW13De8tLA,UC1f5xYbrZxLkklmGkow7AgA,asq,train
rHYCFd_1V68,UC2fTQSA7GccUUtG6RrJq9Hg,pks,train
rHpMxSGqEM4,UCLUSM7sbFDJD4EeLCegPB1Q,pso,train
rHwtneq1AOA,UCQJoNdDonGsOM0NKVRZv1fQ,gsg,train
rJeB0hIKDX0,UCOM_JRuoDUSKu68gp3-3IEQ,ase,train
rKNHJTa-oGo,UC5H_CO6QGwd9hilVnfujz_w,bfi,train
rKRXMTsYwJ0,UCNMh0csop45XxYU0itusr1Q,jsl,train
rKtLlFE9590,UC7JuChYmxhljc49dE3JG6Zw,ise,validation
rLWH4r3it24,UCEp0rsZTbruVpumG5NLaNFA,ase,train
rLiK2XG4JzE,UCEkZb0c0A8uM7ootuvLAXdQ,asf,train
rM02JrROmDA,UCqLGAeTQmlRVfLK6jAWvDxA,ins,train
rME362fqf2c,UCyxmIWJ8ddzJ2Ct89DlTAIA,asf,train
rMLD9PCnCYw,UCWVUF_aLbNrR_ObLwWZcU2Q,fsl,train
rN9mTsIHXuE,UC75cYKm6WbSk-se1deWaD0g,hsh,train
rNWyOtcr2Fc,UC7fVfWv6FL7HeTFeSLz-muQ,ase,train
rNwntCkXkqE,UC_nKBKxSie_mqXoZzccICvw,ase,train
rOiqSCITEyc,UCRwIJNhbnttAA2eJtUBmiAg,ase,train
rP4aV9BD40c,UCcmJuUulPHzBUuQbQUN7GzQ,bfi,train
rPAUDWueNPc,UCQJVI4-q2aT-9pSEmwtrMoA,ase,validation
rPQHAeW3rFo,UCuyQHJ4y76-i0w9N33vT-kg,ase,validation
rPQTvR5-cEk,UCSDAdaQl2dnMiXLKKIBcn3Q,ase,train
rPQfKkmC-M8,UCT_ibOnQ79FD6UX9nUwl1Fw,ise,train
rQ1Uq5dYm2o,UCuyQHJ4y76-i0w9N33vT-kg,ase,validation
rQDAjZgsGZs,UC75cYKm6WbSk-se1deWaD0g,hsh,train
rQRf_OK0EIM,UCRZH0zReLLyZeSmwcrXWGLg,ase,train
rR9AmW4aQMw,UC1f5xYbrZxLkklmGkow7AgA,asq,train
rRLUnTzsdK0,UCQ_jW1xLUF7Sg711yXVvQPQ,ise,train
rRjdzVMZAN8,UCYyRpJBseu43EojDdSUcSyA,ase,train
rSiciLyYOyI,UCaayieDFpDIZ1b_mspO_Rzg,ase,train
rT7OkTI5Owc,UC_e59ocVWojyhIRfQ_HnQYQ,mfs,train
rTHimbYUAr8,UCT_ibOnQ79FD6UX9nUwl1Fw,ise,train
rTj780_xH8A,UC-gc7H_gu_IYUAxO2cu6STA,ise,train
rV0dOrLh0bM,UCYWJdRpk2jOOZaqvXGVjkxw,ase,train
rVVFO3Jfsyo,UCqLGAeTQmlRVfLK6jAWvDxA,ins,train
rWgzAkiA08E,UCctnLMs5hWKC_qXO3xZE6XA,ase,train
rXAiLe9Nd0c,UC5H_CO6QGwd9hilVnfujz_w,bfi,train
rYTZYBQS-pc,UCqd6eos5-i46NbDH1uLWdFQ,bfi,train
rYg8cdR5dt0,UCyl2koki10uOzPU3chYrHuQ,ase,train
rZBj4aKHQn4,UCFcpIA0onxgAkdsh3K0gpeQ,ssp,train
rZO-1C-5Bpo,UCgRotAsrBoYPBdJdq0Hj2MQ,asq,validation
rZOQD2Vbf7c,UC5K4Cxl2_pcu2syGPtbTkfA,ase,train
rZfx50FJDRI,UCEp0rsZTbruVpumG5NLaNFA,ase,train
r_D0FBMXv8Y,UC75cYKm6WbSk-se1deWaD0g,hsh,train
r_iuRVRgUfI,UCszvwqbz04iulT9divgrNHw,ise,train
r_rIbgtQdaQ,UCcmJuUulPHzBUuQbQUN7GzQ,bfi,train
rahgFxexl_c,UC75cYKm6WbSk-se1deWaD0g,hsh,train
rasehicjp4s,UCctnLMs5hWKC_qXO3xZE6XA,ase,train
rawg348UKFQ,UCcmJuUulPHzBUuQbQUN7GzQ,bfi,train
rbJjePfK8xU,UCFfgJbY2jt4Notzk5M3baOA,asf,test
rbN451Dn7_M,UCe2lcoNfWAp4bc0JySWnkmw,ssp,train
rbtS8h7f5bc,UC6OCXcxQ4yKoPfsUPWg99bg,ase,train
rbwsYIequfc,UCKiO1GPY5kQhHDcOUaBE8PA,ase,train
rcQSvseNwEs,UC6G_Qzg5Sr7x4Wb6iJiAB-Q,kvk,train
rcdhga7-5YU,UCQNVEGn_N_hyH4vro11j2VQ,ase,train
rd0XyLVukQk,UCuanpEILmzKOj6UHQGSk4Qg,bfi,train
rd1jA4v54js,UCAbFXOPq0sx03ev-kO3FE2A,ase,train
rdMY279U-Q8,UC_9x0YFY3tQhHD1oxDriZ9g,sgg,train
rdWpEGbhuUI,UCTwn0S3x3B8LKuPFN3ooAyw,ise,validation
rdn4GkJUTbw,UCAPKIo9ykV8iShMmG7c-BQA,swl,train
rdpxHJ4-Gnc,UCZy9xs6Tn9vWqN_5l0EEIZA,ase,train
rdu08H2e4vA,UCFcpIA0onxgAkdsh3K0gpeQ,ssp,train
re9Y7QYA7ZQ,UCGisGwX9Mh6T6WrJsx-VjDg,pso,validation
re_Avrs6cZY,UCqLGAeTQmlRVfLK6jAWvDxA,ins,train
ree1-lYQvWY,UCXuTK8atuQJiJ-qLHbjgaag,bzs,train
res-mwimQTs,UCZrcp5LyFbqp_jIhCKakTKg,ase,train
rfIKeaQyKxc,UCs98soN6aBb6gnfbrLl-W0w,???,train
rfjXJX_wDhs,UC1f5xYbrZxLkklmGkow7AgA,svk,train
rg0aNrsRMVc,UCuyQHJ4y76-i0w9N33vT-kg,ase,validation
rhdXfcGTG9Q,UCHckc4mrMU9b7L4hxQeN5HQ,ssp,test
rhn3XSsbp-c,UCFfgJbY2jt4Notzk5M3baOA,asf,test
ri-hrUe6KAs,UCI4A_xft-8uziHWd1-Q0NWA,ase,train
rj36bm1n_gU,UCMbT7f3uBbPv5dCPu7ND-yA,swl,train
rj4rqcsxo88,UCvrsnjoJpCj7A0-Nu5JTA4A,fsl,train
rk0HLJs6IR4,UCUW9iqeKBSdegW5onoBnx_w,hsh,train
rkCIMm6s2bY,UCBdpdF0Q7UVBrJRrGgN1PeA,ase,train
rkFVzkI2D80,UCzXNfOVXNYqjFPgMly-1AvQ,isg,train
rkX-d6wE7y8,UCvd8SHzSp07_U55qFI0-dDA,ase,train
rkYC3yX7fT0,UClv1kekXgC4s8Is-f1OBqQg,ase,train
rkeJP42Vl5s,UC55C6FrDNkoh1-S8tGHdCDw,ise,train
rkxqof6NxaM,UCSMZ4td6mZMJVxJ2ow7zY4A,ase,train
rlrsj_zv76o,UCLrN3LrNjn6WP8kLbIyHDjQ,ssp,validation
rm7CM65WaDk,UC1f5xYbrZxLkklmGkow7AgA,svk,train
rmT7oVFjAPk,UC5Xzq4Gg6mSNymC4xIaZg1g,ase,train
rmW-CUE164Y,UC-gc7H_gu_IYUAxO2cu6STA,ise,train
rnPk3pLVQ6w,UC3dDOZWlV-xRz34PFC-Q5BQ,ase,train
rnX4VdFB9_8,UCs98soN6aBb6gnfbrLl-W0w,???,train
rnzykJX23Z8,UC99w_Bzj8ikOz8Gpv0prbNg,ins,train
ro0RUk_ttAE,UCV3oFuGgTcF_ENHFVrQJ-Sg,ase,test
roTy3NB_y8U,UCtTqgqDtOhPyMni2G4xM3HQ,ase,train
rp4-m8Ih6QQ,UC9MGNRfXnAFlg_KQWBWQCyg,ase,validation
rp4EmfyMmdM,UC5RrTOs35gE_w5625uGLSdA,kvk,train
rpWBPqQA-YA,UCe2lcoNfWAp4bc0JySWnkmw,ssp,train
rpeBHzGT19A,UCqLGAeTQmlRVfLK6jAWvDxA,ins,train
rq8ReDhfrX8,UC8wWHDQbmXG52xQ4r1QUaZQ,ase,train
rqC0OOFHfgY,UCaayieDFpDIZ1b_mspO_Rzg,ase,train
rq_FpIdnmtY,UC7JuChYmxhljc49dE3JG6Zw,ise,validation
rqtxVSwNGx8,UC7PByT-DKjERtGRmxfyWvnw,ssp,train
rr0coPNoWa0,UCcD4ou_0CcbWTRPtNhX43_g,psp,train
rrGTYfL-mPg,UCQ_jW1xLUF7Sg711yXVvQPQ,ise,train
rrr28p-EmpY,UC75cYKm6WbSk-se1deWaD0g,hsh,train
rrvRKPyfX7o,UC75cYKm6WbSk-se1deWaD0g,hsh,train
rsE1i_Qux9A,UCDivIPRtPf_EHSiRfkwkfZA,bfi,train
rty4STOCPRQ,UCzlgSLz46z_OzLzH3DrLbFw,ase,train
ru3KbmIczXA,UCY_1hb97iVCsgjc6MrE0ICA,bfi,train
ru4ZFP2phZM,UC75cYKm6WbSk-se1deWaD0g,hsh,train
rusR76XHvYk,UCqLGAeTQmlRVfLK6jAWvDxA,ins,train
ruvpIPWZ3bM,UCDkPMEhnLlYbbGNajZ8vEsQ,ase,train
rvJuQ0eYcds,UC-8ID1fxMapLBg5hpfnOs8Q,ase,test
rvvecbtoDf0,UC75cYKm6WbSk-se1deWaD0g,hsh,train
rvyuY2VkZs4,UC75cYKm6WbSk-se1deWaD0g,hsh,train
rxCuLUkFQ-w,UCufxp6ZwK8zEstJ4BISgG4A,ase,validation
rxPx1OH4OZ4,UCszvwqbz04iulT9divgrNHw,ise,train
rxRNc4rhiwg,UCQJVI4-q2aT-9pSEmwtrMoA,ase,validation
rxgzdsivPs4,,ase,unassigned
rxwsO_SLOPA,UCuseIvrm7VZrcUJipa5yw9g,ase,train
ryOvOfIMheE,UCDL2Ug9aPMTAK0FDfWopZMw,ase,test
rykPol3teIo,UCsuBAbMlPGJ95w3mwhz-30g,ase,train
ryndFhgetjg,UC5brFv_uCw2v-hen_x85NUA,ase,train
rzipMgnG1ic,UCCkAfmCTGkgJi3QlB_6vkqw,jsl,train
rzqDyJosxU4,UCWif2ls3MB_CDmg4z17y6tA,ils,train
s-3ivdFRkf0,UCFBw35ntAepsFio47fnWUAA,ase,train
s-Zgs5DILKk,UCmSywwMihdehAzPJK9KRfPQ,ase,train
s0pufIg5D4A,UCCzB1XeKFWp47SvQL07SLDQ,ase,train
s1q8CDhz4o4,UChTbPO97Nt0OTDvqSBjhrVQ,isr,train
s31YKIACSZ0,UC75cYKm6WbSk-se1deWaD0g,hsh,train
s3V5qXwTaGo,UCKc4tr7djlPn1jc9IUlLw3w,asf,train
s3wBbd5JTks,UC55C6FrDNkoh1-S8tGHdCDw,ise,train
s4456BA2fXY,UCVvaxiyf6XARTEy_I5SSW9Q,dse,train
s47WGZGs7lw,UCs98soN6aBb6gnfbrLl-W0w,???,train
s49MXQ5-L1o,UCAPKIo9ykV8iShMmG7c-BQA,swl,train
s49lzxQnjqI,UC1f5xYbrZxLkklmGkow7AgA,asq,train
s5SJhiXvyyk,UCoR6BxrxD9XSRx3UGK1XG1A,aed,train
s5v83qQrjik,UCChKgcgVNfCT2wO1AJwNkGA,jsl,train
s5zVKlunTTw,UC4SqFeQL9FsN2A-2cBbUS5g,bzs,train
s65HlBHMw7Q,UC1MaCy_rNO8gaMHvfQhHUIA,tss,train
s6CmTSJhx7w,UC75cYKm6WbSk-se1deWaD0g,hsh,train
s6JiJyCDa88,UCAPKIo9ykV8iShMmG7c-BQA,swl,train
s6Jwx7uv1Fw,UCfefz9JUxVUa-EWE9LUwU5w,ase,train
s6_6cMawzdE,UCUW9iqeKBSdegW5onoBnx_w,hsh,train
s6aiIPoU3rA,UCNMh0csop45XxYU0itusr1Q,jsl,train
s6b1-tkV77s,UCVrYey5SZMid_VZk9D8tYmA,ase,train
s78yFnkXWdg,UCIeEC8gGm-UeNHP309VO9_w,ase,train
s7DMXqJEgWc,UC55C6FrDNkoh1-S8tGHdCDw,ise,train
s7dBqbElxxQ,UC75cYKm6WbSk-se1deWaD0g,hsh,train
s7wfWuLlNBg,UCRwPaAUrbOL4X7WgxZzIOpw,ase,test
s8SxupM30bs,UCOM_JRuoDUSKu68gp3-3IEQ,ase,train
s8V30LrHI1Q,UCTi9woRHA4r8e3oEWF8hxTA,aed,train
s9IquBrtwZU,UC7fVfWv6FL7HeTFeSLz-muQ,ase,train
sA4dfSu_8L8,UC48LbiHIjJ9t7p_BGNliG4g,ase,train
sBMu6Sdc3Lw,UC1xDuL6sCffDYkB-ulIcwlw,ase,train
sC2SHadPO7k,UCJlnF0i8rnxKoaTGmrK9XQA,ase,validation
sCCxueXG_l0,UC_9x0YFY3tQhHD1oxDriZ9g,sgg,train
sCtsB9rEuqA,UCc-cGBZ7ML4ycJmUs3Lu4tw,ase,train
sEDV2gg5f7w,UCJzu69TgtBwVc03QEP9gL6A,rsl,train
sEOt1X3jYjs,UCFyhiizY8-4GUcAeYQlylMg,jsl,train
sEYTiZE7n5I,UCHMBXgtO2Ez6Ie4HkbQk2Fg,ase,train
sEg6yHq-mUE,UC75cYKm6WbSk-se1deWaD0g,hsh,train
sEwLMz0WACk,UCWif2ls3MB_CDmg4z17y6tA,ils,train
sFL_J6mR5MA,UC3hOdPWDnQBs9NTt3y2fPRg,ase,test
sFcUjqpV8I8,UC99w_Bzj8ikOz8Gpv0prbNg,ins,train
sGZi_GpK1Ro,UCuyQHJ4y76-i0w9N33vT-kg,ase,validation
sHA1fbpA8bQ,UCLULAdF1-hor45QMG5DsjXQ,ase,train
sHB48CAMqig,UCeM9ju-z8IoVGomUJHd7DLQ,pso,train
sHEzF1msmMg,UCWPkrOk-WKilNHCrpXa17JQ,ase,train
sHNXTPLw-wA,UCPZtBD1pDdnrQ3hNjRv8JDw,ase,train
sHP2uzhmOKc,UCrrUZVfztrpQU1YMMFoIR1A,bfi,test
sHwhP8vvdiU,UChTbPO97Nt0OTDvqSBjhrVQ,isr,train
sIUI5Ryoeo4,UCXAivKbEyzTb5tqwEu2ZDcw,ase,train
sIYbhVnx3EY,,isr,unassigned
sIYiBy4LVTs,UCWif2ls3MB_CDmg4z17y6tA,ils,train
sIZbH0pw7uk,UC3D3um9BcGkQzquorcKWQLQ,ssp,test
sIc_JvH3ujo,UCrcVCAaz4KKYkKIrl2TX5sg,ase,train
sIo8170zyMw,UCs98soN6aBb6gnfbrLl-W0w,???,train
sIq_uZPvyxA,UCgPgI0FiLs8v18146Suwo-w,csn,train
sJaasAn36Qo,UCBdpdF0Q7UVBrJRrGgN1PeA,ase,train
sJnoRyIJIxw,UC-gc7H_gu_IYUAxO2cu6STA,ise,train
sJrSeF7k4hw,UC5H_CO6QGwd9hilVnfujz_w,bfi,train
sM0tif6QY3s,UCIXZj9EXPN33h6I3hCZJxvA,ase,test
sM4bMVMuc3Q,UC7fVfWv6FL7HeTFeSLz-muQ,ase,train
sMFvh8e_w1U,UCaltuZJqVc1YP_4rv0LFK9Q,ase,train
sN5Smi5udzs,UCBC3FOVhuicDRDufeXKv15A,ase,train
sNIord5i1WA,UCSezNlsbS8mXua3Mun5UntQ,ase,train
sNRPtctlcfc,UC7PByT-DKjERtGRmxfyWvnw,ssp,train
sNb2WfLItVY,UCLwjQ2R8M8YuItmwWIZpmEQ,jos,train
sNv9r8Xl86Y,UCAPKIo9ykV8iShMmG7c-BQA,swl,train
sO07yq2hFT0,UCWif2ls3MB_CDmg4z17y6tA,ils,train
sOglZyNlRAw,UCWif2ls3MB_CDmg4z17y6tA,ils,train
sPE9xxy69t4,UCXuTK8atuQJiJ-qLHbjgaag,bzs,train
sPk_GPF4gF8,UCIF8joER1Amy-1xUKR-7QcQ,asq,train
sPy1RR00FdU,UC3OiN9jnCART5qjoOTr7bgA,ase,train
sPzbyXbtZL0,UCYWJdRpk2jOOZaqvXGVjkxw,ase,train
sQyqgobkbNg,UC75cYKm6WbSk-se1deWaD0g,hsh,train
sR2bdb4wCHc,UChTbPO97Nt0OTDvqSBjhrVQ,isr,train
sRAoLDcVIWA,UCmzsUwg7xCtCvULFaYGtKLg,ase,train
sSuGWu2BOQk,UCoR6BxrxD9XSRx3UGK1XG1A,aed,train
sTKssQR8QBI,UCAPKIo9ykV8iShMmG7c-BQA,swl,train
sTa8yg_hhGk,UC75cYKm6WbSk-se1deWaD0g,hsh,train
sTv0uKNrfLU,UCFfgJbY2jt4Notzk5M3baOA,asf,test
sTw5KWJFzmI,UCFcpIA0onxgAkdsh3K0gpeQ,ssp,train
sU-M2fw2HSQ,UCCBWup10InaMbVxOwQUQPnA,ase,train
sV6Sb_DTJTs,UC_9x0YFY3tQhHD1oxDriZ9g,sgg,train
sVIkWthakTQ,UCmWtPcLabewZN5m7Wu2FwDg,ase,train
sWDukGpogSQ,UCs98soN6aBb6gnfbrLl-W0w,???,train
sWFyeDoCIsc,UCtFXZP7uAVr7BBZxvWRLTnw,ase,train
sYZXDVCjEe8,UCfY_uBhH841gxpS0FhUqzvw,ase,train
sYr3qGgXeZA,UC7QNujTpyZqhFrP51eTA8uQ,hsh,train
sZ4wn4SMC5s,UCvu5Mf3Yzi5DZBvCyjPqNVA,ase,train
sZFCeXJWwRs,UCWbnHpCljj8MuTeNnCiNVew,ase,train
sZWoiKWetKI,UCT_ibOnQ79FD6UX9nUwl1Fw,ise,train
s_Cb0VkY_Xc,UC7rtwOJBv4c4PyIhSFvg3Hg,bzs,train
s_Ete1yH4XY,UCJqEwbw7MfINS4T-oQ47JuA,ise,train
s_Fb07qgFxs,UCj4oYRilHPMx97CErna9pXw,ise,train
s_MA1HDtWEc,UCO5kEsnz9vd3Fm2OMRTZmrA,isr,train
s_q1vcdW-lU,UC75cYKm6WbSk-se1deWaD0g,hsh,train
sa0vbe-d2RU,UCMZD9P87-3WVUl2-nPOQagg,bzs,test
sakgfUtXnUA,UC75cYKm6WbSk-se1deWaD0g,hsh,train
sc2g_iiyA8k,UCe2lcoNfWAp4bc0JySWnkmw,ssp,train
seTDy1qpkmc,UCuyQHJ4y76-i0w9N33vT-kg,ase,validation
seTf4wNSDtg,UCMbT7f3uBbPv5dCPu7ND-yA,swl,train
sergTrjr-VI,UCaTMaFNkTiwgsSQ7FYaiaTQ,ins,train
sf97tIvbTyE,UCuyQHJ4y76-i0w9N33vT-kg,ase,validation
sfSoO1IN5O4,UCrrUZVfztrpQU1YMMFoIR1A,bfi,test
sg9tedyCYQI,UC28RC-sGjdGyTC4MtVQEMWQ,bzs,train
sgO8ne59l4s,UCVrxlDymBXjcCAn25axZc8Q,swl,train
sgYEH20QmRo,UC93t6PJiqPnAOAxZs2xXf9Q,fcs,train
sgmmS5F_XqI,UC75cYKm6WbSk-se1deWaD0g,hsh,train
sgmtB0PRz08,UCWif2ls3MB_CDmg4z17y6tA,ils,train
sgtJzUMqb4M,UCT_ibOnQ79FD6UX9nUwl1Fw,ise,train
sgxyW6M2fs0,UCNJUsCkrc-cu-lflTOa5UcA,ase,train
shYwwl7Eht4,UCaTMaFNkTiwgsSQ7FYaiaTQ,ins,train
si7jlAfZJko,UC75cYKm6WbSk-se1deWaD0g,hsh,train
siF1FyMeg8o,UC-Yown0jHQ5EOs0TwZrs-8A,fsl,train
sijIlol0Q_Q,UCFfgJbY2jt4Notzk5M3baOA,asf,test
sivZNW5bCu0,UCUW9iqeKBSdegW5onoBnx_w,hsh,train
sj5NLH4gnSc,UCGkggeR449U_G_ULi-Y0G0A,hsh,train
sj7qCV5OECA,UCVnYnjKyNuv7eVYQmTe8aIw,ase,test
sj9E9AxA-Mk,UCxOZnpvnXdcvSITvrVwQ0uQ,ase,train
skApkpQa0bU,UCfaz727ukS3eFYNLysA9rRw,bfi,train
slQjBbl9nE8,UCWif2ls3MB_CDmg4z17y6tA,ils,train
slXjkfjxciU,UClv1kekXgC4s8Is-f1OBqQg,ase,train
sleB8CJMzQ8,UCvd8SHzSp07_U55qFI0-dDA,ase,train
sm9w6IDm9oI,UC75cYKm6WbSk-se1deWaD0g,hsh,train
smMzBGTOYcI,UCDWuLgx0vTYBGr1G-diNgSw,jsl,train
smlh678zEu4,UCuyQHJ4y76-i0w9N33vT-kg,ase,validation
sn79_mj-tTc,UC7fVfWv6FL7HeTFeSLz-muQ,ase,train
snfaDkPxfts,UCQhOtzmEDcf4XZk-vYf9hYQ,ase,train
snfcodEHrA0,UCVEWZ7jEnAaYo3dFR0X8MZA,ase,validation
snk_dWGLftA,UC1f5xYbrZxLkklmGkow7AgA,svk,train
soEVZjGQ3mQ,UCAPKIo9ykV8iShMmG7c-BQA,swl,train
soLsrjfFRJ0,UC7fVfWv6FL7HeTFeSLz-muQ,ase,train
soOr3Ub37yQ,UC-mxCnXPYvlmiR_l0b7VMow,ase,train
sotdboIxkvg,UCVrxlDymBXjcCAn25axZc8Q,swl,train
sox9BJqrd2I,UCT_ibOnQ79FD6UX9nUwl1Fw,ise,train
sp-6vEwNmtY,UCWif2ls3MB_CDmg4z17y6tA,ils,train
spK2tNXi668,UCizGctLgAahGlOvtSAKdq3g,jsl,train
spLbTQezPw8,UC5H_CO6QGwd9hilVnfujz_w,bfi,train
spWFIgJkHKg,UCgPgI0FiLs8v18146Suwo-w,csn,train
sq22FRYVTw4,UCHckc4mrMU9b7L4hxQeN5HQ,ssp,test
sqHqsRhXcFs,UC5Xzq4Gg6mSNymC4xIaZg1g,ase,train
sr0XBFNM2Go,UCWPkrOk-WKilNHCrpXa17JQ,ase,train
srOoORiq5wE,UC5Xzq4Gg6mSNymC4xIaZg1g,ase,train
srekz4nm7g4,UC-8TBU8-W613NU2ysMh8DWQ,ase,train
ssPBlaSi1k0,UCLzz9KVBGzJKUQ-CyIRmXoA,ise,train
ssQKbLjB1i4,UCv2vB1PMjcB_eB0bEFQlqKw,gsg,train
ssRF4ncm2eg,UC75cYKm6WbSk-se1deWaD0g,hsh,train
ssakCTGcE2Q,UC52_oqwxYEPBaVDcJZEWWfw,ase,test
stSZwsfTVpM,UCWif2ls3MB_CDmg4z17y6tA,ils,train
suoAQbBNI8Y,UCWAVxwEn9KPfQ0exkK1bzkw,ase,train
sv-m_DKDOTg,UCSMZ4td6mZMJVxJ2ow7zY4A,ase,train
sv85nKCW7Dk,UCNuTk4O2fo38g2nmsGRSkzg,ase,test
svGzL5w6C4I,UCTwn0S3x3B8LKuPFN3ooAyw,ise,validation
swKsxuwAWk0,UCO9zhhszyR4Av4WxwdBJs-Q,ase,train
swQfAVlUJ6M,UCTi9woRHA4r8e3oEWF8hxTA,aed,train
swaDL-xpC2A,UC75cYKm6WbSk-se1deWaD0g,hsh,train
sx7nB8iS_2w,UCSMZ4td6mZMJVxJ2ow7zY4A,ase,train
sxzg-BNgVac,UCHOg0gLwfzkZZDWN2y1-8mQ,ase,train
syKswB_QfHY,UC-uDFo8mHlTSalBweQmqxZw,ase,train
syqZquwyHYo,UC75cYKm6WbSk-se1deWaD0g,hsh,train
sz3gGd42j9c,UC75cYKm6WbSk-se1deWaD0g,hsh,train
sz3vfhjZgkk,UC7PByT-DKjERtGRmxfyWvnw,ssp,train
t-O7bv8Lh7I,UCcMHCVP3M7sgAJfAHjjMG4Q,ase,train
t-VkWrCIvNY,UClv1kekXgC4s8Is-f1OBqQg,ase,train
t-dfxxroRNE,UCgvywbxAcsgJr_gfpqKLXXw,pso,train
t02Vw8aHBkM,UCdQoqMJK0eJ2N3e-gII0f4w,ase,train
t0gsz6RjBQA,UC5JceFjXJRyp7dzuT96dWiQ,asf,train
t0n19lwoQKg,UC7fVfWv6FL7HeTFeSLz-muQ,ase,train
t2SVIY-i5WU,UCuLgHM31H7PmEAY92jBSU_Q,jsl,test
t32QEPJN5dA,UC5H_CO6QGwd9hilVnfujz_w,bfi,train
t3OUQ8_oyFo,UC5H_CO6QGwd9hilVnfujz_w,bfi,train
t48oGwZe7cE,UCDivIPRtPf_EHSiRfkwkfZA,bfi,train
t4Mex9WZzS8,UCqtaBrGzW-WzWVdhrjCBQ4g,tsm,train
t4a8DaZ72no,UCcmJuUulPHzBUuQbQUN7GzQ,bfi,train
t4l5Z9aCH90,UCuvJu4dg_mqp7yuiTHrVzOA,ase,train
t4mqHX1UfVo,UChTbPO97Nt0OTDvqSBjhrVQ,isr,train
t52KyjKiDuc,UCqtaBrGzW-WzWVdhrjCBQ4g,tsm,train
t5Bh12N_c10,UCoR6BxrxD9XSRx3UGK1XG1A,aed,train
t5UA-jiEqno,UCfdT0WlvDerbcQ5E0CjJAZA,gsg,train
t5mpK2q7wmo,UClxAZnsU6AK4pX3dcFdSDPQ,ise,test
t6HBg8x_Vyc,UCHckc4mrMU9b7L4hxQeN5HQ,ssp,test
t6h448iBpcs,UC75cYKm6WbSk-se1deWaD0g,hsh,train
t6r6XxqvbPo,UCTi9woRHA4r8e3oEWF8hxTA,aed,train
t75eiRCBGlQ,UC4YIkyipvSWH51CYnKgvHbg,jsl,train
t78-AlNcvf0,UCA17q6v88p8FOlSDiWFkYyQ,bfi,train
t7NIsLPwBJM,UChvy_BggeXJvHhY5gPUHncw,ase,train
t7aGQ6KvCQg,UCe2lcoNfWAp4bc0JySWnkmw,ssp,train
t7ehXovhUUk,UC7G2SGJ1jrEHc8Fc2OQqK4w,asf,train
t7jit2TTS_g,UCuseIvrm7VZrcUJipa5yw9g,ase,train
t83b53Hfl4w,UCQEMpVH1qhlRVJsf5tLlSpg,ase,train
t8dsHgxD_48,UChTbPO97Nt0OTDvqSBjhrVQ,isr,train
t8osN776cUE,UCizGctLgAahGlOvtSAKdq3g,jsl,train
t9CYQs7-GmI,UC55C6FrDNkoh1-S8tGHdCDw,ise,train
t9V9iQ4nt7M,UC7PByT-DKjERtGRmxfyWvnw,ssp,train
t9mpsf-B-08,UC99w_Bzj8ikOz8Gpv0prbNg,ins,train
tAZuEdrQpLE,UCuyQHJ4y76-i0w9N33vT-kg,ase,validation
tBuU746tvOI,UCfrYaR1kmCHf8ddHb8O8niw,lls,train
tCeuf2sZO28,UC7fVfWv6FL7HeTFeSLz-muQ,ase,train
tCfXlGdxluc,UCAPKIo9ykV8iShMmG7c-BQA,swl,train
tCq5z8Kc9SI,UC7fVfWv6FL7HeTFeSLz-muQ,ase,train
tD04NItOgEk,UCQa0uTlWkuwzp8CAe_z1fkA,ase,train
tDa2zS6sODY,UC75cYKm6WbSk-se1deWaD0g,hsh,train
tE1XHApPXbo,UCuyQHJ4y76-i0w9N33vT-kg,ase,validation
tEBeJNUlcq8,UCTeheVRMRKipDiLYrKELf7g,ase,train
tEPRhatyUqE,UC6b1zI_hrSg-1nAndUEapeQ,ssp,train
tEZrSU9C1Lc,UCqd6eos5-i46NbDH1uLWdFQ,ils,train
tEp7zHelp2A,UCGkggeR449U_G_ULi-Y0G0A,hsh,train
tFfGFLOK1sE,UCQJVI4-q2aT-9pSEmwtrMoA,ase,validation
tG0gp869HJU,UCMbT7f3uBbPv5dCPu7ND-yA,swl,train
tG_vb1vgNb4,UCs98soN6aBb6gnfbrLl-W0w,???,train
tH4MgWEGpeQ,UCmUWhTXTwCVdJ5UaQKS66WA,ase,train
tHXaLP8aTsY,UCWPkrOk-WKilNHCrpXa17JQ,ase,train
tILkYObWUsM,UCEp0rsZTbruVpumG5NLaNFA,ase,train
tIXOBBmC4JI,UC0UwRthhSbvihspoOxi2rEw,ase,train
tJ3qnZO6WM8,UCOy85URylkcy5k9foHhQnag,ase,train
tJEY9428csg,UCAmirhSN3xLVTdMA6xh51MA,ase,train
tJqnoObyJYc,UCEPuAkI8Fx_dqb2RMoy00CA,asf,validation
tJxy-17qHdM,UC4VHfRJHnbcGVLcr9vQIihQ,bfi,train
tK-c4PnY_Y0,UCWif2ls3MB_CDmg4z17y6tA,ils,train
tKolFMhfMmQ,UCI4A_xft-8uziHWd1-Q0NWA,ase,train
tLI1aPih1bo,UCSMZ4td6mZMJVxJ2ow7zY4A,ase,train
tLIRZov17uw,UC3D3um9BcGkQzquorcKWQLQ,ssp,test
tM2OmZNt2fE,UCFfgJbY2jt4Notzk5M3baOA,asf,test
tMCIDF2BZr8,UCBRYgj8lhwnr9FrETyJbYEA,ise,train
tMPp2H4Y-BM,UCTwn0S3x3B8LKuPFN3ooAyw,ise,validation
tMsaEcK3Irs,UCRwPaAUrbOL4X7WgxZzIOpw,ase,test
tN0lIPT8MpQ,UCiLvX-CBPxTqYhIoFQEv-Ig,ase,train
tO3QTXWiGQA,UCZ3vY1_AhI-UpoQwu-HqXgw,ase,train
tOHvCRnqpWc,UCtjEjgYtRZWFL9pWa4yxtXg,jsl,train
tPFNcx1z8OA,UCyIjlBUwgXeKO6MZ2Ospaxw,jsl,train
tPKz_3GMktE,UCUW9iqeKBSdegW5onoBnx_w,hsh,train
tQD45zi-yfU,UCrrUZVfztrpQU1YMMFoIR1A,bfi,test
tQWsAfiX2l8,UCTwn0S3x3B8LKuPFN3ooAyw,ise,validation
tR1vQvfG-bo,UCfTOwuogte5nkoxLxcP5HWQ,ase,test
tRQD5Kshpdo,UCUW9iqeKBSdegW5onoBnx_w,hsh,train
tRVT9Z070Eo,UCHL_J5XxlfnBTWaZQR9Rx5g,ase,train
tReD1xalMzI,UCmzoIHeCQkAa7dWEeGsTRbQ,ase,train
tRzP2TGk8_o,UC99w_Bzj8ikOz8Gpv0prbNg,ins,train
tS77RqsK7aQ,UCx8jxChJznkRPJCE79qldOg,pso,train
tSCEj6AeUjM,,ase,unassigned
tSi1-s7OgMM,UC1f5xYbrZxLkklmGkow7AgA,asq,train
tSlCiHHYXHs,UC-IxzLFd4ph-4vv1-5VtfdQ,ase,test
tSoYvVXGlMo,UCp1ei78EfKnQwthUXjfkjaw,bzs,train
tSws1B_2C18,UCuseIvrm7VZrcUJipa5yw9g,ase,train
tT7n9oFzsRQ,UCFuu8KsC_I8RUWsRopecLOQ,bzs,validation
tTYsf-Gonsk,UClv1kekXgC4s8Is-f1OBqQg,ase,train
tT_GMykHtko,UCpMu0UlGa7e2EmKjVFb-2Hg,ase,test
tTx80MQPRmQ,UC6OCXcxQ4yKoPfsUPWg99bg,ase,train
tUKsoAu0Mm4,UCqd6eos5-i46NbDH1uLWdFQ,bfi,train
tUgpjiU5KQs,UCn7yxqMJA4q2UPE4gmfDqHQ,gsg,train
tV5refwuxcg,UCCZ_femzSxK1e936MTU9TaQ,asq,validation
tVdfrBgZqqM,UC75cYKm6WbSk-se1deWaD0g,hsh,train
tW1-bOfdH0E,UCQukMGEToh7Dcjsl8ZADaOw,ise,train
tWQgS54HCPw,UC4SqFeQL9FsN2A-2cBbUS5g,bzs,train
tWY-KBXybpQ,UC3dDOZWlV-xRz34PFC-Q5BQ,ase,train
tW_R9iPj_JU,UC55C6FrDNkoh1-S8tGHdCDw,ise,train
tX116ftY9jo,UCQ_jW1xLUF7Sg711yXVvQPQ,ise,train
tY3sc1J7Ktk,UCEPuAkI8Fx_dqb2RMoy00CA,asf,validation
tZH_mjsGdpY,UC75cYKm6WbSk-se1deWaD0g,hsh,train
tZcTkkO4MGA,UC75cYKm6WbSk-se1deWaD0g,hsh,train
tZyj_vThcgM,UCGoMw1fmVX0m5_qMsYG4A3g,ase,train
tZzCdL5NaEo,UCxlYmL9hhZRR2QvwIsJkw_Q,ase,train
t_5gIBeFqFs,UC75cYKm6WbSk-se1deWaD0g,hsh,train
t_aq8S792xk,UC8QfLJVu3FbH78oSEfpsgtg,ase,validation
t_yacMy9xlM,UCKrdE7XVpWDa5M5Xv2330kA,ase,train
taDmvyIs2o4,UCs98soN6aBb6gnfbrLl-W0w,???,train
taH0zgAX68k,UC75cYKm6WbSk-se1deWaD0g,hsh,train
tbI5i8pQ5Ag,UC5Xzq4Gg6mSNymC4xIaZg1g,ase,train
tbcHPoeWUhA,UCgvywbxAcsgJr_gfpqKLXXw,pso,train
tcCqGKlf-DM,UCWif2ls3MB_CDmg4z17y6tA,ils,train
tclI5_BFVVQ,UCAPKIo9ykV8iShMmG7c-BQA,swl,train
tcq2RFrKkEo,,ase,unassigned
te2N3biveCE,UCs98soN6aBb6gnfbrLl-W0w,???,train
tfB4dwGQNaE,UCEPuAkI8Fx_dqb2RMoy00CA,asf,validation
tfZUGgoIzrI,UCaTMaFNkTiwgsSQ7FYaiaTQ,ins,train
tg-S5ozbxyo,UCR_-CWbo1ZhNsQLyzKJL7DA,bzs,train
tg2rTcnUbbc,UC99w_Bzj8ikOz8Gpv0prbNg,ins,train
tgGSMDsy-NU,UCM4-Hmob6JW4qew38dwlL6A,ase,train
tgacIhMvgSI,UCA17q6v88p8FOlSDiWFkYyQ,bfi,train
th1NtUWTwdI,UCkgsbepPxInyy8LfIyJr7pg,ase,train
thE9Uxzuvlw,UCGkggeR449U_G_ULi-Y0G0A,hsh,train
thUwXBxcSCc,UCUW9iqeKBSdegW5onoBnx_w,hsh,train
thVAUBI1Au0,UC4SqFeQL9FsN2A-2cBbUS5g,bzs,train
thqcHq4ckuc,UCYWJdRpk2jOOZaqvXGVjkxw,ase,train
thxox_Bsf38,UCAPKIo9ykV8iShMmG7c-BQA,swl,train
ti4CMwltERI,UCs98soN6aBb6gnfbrLl-W0w,???,train
ti6ogctIqbw,UC75cYKm6WbSk-se1deWaD0g,hsh,train
ti7l9BLTuxU,UCzy0xBebzv0zaqhvuLbUWgQ,ase,train
tiK_vcH5tqc,UCZy9xs6Tn9vWqN_5l0EEIZA,ase,train
tiR8b1wfOMo,UC5H_CO6QGwd9hilVnfujz_w,bfi,train
tiU0YlzEBLE,UCydkVDz-ShDQlZOZJhLRYDw,ase,test
tiZr1Ke69Es,UCWPkrOk-WKilNHCrpXa17JQ,ase,train
tie08BrRgA0,UCWif2ls3MB_CDmg4z17y6tA,ils,train
tiidRhsy1oc,UCEkZb0c0A8uM7ootuvLAXdQ,asf,train
tilIkPe7lag,UCAPKIo9ykV8iShMmG7c-BQA,swl,train
tj-mbeMOOmc,,ins,unassigned
tjRjqLlrXSU,UC7PByT-DKjERtGRmxfyWvnw,ssp,train
tjTfxNgZQO8,UC75cYKm6WbSk-se1deWaD0g,hsh,train
tjgWVsAA3mU,UC75cYKm6WbSk-se1deWaD0g,hsh,train
tjt8i2kpEhU,UCY_1hb97iVCsgjc6MrE0ICA,bfi,train
tk0SsK30DE0,UCLB6I_tLs5ardhO_HRyKN0A,swl,train
tkMg8g8vVUo,UC7fVfWv6FL7HeTFeSLz-muQ,ase,train
tk_2saTnIYs,UChTbPO97Nt0OTDvqSBjhrVQ,isr,train
tkierQGzK9s,UChTbPO97Nt0OTDvqSBjhrVQ,isr,train
tljFe42LzfQ,UCO9zhhszyR4Av4WxwdBJs-Q,ase,train
tmck7QyuGD4,UCLUwomaXjHGKse8GYaXzTxQ,isr,train
tmri2ZOjLqQ,UCTi9woRHA4r8e3oEWF8hxTA,aed,train
tmryW2pdqyA,UC75cYKm6WbSk-se1deWaD0g,hsh,train
toFMzk_Bmc4,UCUW9iqeKBSdegW5onoBnx_w,hsh,train
toLHwS4iows,UCc3G_HcCr_p2u2PfyJwm9FA,ase,validation
toSNEtsRtYM,UC7JuChYmxhljc49dE3JG6Zw,ise,validation
toXG65MvTR0,UCTIBRINUegVQ_RtoLWTL-zw,rsl,train
toXR1GyMpp8,UCUW9iqeKBSdegW5onoBnx_w,hsh,train
tpGLOC8ijZs,UCOde3lIn8F4rXj29pFsaa8A,ase,train
tpKE8EDpccU,UC99w_Bzj8ikOz8Gpv0prbNg,ins,train
tpUMmF3vFgM,UCT_ibOnQ79FD6UX9nUwl1Fw,ise,train
tpazvXGyir0,UCuyQHJ4y76-i0w9N33vT-kg,ase,validation
tqKmryHh4YE,UCLzz9KVBGzJKUQ-CyIRmXoA,ise,train
tqP_QbsUL7g,UChTbPO97Nt0OTDvqSBjhrVQ,isr,train
tqYZ-cMuhYw,UCbt8SycZej80mabDtc-wuEQ,asf,train
tqms152NII8,UCEhrSe-kPnpzjolcy0XKvxg,ase,train
trKwbulKadM,UCEPuAkI8Fx_dqb2RMoy00CA,asf,validation
trQsTbbxbD4,UC0jMQ78r_s6Jfo0WO1QcpGw,ase,train
tsI4_jrkorg,UCWDxkkg2vNvH0MsAxp3Zf_Q,ase,train
tsghJBJk5F8,UCKskZLpzvw17umXp8vQ4PNA,ase,train
tsuUlY_WLhM,UCSccGQ-M82zlF4nt8JdTmUQ,ase,train
tswefJ4OuQU,UCszvwqbz04iulT9divgrNHw,ise,train
tsz-hpDtUTA,UC99w_Bzj8ikOz8Gpv0prbNg,ins,train
tt2pYVljUtE,UC5H_CO6QGwd9hilVnfujz_w,bfi,train
ttBNxERWF2w,UCm-cLN9VreBJm7EMmX7VRVg,ase,train
ttIYs1mvYZg,UCWPkrOk-WKilNHCrpXa17JQ,ase,train
ttt3ggISI7I,UC4VHfRJHnbcGVLcr9vQIihQ,bfi,train
tujj1IGxTK8,UChTbPO97Nt0OTDvqSBjhrVQ,isr,train
tvARExSHFeo,UCueMY0S0vAPcmJNYXpxjlUA,ase,train
tvURFnTeIuM,UCuyQHJ4y76-i0w9N33vT-kg,ase,validation
tvWmTj8bC7M,UCwh6BdxT9-vYXcnMcCOWxIw,ase,validation
tvg7Rl7Hopo,UC5H_CO6QGwd9hilVnfujz_w,bfi,train
tvqOoM7pG8Q,UCBxFGQJfsVq4P1W0M-sjIkA,ase,train
tvuTvMrto7I,UCgvywbxAcsgJr_gfpqKLXXw,pso,train
tvxxUrseTLw,UCs98soN6aBb6gnfbrLl-W0w,???,train
twSYVkpfz50,UCs98soN6aBb6gnfbrLl-W0w,???,train
twWKQwHRAXY,UC75cYKm6WbSk-se1deWaD0g,hsh,train
twnqUbMIIbQ,UC75cYKm6WbSk-se1deWaD0g,hsh,train
txHNYKsDcGE,UCRRD3yalnoHR0ZvXqhiTI4Q,bzs,train
txfdje6X-jA,UCs98soN6aBb6gnfbrLl-W0w,???,train
txsMEq9nQZ4,UCWAVxwEn9KPfQ0exkK1bzkw,ase,train
tymKLr4n4fI,UCLULAdF1-hor45QMG5DsjXQ,ase,train
u-yLZvuJoaM,UCRwPaAUrbOL4X7WgxZzIOpw,ase,test
u1IaPhcBYVY,UC55C6FrDNkoh1-S8tGHdCDw,ise,train
u1SBTStcBnE,UCYWJdRpk2jOOZaqvXGVjkxw,ase,train
u1UTdcnN3DM,UCqd6eos5-i46NbDH1uLWdFQ,bfi,train
u1mcmlFFPGc,UChY4vrAMEXvYXcuXg50sc1Q,asf,train
u20DXCaA8nc,UCLRxMfUfO12qnZuP3tGjVVg,ase,train
u2KWvHMJods,UC6afchVrf0mTQOt5Gf-qRhw,bzs,train
u2SMBAhY6zY,UCWif2ls3MB_CDmg4z17y6tA,ils,train
u2nJDTa4m7Q,UCWPkrOk-WKilNHCrpXa17JQ,ase,train
u3poziEbFGY,UC75cYKm6WbSk-se1deWaD0g,hsh,train
u4B49BdC3VU,UCn7yxqMJA4q2UPE4gmfDqHQ,gsg,train
u4nOgJqmlzQ,UCUTrb6Z7ep8nDt5bvReyIrg,ase,train
u59hI9yxofM,UC55C6FrDNkoh1-S8tGHdCDw,ise,train
u5AdmFOJ9zQ,UCW5YSgfcgvgxUY5HjoMXA6Q,ase,train
u5kojHAL3YE,UCTwn0S3x3B8LKuPFN3ooAyw,ise,validation
u6I45_OoMJQ,UCuyQHJ4y76-i0w9N33vT-kg,ase,validation
u6_ZdyjU27k,UCWif2ls3MB_CDmg4z17y6tA,ils,train
u6i99L4nKbk,UCOmaLRDfWUbffkimbmY9cew,kvk,train
u6qc8_MTkro,UCHckc4mrMU9b7L4hxQeN5HQ,ssp,test
u6tBAo-PIdg,UC5H_CO6QGwd9hilVnfujz_w,bfi,train
u7AO_EkfqpY,UCYzg0wpcnfC5euQ3Zlr-SJw,ase,train
u7BNEj5VvwY,UCs98soN6aBb6gnfbrLl-W0w,???,train
u85JpPLXGM8,UCs98soN6aBb6gnfbrLl-W0w,???,train
u86j3jGa7ZU,UC-_uxJSqfBKmSWcz4jeiY4w,ase,train
u9D6x7cj7W4,UC75cYKm6WbSk-se1deWaD0g,hsh,train
u9JDx77UQIg,UCYwRMumknag4Vo9eOUzZoqQ,gsg,train
u9gcJRIB_GY,UCLYVETkpOfARk5nSRcCPoxA,ase,train
uA0h9k_ydpc,UC75cYKm6WbSk-se1deWaD0g,hsh,train
uAm0J08yNpE,UC7JuChYmxhljc49dE3JG6Zw,ise,validation
uB9vrn4d8QQ,UCuseIvrm7VZrcUJipa5yw9g,ase,train
uBLrBQiiZvU,UCWVUF_aLbNrR_ObLwWZcU2Q,fsl,train
uBOVVoGqO6w,UC-gc7H_gu_IYUAxO2cu6STA,ise,train
uBbV1L5AVzI,UCaHpmqlbEtpKQSwyUnE9PkA,jsl,train
uBhg0Av4QO8,UCGisGwX9Mh6T6WrJsx-VjDg,pso,validation
uC3Tx4xFF24,UC9ZiDTgulFottMDjjPEBhOQ,ase,train
uCnkrc7CPMw,UCDu0XXRzxz8pvm0PsLpPxFA,ise,train
uCoIKy713io,UCBNSVikhjsRFIZGWuOCUAug,ase,train
uCoYbeGP2A4,UCBRYgj8lhwnr9FrETyJbYEA,ise,train
uD00_8DNU4M,UC1f5xYbrZxLkklmGkow7AgA,asq,train
uDT6Wx4H4Io,UCDivIPRtPf_EHSiRfkwkfZA,bfi,train
uDhHpd1Oo24,UCA17q6v88p8FOlSDiWFkYyQ,bfi,train
uEb9gve9b7s,UC99w_Bzj8ikOz8Gpv0prbNg,ins,train
uFFBf8BE0vM,UCWif2ls3MB_CDmg4z17y6tA,ils,train
uG9UEmNWD2Q,UCjVpsnDflFe9dOWZWlnxUrA,ase,train
uGg0jK8ZcVY,UCGkm5t2ZX24n2Pp5dz_hCiQ,ase,train
uGhXKfzoA3g,UC3VRO1AVgaegOgeEnLMHoCg,ase,train
uGzQ8c5hfn4,UCFuu8KsC_I8RUWsRopecLOQ,bzs,validation
uHMRStFPi0s,UCWPkrOk-WKilNHCrpXa17JQ,ase,train
uHONscbt_oo,UCbdRgG-NhSwFlRV3MGVp_cQ,dse,train
uHv03GdhbnQ,UCRRJlf5fd93oThu0726SNdw,csc,train
uIY2sYXfpTM,UCScR0I-J7gGR2jRCjcrt9Og,isr,train
uIcJxUECZaA,UChTbPO97Nt0OTDvqSBjhrVQ,isr,train
uIoln8hPQvQ,UC75cYKm6WbSk-se1deWaD0g,hsh,train
uIxJNg4M4Rk,UCFcpIA0onxgAkdsh3K0gpeQ,ssp,train
uJG2f6O2D7g,UCLULAdF1-hor45QMG5DsjXQ,ase,train
uJJDEfnJH_w,UCaTMaFNkTiwgsSQ7FYaiaTQ,ins,train
uJl8rLulmF4,UC75cYKm6WbSk-se1deWaD0g,hsh,train
uKE1RIYOBAk,UC5H_CO6QGwd9hilVnfujz_w,bfi,train
uKRNkTHNRMk,UCFfgJbY2jt4Notzk5M3baOA,asf,test
uKVRdqYNQXo,UCQJVI4-q2aT-9pSEmwtrMoA,ase,validation
uL0F8dMjQao,UCSMZ4td6mZMJVxJ2ow7zY4A,ase,train
uLhCy4JDjSM,UCFuu8KsC_I8RUWsRopecLOQ,bzs,validation
uLlMbrg_2Vg,UChTbPO97Nt0OTDvqSBjhrVQ,isr,train
uME6RyVFR-A,UCEPuAkI8Fx_dqb2RMoy00CA,asf,validation
uMKPgLRGu_4,UCFfgJbY2jt4Notzk5M3baOA,asf,test
uMOs-exfhck,UCMA3KZ55MdHfSgtzQxlIuLg,kvk,train
uMfRpvfrLgo,UCGkggeR449U_G_ULi-Y0G0A,hsh,train
uN1ZJ8N5GA0,UCqLGAeTQmlRVfLK6jAWvDxA,ins,train
uN4YI7RrrXM,UCuLgHM31H7PmEAY92jBSU_Q,jsl,test
uNjTf-Y31-o,UC75cYKm6WbSk-se1deWaD0g,hsh,train
uOjfPFVG-fA,UC5Xzq4Gg6mSNymC4xIaZg1g,ase,train
uOvmAL_hdrM,UCjCBX_ZL4T0nCyq3AgFVsDg,asf,train
uOxgKhFMmJo,UCS7wVohIwd66b95xyuw7DFQ,ase,train
uP7C9WJDF7o,UCDaXsbs4hNm7X1QC_X9aTMA,ase,train
uPMwMg4PSEo,UCpKPV8LS9y2qUuuExuOJ1sg,pso,train
uPUZhKlEFqA,UC-gc7H_gu_IYUAxO2cu6STA,ise,train
uPylEj8vxOQ,UC4SqFeQL9FsN2A-2cBbUS5g,bzs,train
uQ1UCe4Xodk,UCky7bYWLr_5JfYNfdiFYxJg,ase,train
uQNLhdJumC4,UCqtaBrGzW-WzWVdhrjCBQ4g,tsm,train
uQPcVUeMu0w,UCtjEjgYtRZWFL9pWa4yxtXg,jsl,train
uQgIv9dcET0,UCvlog3G_774ibLZfyPI_yOg,bfi,test
uRT1yO3F_zc,UCcnJxQ55v85GeMxtM3crVQg,ase,train
uRTqnmqIlnQ,UCaayieDFpDIZ1b_mspO_Rzg,ase,train
uRTrwMKaAU8,UCKGWL_pjR6PJC2bWAYf04WQ,fsl,train
uS2-twcDTxI,UC2JDP_Y0YhBIAqter9lQnnQ,ase,train
uSZEIGHAQRY,UC7PByT-DKjERtGRmxfyWvnw,ssp,train
uSyugYRpQ9M,UCvvTbNabOb2VoS_fPcUqu0A,ase,train
uT5d2SzurGY,UCtFXZP7uAVr7BBZxvWRLTnw,ase,train
uTOwbfZ9YqI,UC5H_CO6QGwd9hilVnfujz_w,bfi,train
uUZBSkow6fI,UC7PByT-DKjERtGRmxfyWvnw,ssp,train
uUZGHC4_ElY,UCcKetdJqFvXWMkM0WSMKH2w,icl,train
uUd4akU97WE,UCWbnHpCljj8MuTeNnCiNVew,ase,train
uUiSLn4wTPE,UCWif2ls3MB_CDmg4z17y6tA,ils,train
uUpvEzufO2U,UCOqWC86f1tv-AsGjbkIBEUQ,ssr,train
uVuKZrOQAAA,UCsPQ5bv53ZaMw4h1cjaYVSg,ase,train
uWKmMN_2P6U,UCDWuLgx0vTYBGr1G-diNgSw,jsl,train
uWhlw6WpFJw,UCOynshZbvM20iHEjrr9UKxQ,ase,train
uX-4BVrcoU8,UCF5aKLMAubnAEfeCYnmpGNw,ase,train
uXdL5njDiBU,UC85LK96DQppcG7tpcqCcvIw,ase,train
uXnvkU7fxZo,UCPNeYbg5gz7AYRCgg8vjhDg,ase,validation
uY7-2U-ax5s,UCPgIzfHK5zkJXIygSEjxO4Q,icl,train
uYG1R9dAR2c,UCxSmnCUdCMZ51qWi7yQDlzQ,bzs,train
uYb-Q5YTbso,UC5brFv_uCw2v-hen_x85NUA,ase,train
uYqe80N6Akg,UCFcpIA0onxgAkdsh3K0gpeQ,ssp,train
uZZP2Q9x6j0,UCPgIzfHK5zkJXIygSEjxO4Q,icl,train
uZauaZ6uSds,UCMHI7Qjro6J8VWFPHlcpyyQ,pso,train
uZwKNtHx9FE,UCaayieDFpDIZ1b_mspO_Rzg,ase,train
u_-z1FYThvQ,UClH-iALhZ2niASkp-XSNGpA,inl,train
u_BIK8av44c,UCqtaBrGzW-WzWVdhrjCBQ4g,tsm,train
u_PbkfRSa38,UC-8TBU8-W613NU2ysMh8DWQ,ase,train
u_Qd6AfQUKo,UCtFXZP7uAVr7BBZxvWRLTnw,ase,train
u_z--1Ku5RM,UC4KU3dXQfnJD45axc7vzahA,fsl,test
uaGQQpn0YZQ,UCR8tWLmyrFIiIjT5nlL-3yQ,ase,train
ub8CeieQxPk,UC5Z8E4UxnYWkC4MVrIhynYg,ase,train
uc0jK24rEqA,UC55C6FrDNkoh1-S8tGHdCDw,ise,train
ucFWkNe81vE,UCWgUkco3qOP97CV7_rqDyrA,ase,train
ucPl06b-YwQ,UC2fTQSA7GccUUtG6RrJq9Hg,pks,train
ucSh_RqY5mQ,UCqtaBrGzW-WzWVdhrjCBQ4g,tsm,train
ucYTWGTRZMc,UCs98soN6aBb6gnfbrLl-W0w,???,train
uc_ExpWav0Y,UCbt8SycZej80mabDtc-wuEQ,asf,train
ud0FFySRWJw,UCWWo1pXRj4Nv8sA5R8ySHLA,dsl,train
ud9mKsmA04k,UCOI8RZSbSOLBDezjtKvoYAA,ase,train
udZ-kgAgRHY,UCCOaLeJLHuYax7_k5wbC6cw,ase,train
udZodKkL0jM,UC75cYKm6WbSk-se1deWaD0g,hsh,train
udbJnYMbido,UCJeBnwmzj3tVtS-3-sSOC_w,hsh,train
ueHEShVCYIw,UCGkggeR449U_G_ULi-Y0G0A,hsh,train
ueUYX4Hx5kI,UC5Xzq4Gg6mSNymC4xIaZg1g,ase,train
ueVnXNyrGIU,UCcmJuUulPHzBUuQbQUN7GzQ,bfi,train
ued1xzZRl_w,UC75cYKm6WbSk-se1deWaD0g,hsh,train
ufngTff6iLg,,ase,unassigned
ufucwscZ9Bc,UCTi9woRHA4r8e3oEWF8hxTA,aed,train
ufwgljM4UF0,UCWVUF_aLbNrR_ObLwWZcU2Q,fsl,train
ugANBBc4B4I,UC7JuChYmxhljc49dE3JG6Zw,ise,validation
ugo9wniG5D8,UCSMZ4td6mZMJVxJ2ow7zY4A,ase,train
ugoTQGMS_5o,UCSMZ4td6mZMJVxJ2ow7zY4A,ase,train
uhdUILuXjd0,UC75cYKm6WbSk-se1deWaD0g,hsh,train
uhnS19XdTJo,UC75cYKm6WbSk-se1deWaD0g,hsh,train
uhzEPHTw3uE,UC-sJ8hKNRlT33UfXia3s49A,ase,train
uiCcy6VCONU,UCBjB44dvd2F5MN-fC-eokIg,pso,train
uiRgwOKIIYo,UC7PByT-DKjERtGRmxfyWvnw,ssp,train
uiquVB1ShuU,UCUwJIzw7t6M53vWnRsHzzdQ,gsg,train
uj5bfYp-cTo,UC2f2tuLRRCi_bLpRomx0x3w,ase,train
uj81r96zkBI,UCWif2ls3MB_CDmg4z17y6tA,ils,train
ujm6LbSXqAI,UC7PByT-DKjERtGRmxfyWvnw,ssp,train
ul_BrneAoWk,UCc5D_HEjC_TWc7ux5Smw8IA,ils,train
um2HuseqM8o,UC2qgrXLocv2mQCjvxWe57tw,ase,test
umlrY_hFDw0,UCyIjlBUwgXeKO6MZ2Ospaxw,jsl,train
un0db3DH1j0,UCERH7awdY3M-n5otvzurJkg,ase,train
un4MFaizaCI,UCafl5HSeIaAjenMenQOFS_Q,tss,train
un6cxRUnKlc,UC75cYKm6WbSk-se1deWaD0g,hsh,train
unSf7DuiGE8,UCQbhiOgoavwD8D-W2fVXQTA,ase,test
unYVFsHOunc,UCXAivKbEyzTb5tqwEu2ZDcw,ase,train
unh5PDKB1Q8,UCqLGAeTQmlRVfLK6jAWvDxA,ins,train
uo72ILpsMWM,UCJkVIbLoiNX5ERLpbOhrhmA,ase,train
uoHKKrDGrc4,UCjCBX_ZL4T0nCyq3AgFVsDg,asf,train
uoW78jFGpMI,UCtCEoFMIllD5aOYneLrP4Vw,ase,validation
uoYKtZy_w3s,UC4YIkyipvSWH51CYnKgvHbg,jsl,train
uonZu6aPHhM,UC2oTpQCBg0Yoqk4Uiw_xT3Q,ase,train
uouualjsGRw,UCHYhDUKzFJYtxa1aGB3cpmw,ase,train
uow_J5m4ero,UCXAivKbEyzTb5tqwEu2ZDcw,ase,train
up4rLfHCrOM,UCWif2ls3MB_CDmg4z17y6tA,ils,train
upPvGL3RW2c,UCWif2ls3MB_CDmg4z17y6tA,ils,train
upXGTk78yOs,UCNIhO0bLr1oNVrZBdEvFq0w,ase,train
upaiEjNl-1s,UC7rtwOJBv4c4PyIhSFvg3Hg,bzs,train
uptcsy5Gvz0,UCtjEjgYtRZWFL9pWa4yxtXg,jsl,train
uq5BLKszuz8,UCX0Pld4CvWGEJBKu2pgSuBQ,ase,train
uqMeTGlmiDw,UCTIBRINUegVQ_RtoLWTL-zw,rsl,train
uqMi6a1pp1E,UChFJaH0yhLOxelzhfz1QDDw,ase,validation
uqbZBFv2S4k,UCDaXsbs4hNm7X1QC_X9aTMA,ase,train
urJGQFxAnCo,UCLcuqcnJQNsOSiRM7vl0YjQ,ase,train
urbmlc51Y5o,UCWWGvVkgN72V3byEMZnrYYA,ase,train
urcp966sZIM,UC75cYKm6WbSk-se1deWaD0g,hsh,train
ury0G_hdVR8,UCx92YHaTWzmfL9trx_jzXNg,bfi,train
us0yW13VtKE,UCT_ibOnQ79FD6UX9nUwl1Fw,ise,train
us4WVjV-qFM,UCDAOYycn4dnAFICIdeYJWwA,bfi,test
usILpoQtVwQ,UC99w_Bzj8ikOz8Gpv0prbNg,ins,train
usYpsDc26Vg,UC8D5gJwGJDf7a7CPAroOXeQ,fsl,test
usfWKbgCGlU,UCYyRpJBseu43EojDdSUcSyA,ase,train
usfeH7maEQ0,UC5H_CO6QGwd9hilVnfujz_w,bfi,train
utZObPIKENQ,UCYWJdRpk2jOOZaqvXGVjkxw,ase,train
utaW1SpEwuA,UC75cYKm6WbSk-se1deWaD0g,hsh,train
uu1FvPlZnG8,UCEPuAkI8Fx_dqb2RMoy00CA,asf,validation
uuLmiwgxwFU,UCqLGAeTQmlRVfLK6jAWvDxA,ins,train
uuZimWWBlSc,UCRwPaAUrbOL4X7WgxZzIOpw,ase,test
uujvAEO9LD8,UCKyWIEse3u7ExKfAWuDMVnw,gsg,validation
uuqWOVWhI58,UCR_-CWbo1ZhNsQLyzKJL7DA,bzs,train
uvDi78uTVAw,UCK-n3cLst9SuYfxk7oNhrlw,ase,train
uvFrG6saoQY,UCufxp6ZwK8zEstJ4BISgG4A,ase,validation
uvXKz50o77o,UC-_uxJSqfBKmSWcz4jeiY4w,ase,train
uvb5Sfda7E4,UC55C6FrDNkoh1-S8tGHdCDw,ise,train
uvnzjfFCmKU,UCK4l01VdkIXI3lA9ey1gUAA,icl,train
uw0c43kVlFo,UCgSwCawfopWlRFmD9PRaVdA,ase,train
uw16HjpZBeE,UClH-iALhZ2niASkp-XSNGpA,inl,train
uw1XeMu96xk,UChTbPO97Nt0OTDvqSBjhrVQ,isr,train
uw1_QkavELE,UCT_ibOnQ79FD6UX9nUwl1Fw,ise,train
uw2vqwR_4sM,UCyK_P6PID7pzK6eEwBPCB0w,ase,test
uwJefsM8yac,UCxbqtegH8gswjgUGTh46apQ,gsg,train
uwVX8HaPnn8,UC75cYKm6WbSk-se1deWaD0g,hsh,train
uwYynl8FbJQ,UCLgti7NuK0RuW9wty-fxPjQ,bzs,train
uwdTEkkozpw,UCWif2ls3MB_CDmg4z17y6tA,ils,train
uwgFQutyiyU,UCJzu69TgtBwVc03QEP9gL6A,rsl,train
uwkHfuEQYJ0,UCeM9ju-z8IoVGomUJHd7DLQ,pso,train
uwzl_dKEJe4,UCjCBX_ZL4T0nCyq3AgFVsDg,asf,train
ux0alXPD3Ow,UCT_ibOnQ79FD6UX9nUwl1Fw,ise,train
ux1z5BGrON4,UClf6uXqvt7z6Xr2wqGNxtwg,ase,train
uxJiRFgXmOc,UCTi9woRHA4r8e3oEWF8hxTA,aed,train
uxUviff_2K0,UC3OiN9jnCART5qjoOTr7bgA,ase,train
uxowJjx8uTE,UCNuTk4O2fo38g2nmsGRSkzg,ase,test
uxppMhZWfms,UCwyKdeFc3T_-n-CrouDU-DQ,ase,train
uyMQb4euXhY,UCGQE5TBqd65AGrg86lIRPXA,ase,train
uyQG3aVXDMg,UCPgIzfHK5zkJXIygSEjxO4Q,icl,train
uyssVN60w_s,UCqLGAeTQmlRVfLK6jAWvDxA,ins,train
uywHsZLRt6g,UC75cYKm6WbSk-se1deWaD0g,hsh,train
uz4x4KRuLnQ,UC85LK96DQppcG7tpcqCcvIw,ase,train
uzsJik2DkuQ,UC9iTjM1LI5k60EhfTwNPO5w,ise,train
v07WR7V-27g,UCCkAfmCTGkgJi3QlB_6vkqw,jsl,train
v0JJhHrvw4g,UCMZD9P87-3WVUl2-nPOQagg,bzs,test
v0R3vbRqv7o,UCYWJdRpk2jOOZaqvXGVjkxw,ase,train
v0Wkmzr_x-E,UCtjEjgYtRZWFL9pWa4yxtXg,jsl,train
v0YbG_WZjVQ,UCqLGAeTQmlRVfLK6jAWvDxA,ins,train
v0sYPaL-1z4,UCszvwqbz04iulT9divgrNHw,ise,train
v10M3UbjIag,UCaTMaFNkTiwgsSQ7FYaiaTQ,ins,train
v11Q4IAf490,UC-gc7H_gu_IYUAxO2cu6STA,ise,train
v1NmR5QOD5Y,UC_xOGUF8Qoa6_CD2NMVttJA,tss,train
v1RsQthbrZU,UCs98soN6aBb6gnfbrLl-W0w,???,train
v1aCnHYwR4I,UC99w_Bzj8ikOz8Gpv0prbNg,ins,train
v22zKpRjgaY,UC4VHfRJHnbcGVLcr9vQIihQ,bfi,train
v29N0OXGyx4,UCCZ_femzSxK1e936MTU9TaQ,asq,validation
v2PeI-U6b8M,UC7rtwOJBv4c4PyIhSFvg3Hg,bzs,train
v3AtO19NBP4,UC3hOdPWDnQBs9NTt3y2fPRg,ase,test
v3JppJ1Qg2M,UC75cYKm6WbSk-se1deWaD0g,hsh,train
v3UcuK53Cp0,UCWif2ls3MB_CDmg4z17y6tA,ils,train
v3WUpQt7nUs,UC55C6FrDNkoh1-S8tGHdCDw,ise,train
v3aqNbpfckk,UC75cYKm6WbSk-se1deWaD0g,hsh,train
v3fXhQqLu2A,UCFfgJbY2jt4Notzk5M3baOA,asf,test
v3qUf-JWrek,UCjCBX_ZL4T0nCyq3AgFVsDg,asf,train
v3sveQU1ifQ,UCHBvS1eMuD3sjLKQ3l-nQSQ,ase,train
v46pkrFS278,UC5H_CO6QGwd9hilVnfujz_w,bfi,train
v4WjC_QyEpQ,UCLZ-LkPh14mi5FAhz4XZovg,asf,train
v4XY6ILOLiQ,UCBk7uv7wKOAdvRm5girUVcw,ase,train
v4_POIZkayY,UCBiOcVcsaa3jbUiuLlWawnw,ase,train
v4kIEmU61-o,UCNuTk4O2fo38g2nmsGRSkzg,ase,test
v4kjeekPhDk,UCaayieDFpDIZ1b_mspO_Rzg,ase,train
v4n3uTuxGCw,UC-8TBU8-W613NU2ysMh8DWQ,ase,train
v4tm69zOyHw,UC75cYKm6WbSk-se1deWaD0g,hsh,train
v51rc3mEf-I,UCj1wHD7F9nFvc6DIDlEniGw,csc,train
v5CeHByOop0,UCAPKIo9ykV8iShMmG7c-BQA,swl,train
v5MXim2c1yA,UCqLGAeTQmlRVfLK6jAWvDxA,ins,train
v5V07eUidbo,UCsuBAbMlPGJ95w3mwhz-30g,ase,train
v5xGyEIso6E,UCFJLzd1pDjTJgPPHCpDfAwA,ssr,train
v6mhQ98NSmw,UC75cYKm6WbSk-se1deWaD0g,hsh,train
v7EzAsuAnrU,UCFuu8KsC_I8RUWsRopecLOQ,bzs,validation
v7PHjtyjR5A,UCTKsrvPypyh3flFdEWqo53A,ase,train
v7Ymwc08BTo,UCtCEoFMIllD5aOYneLrP4Vw,ase,validation
v7ZezUz8HY8,UCxXNQXeKVXcwX3AH7O2l9lg,gsg,test
v8Wa2vsVc_w,UCD6RKflCo3xW6Jwh9TG4ydA,ase,test
v8omOAUrfCY,UC64l-8Ox0p9H62XK9bF0RyQ,ase,train
v8tWAMIv7Bk,UCNLDZ-fQUQHv8Al2gZ4kA7Q,hks,train
v9PQayXPPYA,UCTGJiY5brn-4Jf-0HvvqX5w,pso,train
v9TnA-wTm9U,UClkbXeObMpHUVgAaQvG9lkg,ase,train
v9WXhYK8dgY,UCeQ44pDBtTQLZzQVcO3cVEA,ase,train
v9nMFhDEUeQ,UCqLGAeTQmlRVfLK6jAWvDxA,ins,train
v9xHL8Fp648,UCSMZ4td6mZMJVxJ2ow7zY4A,ase,train
vA73wIuWZvg,UCJzu69TgtBwVc03QEP9gL6A,rsl,train
vAAq0QW4Lts,UCfaz727ukS3eFYNLysA9rRw,bfi,train
vAKlUS_kV00,UCFfgJbY2jt4Notzk5M3baOA,asf,test
vAMEvcyWWrk,UCWAVxwEn9KPfQ0exkK1bzkw,ase,train
vAq49WfMkEY,UC1MaCy_rNO8gaMHvfQhHUIA,tss,train
vB5ArJY80GM,UCFfgJbY2jt4Notzk5M3baOA,asf,test
vBC2WrotItI,UCXo34D2YjDzQKCpnb9jkDeQ,jsl,train
vBDxIWYlS2U,UCZy9xs6Tn9vWqN_5l0EEIZA,ase,train
vBIGUqIH-hs,UCWif2ls3MB_CDmg4z17y6tA,ils,train
vBMF75K-m78,UCL4ZEsnRRng4iKT4va2JN2g,ase,train
vBlbQ3elDhI,UCQmVgPZHUzskORIH4GMzhJQ,bfi,validation
vBsc56Pq6KY,UC4VHfRJHnbcGVLcr9vQIihQ,bfi,train
vCDQSqHY6d8,UCGLOly45we_1ZTXAXF7TZDA,asq,train
vCLtwYjNaOg,UC5H_CO6QGwd9hilVnfujz_w,bfi,train
vCohF-qRO4g,UCq291uTJ7o9Yojr3l2Y8_cw,ase,train
vCwd0r30lpY,UC5Xzq4Gg6mSNymC4xIaZg1g,ase,train
vD1yRaESc1U,UC3p9-cdApmRUOgQ4-M4P01w,ase,train
vDKsWwmd_no,UCcY3go7tTUJuZz6b1ijVLVw,ase,train
vDNSTnxFpUQ,UC85LK96DQppcG7tpcqCcvIw,ase,train
vDP5r5dIMfM,UCvrsnjoJpCj7A0-Nu5JTA4A,fsl,train
vDTF_riiXOs,UCre6xe4-P4mCq_NTraJF5aA,ase,train
vDg4LYUOO9g,UCFfgJbY2jt4Notzk5M3baOA,asf,test
vE-3FNme894,UCEPuAkI8Fx_dqb2RMoy00CA,asf,validation
vE6PZMbn1kI,UCoA3JvRkP1z3GE6x5jo6OzA,rsl,train
vF2w_Sczo8s,UC7fVfWv6FL7HeTFeSLz-muQ,ase,train
vFEbH6NJx4s,UC-gc7H_gu_IYUAxO2cu6STA,ise,train
vFgrmljpf6A,UCTi9woRHA4r8e3oEWF8hxTA,aed,train
vGEhtV3V5F0,UCFyhiizY8-4GUcAeYQlylMg,jsl,train
vGbQ80o2rP4,UC75cYKm6WbSk-se1deWaD0g,hsh,train
vGh12x58hoI,UClyngyD31Bj6fPGCDyobHYA,ase,train
vHBdXPWxXMk,UCgvywbxAcsgJr_gfpqKLXXw,pso,train
vHW3wnMyFAA,UC75cYKm6WbSk-se1deWaD0g,hsh,train
vHZkRYTNQLc,UCQqlp5pbCtnZFG22SvA8rrQ,ase,train
vIEYVXZr5ec,UCdTytgz2Mvb6odTHH9iNv8Q,ase,validation
vIMTBmmgi9w,UCUndJ-IcHuwCZtsqkLrU5sQ,ase,train
vIQ7-NHE1NI,UC6kdkhEFrOtNE9Sb9kfaYiQ,ase,train
vISRECJuv_s,UCszvwqbz04iulT9divgrNHw,ise,train
vJM7DPW8ifA,UChTbPO97Nt0OTDvqSBjhrVQ,isr,train
vJQknoKn_n8,UC51lsvflAVK6B-wqBkscmCw,ase,test
vJdxYw1i2QM,UCuyQHJ4y76-i0w9N33vT-kg,ase,validation
vJiBCr8yk4E,UCaTMaFNkTiwgsSQ7FYaiaTQ,ins,train
vKOuTUDiT5Y,UC2fTQSA7GccUUtG6RrJq9Hg,pks,train
vKTBhr1SdLM,UCNuTk4O2fo38g2nmsGRSkzg,ase,test
vKocl_4-reE,UCAbFXOPq0sx03ev-kO3FE2A,ase,train
vL7yVXkrQzU,UCkVmbFxOt8XAlP2bTm-6lRQ,ase,train
vLg9B37Y_9c,UC5H_CO6QGwd9hilVnfujz_w,bfi,train
vM8PZ7l5sRk,UCI8LiH2hooj3xMmyoNz8KLA,ase,validation
vMEFptJQ2ng,UCG88vKCVuz6Q_0m410-1GEw,bfi,validation
vMEnkJW7-Xk,UCjCBX_ZL4T0nCyq3AgFVsDg,asf,train
vMKRvQVTNqw,UCuyQHJ4y76-i0w9N33vT-kg,ase,validation
vMMrBCUyTnE,UCe2lcoNfWAp4bc0JySWnkmw,ssp,train
vMQmGdTOizc,UC75cYKm6WbSk-se1deWaD0g,hsh,train
vMzH5fB25_c,UCDAOYycn4dnAFICIdeYJWwA,bfi,test
vN302R6r-1I,UCGisGwX9Mh6T6WrJsx-VjDg,pso,validation
vNnjH3l-WdI,UCIgyoRY69c8rPS2YDQ-wAqg,ase,train
vOHEk5rSjNI,UCNrRDRd2Funl0yUYdG9oldg,ase,test
vOayzlLJkLY,UC99w_Bzj8ikOz8Gpv0prbNg,ins,train
vP9oBC3XIvQ,UC5H_CO6QGwd9hilVnfujz_w,bfi,train
vPFGzk0Oasc,UC3hOdPWDnQBs9NTt3y2fPRg,ase,test
vPLSV6VDvXw,UCCMrPyfFJUzeXDX5OVB9bEg,ase,train
vPUaiKcW9gY,UCTi9woRHA4r8e3oEWF8hxTA,aed,train
vPW4LF5B0TQ,UC5Xzq4Gg6mSNymC4xIaZg1g,ase,train
vPlYuRjGX3E,UCId7NmQqPKdFYVxK1O6YbgQ,ase,train
vPsR58Ark9c,UC75cYKm6WbSk-se1deWaD0g,hsh,train
vPxjCJ4Qx0M,UC85LK96DQppcG7tpcqCcvIw,ase,train
vQ9SdanZW7o,UC7PByT-DKjERtGRmxfyWvnw,ssp,train
vQIDsG3S_fA,UCqtaBrGzW-WzWVdhrjCBQ4g,tsm,train
vQeBAtPOe8o,UCvdZ5oCx2HTfICEWBNFyhFQ,ase,train
vR1VPSRGaEI,UC5H_CO6QGwd9hilVnfujz_w,bfi,train
vR4Ei7XwxvA,UC85LK96DQppcG7tpcqCcvIw,ase,train
vRMSzkZAb94,UCLULAdF1-hor45QMG5DsjXQ,ase,train
vSCFVant4D8,UCPgIzfHK5zkJXIygSEjxO4Q,icl,train
vTK8_T76BfE,UC85LK96DQppcG7tpcqCcvIw,ase,train
vTwJw4BKHh8,UC75cYKm6WbSk-se1deWaD0g,hsh,train
vUKvcszidL4,UCWPkrOk-WKilNHCrpXa17JQ,ase,train
vUbqIdLJacw,UClxAZnsU6AK4pX3dcFdSDPQ,ise,test
vV2Adqotfyc,UCAPKIo9ykV8iShMmG7c-BQA,swl,train
vV6ro7A5soc,UCyAPbimBAxWyMA0t96UTbbg,svk,train
vVOkhBxOl1o,UCqLGAeTQmlRVfLK6jAWvDxA,ins,train
vVWIfXv7rDE,UCOluMJeRlxs4pNnFsvcXvYA,ase,train
vVeGeCsNTAI,UCqLGAeTQmlRVfLK6jAWvDxA,ins,train
vVhfc18T9o0,UCebOhQiWvWfWVu2wsqkb4Nw,ase,train
vVi3rrPuxQg,UClv1kekXgC4s8Is-f1OBqQg,ase,train
vX3D6na64gc,UCrrUZVfztrpQU1YMMFoIR1A,bfi,test
vXF5ProLM9E,UCc0GJrmUnCvxr5H7vjxx0eg,bfi,train
vXNhuPULkI8,UCFcpIA0onxgAkdsh3K0gpeQ,ssp,train
vXQcUEhFh3I,UCvWzhoLgL2lucJEx1ryuVeA,ase,train
vXVLH_11FfA,UCufxp6ZwK8zEstJ4BISgG4A,ase,validation
vXwZj0zT-As,UC7PByT-DKjERtGRmxfyWvnw,ssp,train
vY75Ww-UbgQ,UCHYhDUKzFJYtxa1aGB3cpmw,ase,train
vYWQ-92g4-E,UCBAHD4VRgr9gRV07tlx-zRg,ase,train
vYbldmZfZ2Q,UC75cYKm6WbSk-se1deWaD0g,hsh,train
vZ078VuORKE,UChTbPO97Nt0OTDvqSBjhrVQ,isr,train
vZUfjz4MiAM,UCs98soN6aBb6gnfbrLl-W0w,???,train
vZgIFed8Jbk,UCWPkrOk-WKilNHCrpXa17JQ,ase,train
vZpjNlKJPQI,UC-8TBU8-W613NU2ysMh8DWQ,ase,train
v_KmvDiFJDk,UC0Cgh9394jgWDq0vsD8QbCg,ase,train
v_NNHfmZzrY,UCWif2ls3MB_CDmg4z17y6tA,ils,train
v_TzuHa8L2M,UCQ_jW1xLUF7Sg711yXVvQPQ,ise,train
v__EDLCe9oc,UC0ssa7FTeHexuO6wHhbX9ow,ase,test
vaC99zzRUHo,UCctnLMs5hWKC_qXO3xZE6XA,ase,train
vaDKXzTCTGY,UC75cYKm6WbSk-se1deWaD0g,hsh,train
vaw_acE21h8,UChcr-M0MBFyCTcVWSFGyQ2g,ase,test
vbM0OrvWAtU,UCOynshZbvM20iHEjrr9UKxQ,ase,train
vbqXusujniM,UCgGdDZw3Dj8eBkuWOfXfhgg,fsl,test
vc9W1DJdkaY,UCZ3vY1_AhI-UpoQwu-HqXgw,ase,train
vcaJYAF3i3U,UCFuu8KsC_I8RUWsRopecLOQ,bzs,validation
vckpqdlWK30,UCqLGAeTQmlRVfLK6jAWvDxA,ins,train
vcuvY-MCVPU,UCyUuZBikbuqnhAM4OnykTuQ,ase,validation
vd9qkP0IVa0,UChTbPO97Nt0OTDvqSBjhrVQ,isr,train
vdJALePE4q0,UCeM9ju-z8IoVGomUJHd7DLQ,pso,train
vdasRt3UUIo,UCBIt75bAYYx9FqAecuXkHzg,ase,train
ve5_kKwpJws,UCqLGAeTQmlRVfLK6jAWvDxA,ins,train
ve6xe2Tv1TQ,UCTi9woRHA4r8e3oEWF8hxTA,aed,train
velUqbFZZag,UCMbT7f3uBbPv5dCPu7ND-yA,swl,train
vf8yAJqhsAU,UC5H_CO6QGwd9hilVnfujz_w,bfi,train
vfEuez6T83g,UCcmJuUulPHzBUuQbQUN7GzQ,bfi,train
vfQyTTglMlU,UCTIBRINUegVQ_RtoLWTL-zw,rsl,train
vfTx8vLo4ho,UCEPuAkI8Fx_dqb2RMoy00CA,asf,validation
vfsKQq_oEI4,UCJzu69TgtBwVc03QEP9gL6A,rsl,train
vfuCg6cJbds,UCCMrPyfFJUzeXDX5OVB9bEg,ase,train
vfy4_DawtBg,UC6OCXcxQ4yKoPfsUPWg99bg,ase,train
vgMSM8-scZU,UCJliJYKfovJzo76wqisC9Mw,ase,train
vgN2CK4JNfY,UCEkZb0c0A8uM7ootuvLAXdQ,ase,train
vgcaHrcm22k,UCdGHdHZxPzHa2AWTgvcFYDA,ase,test
vgrsb-1POe4,UCqtaBrGzW-WzWVdhrjCBQ4g,tsm,train
vhKcyh6t_6c,UCe2lcoNfWAp4bc0JySWnkmw,ssp,train
vhunteoV_0w,UCe2lcoNfWAp4bc0JySWnkmw,ssp,train
vi4MuOpuhcg,UCaayieDFpDIZ1b_mspO_Rzg,ase,train
viDClOTajn8,UCzUsnwtLUmvdC0ezeUzyx5Q,ase,train
viNylXpmHEY,UC7JuChYmxhljc49dE3JG6Zw,ise,validation
viODv6v_4sw,UC6EpM0GTPbhv029dCG9rqgA,fse,train
viVFGN-NFAY,UCGisGwX9Mh6T6WrJsx-VjDg,pso,validation
viWTtoabeAg,UCUW9iqeKBSdegW5onoBnx_w,hsh,train
viuZktg7W3Y,UCe2lcoNfWAp4bc0JySWnkmw,ssp,train
vj0oCiYKF4M,UCaayieDFpDIZ1b_mspO_Rzg,ase,train
vjI6vJxet_M,UCaayieDFpDIZ1b_mspO_Rzg,ase,train
vjJHATisUOk,UCuLgHM31H7PmEAY92jBSU_Q,jsl,test
vjJVOk7dpWI,UCGkggeR449U_G_ULi-Y0G0A,hsh,train
vjjoxicvvY8,UCLUwomaXjHGKse8GYaXzTxQ,isr,train
vjtYM-YN_bI,UCT_ibOnQ79FD6UX9nUwl1Fw,ise,train
vkAzC9MSIYE,UC2y39BMMgIEadMZ0KhKjPsA,ase,train
vkJpg4H5mXQ,UCGswORrtchTQ08ClxjUD_WQ,ase,train
vkjkJDk1QWo,UC99w_Bzj8ikOz8Gpv0prbNg,ins,train
vl6ExKKe2uQ,UCaY5JjIf6cKZrynK9Oc3SYQ,asq,train
vlKU03sP0H0,UCJpicQ0SbmPbvOYjb4l-LTg,ase,validation
vlvb-KdZ8x8,UCzXNfOVXNYqjFPgMly-1AvQ,isg,train
vm1TqtDntIw,UCqLGAeTQmlRVfLK6jAWvDxA,ins,train
vm9V7KDW1A8,UCET0ZgnCFLi1369c3ZWfSFA,ase,train
vmKmWoROpIM,UC75cYKm6WbSk-se1deWaD0g,hsh,train
vmV6iCJMRrM,UCWif2ls3MB_CDmg4z17y6tA,ils,train
vmW29ScIdzg,UCcoDU9dD-DyTN_2PZM6vf4g,gsg,train
vmzm_f5azMI,UC4KyhBCXwO-aSXDN-QyeSmQ,ase,train
vn1fR0rBRrk,UCK-n3cLst9SuYfxk7oNhrlw,ase,train
vn3ND1itBaQ,UCm-cLN9VreBJm7EMmX7VRVg,ase,train
vnPoVjiud2A,UC75cYKm6WbSk-se1deWaD0g,hsh,train
vnaY1sAd6Nk,UC904-uUeod13g9oEHruj3_w,ase,train
vo40kdtLdoc,UCqLGAeTQmlRVfLK6jAWvDxA,ins,train
vo47hDs4J1s,UC2fTQSA7GccUUtG6RrJq9Hg,pks,train
vo4FY5e-JYc,UC7PByT-DKjERtGRmxfyWvnw,ssp,train
voF09NV-miQ,UC5aT90pp8pjbySAjn-dBrBw,ase,train
voQmosZ9kP0,UCPNeYbg5gz7AYRCgg8vjhDg,ase,validation
voVGoRiFdCo,UCqLGAeTQmlRVfLK6jAWvDxA,ins,train
voYJS3zLrvc,UCypp5hZ4UgHbXj5_44EVkcg,fsl,validation
vp6W4zfkPHs,UCe2lcoNfWAp4bc0JySWnkmw,ssp,train
vp9hfS8rsdU,UCRwPaAUrbOL4X7WgxZzIOpw,ase,test
vpCcPN7TJnI,UCYyRpJBseu43EojDdSUcSyA,ase,train
vpvuICkZnsc,UCDivIPRtPf_EHSiRfkwkfZA,bfi,train
vpw-KVGvUA8,UCQJVI4-q2aT-9pSEmwtrMoA,ase,validation
vqNRj45rR-M,UCSMZ4td6mZMJVxJ2ow7zY4A,ase,train
vr6f7eEZmCc,UC85LK96DQppcG7tpcqCcvIw,ase,train
vrI3L1KUf9s,UC75cYKm6WbSk-se1deWaD0g,hsh,train
vrb8hvTGQjM,UClv1kekXgC4s8Is-f1OBqQg,ase,train
vs0cMRuQ26o,UCWPkrOk-WKilNHCrpXa17JQ,ase,train
vsFoYeyfGcc,UCVZ5UVJldy3kJPuWms2EkMw,ase,test
vsdrQOxnqhA,UCfrYaR1kmCHf8ddHb8O8niw,lls,train
vsgREtrG3Wg,UCWbnHpCljj8MuTeNnCiNVew,ase,train
vswMjAtpwkA,UCocbsxARU5NCW7bQ7pBZu2A,ase,train
vtE_u3L68W4,UCWif2ls3MB_CDmg4z17y6tA,ils,train
vtdxa_PaGAE,UCJDZUpRa1-sh6vg3aA9LBtg,fsl,train
vtrvw9OdbPM,UCDsoH108wJ2A0GWVbv-laWA,bzs,train
vuu-_4vH41A,UC75cYKm6WbSk-se1deWaD0g,hsh,train
vuxlhZCGphI,UCky7bYWLr_5JfYNfdiFYxJg,ase,train
vvI-FuSZbbA,UC75cYKm6WbSk-se1deWaD0g,hsh,train
vvPoodg5ymk,UCB2TPZ9vox9PvK9arORVtNg,pso,train
vvbXsH035cM,UC7rtwOJBv4c4PyIhSFvg3Hg,bzs,train
vvjlshEF8F8,UC6OCXcxQ4yKoPfsUPWg99bg,ase,train
vw2Hd2J8waI,UCheJ6LLZBG2v34_yoCxoCuQ,asf,train
vwBElvixVnM,UCHckc4mrMU9b7L4hxQeN5HQ,ssp,test
vwgACivz66E,UCqLGAeTQmlRVfLK6jAWvDxA,ins,train
vwjUFq7RBrU,UCFuu8KsC_I8RUWsRopecLOQ,bzs,validation
vwkD6Ats4a4,UCaTMaFNkTiwgsSQ7FYaiaTQ,ins,train
vxSThWX-mog,UCqU1VOCGZ-OaYG9rQvysxQw,ase,validation
vxrbTrTDBb4,UCWif2ls3MB_CDmg4z17y6tA,ils,train
vyC13IT8zu0,UCWbnHpCljj8MuTeNnCiNVew,ase,train
vylOH8Xm8NQ,UCQmVgPZHUzskORIH4GMzhJQ,bfi,validation
vyrgnsKTRTs,UCcmJuUulPHzBUuQbQUN7GzQ,bfi,train
vyzB9x_RNpU,UCjCBX_ZL4T0nCyq3AgFVsDg,asf,train
vz265voBILY,UC99w_Bzj8ikOz8Gpv0prbNg,ins,train
vzTU-z4-vA8,UC4VHfRJHnbcGVLcr9vQIihQ,bfi,train
vzsN32WVH6s,UC0gzjUAS4-oRYQ_ty14BqZQ,ase,train
w-3CiE3xxV0,UCgPgI0FiLs8v18146Suwo-w,csn,train
w-4dCW1aLIw,UCGisGwX9Mh6T6WrJsx-VjDg,pso,validation
w-8mk1owLrM,UCA0gdYDLxsYh9Yjoud-G_0w,ase,train
w-E8bLoNMrc,UCb1Wbmx-13r8Dch4YoZFaiw,ase,test
w-KUqEBw_9s,UCyIjlBUwgXeKO6MZ2Ospaxw,jsl,train
w-Q-LyGn3uM,UCNMh0csop45XxYU0itusr1Q,jsl,train
w-mWYNG-AiE,UC3VRO1AVgaegOgeEnLMHoCg,ase,train
w0-Izinakp0,UCScR0I-J7gGR2jRCjcrt9Og,isr,train
w08rCAWLU0w,UC7JuChYmxhljc49dE3JG6Zw,ise,validation
w0aLdJtaBO0,UCC85idQHOMQqqD-gGrK7FHw,ase,train
w0rA40HKv5o,UC75cYKm6WbSk-se1deWaD0g,hsh,train
w1Lu8DKR-_Q,UCENu9r8D-qZyrgKsWDwHEOg,cse,train
w1tNGHV_34M,UC1f5xYbrZxLkklmGkow7AgA,svk,train
w2LP6cWue3I,UCSMZ4td6mZMJVxJ2ow7zY4A,ase,train
w2WYIrCsGLM,UCWif2ls3MB_CDmg4z17y6tA,ils,train
w2_tPzFur88,UCWif2ls3MB_CDmg4z17y6tA,ils,train
w2kPw8woLUY,UC7fVfWv6FL7HeTFeSLz-muQ,ase,train
w3APWnfkhww,UCNwQV9aYkwmPaSrFXgrReiw,svk,train
w3GS94Q91lg,UCyD6epypPmiwcb_0n7hofuQ,swl,train
w3GbpdGCli0,UCqLGAeTQmlRVfLK6jAWvDxA,ins,train
w3Qxm-9D8D0,UCtjEjgYtRZWFL9pWa4yxtXg,jsl,train
w3gr8pKSM3A,UCe2lcoNfWAp4bc0JySWnkmw,ssp,train
w43Ug7vGGvY,UCsuBAbMlPGJ95w3mwhz-30g,ase,train
w4EAUfxOm8Q,UCiawIaoh8sdgcGenM88NkHA,pso,train
w4F1IGd99yk,UCO9zhhszyR4Av4WxwdBJs-Q,ase,train
w4QoyuGV-D8,UC55C6FrDNkoh1-S8tGHdCDw,ise,train
w4qhXwPxTnc,UCLB6I_tLs5ardhO_HRyKN0A,swl,train
w5By8MpFfTw,UCcmJuUulPHzBUuQbQUN7GzQ,bfi,train
w5NnAAl35J0,UC75cYKm6WbSk-se1deWaD0g,hsh,train
w5Qv0PAW1NY,UCbdRgG-NhSwFlRV3MGVp_cQ,dse,train
w5iAYc6GDB4,UCXoX5aPtcb02mt1LfY-4rOw,ase,train
w5iScYhewa4,UC4KyhBCXwO-aSXDN-QyeSmQ,ase,train
w5t5h5cZauU,UC99w_Bzj8ikOz8Gpv0prbNg,ins,train
w67DJuLzrSI,UCLHtaORc2vTsrDI33ATwKiA,ase,train
w6FnUBw8pRc,UCgEYcVOHaAhiJV9WpWwtisQ,ase,train
w6ZNhp88C2M,UC75cYKm6WbSk-se1deWaD0g,hsh,train
w76AXU_d2Oc,UCNuTk4O2fo38g2nmsGRSkzg,ase,test
w7RYFZ_wHEo,UCSMZ4td6mZMJVxJ2ow7zY4A,ase,train
w8N2Yavk92o,UCCBWup10InaMbVxOwQUQPnA,ase,train
w8u2bWayEmA,UCtjEjgYtRZWFL9pWa4yxtXg,jsl,train
w9KjIK5Jkzg,UCFfgJbY2jt4Notzk5M3baOA,asf,test
w9P2CiAPCnw,UCtjEjgYtRZWFL9pWa4yxtXg,jsl,train
w9pfQipEUtk,UCijZyyFC9e-R9cv3RwZPjKg,gsg,test
w9tdWc7OsKo,UCOM_JRuoDUSKu68gp3-3IEQ,ase,train
wAJ-4-lpePc,UC75cYKm6WbSk-se1deWaD0g,hsh,train
wAJSILjnuJA,UC75cYKm6WbSk-se1deWaD0g,hsh,train
wAYkVwVBS1Y,UCFfgJbY2jt4Notzk5M3baOA,asf,test
wAYsznk3GfM,UCYWJdRpk2jOOZaqvXGVjkxw,ase,train
wAks5kuJMPU,UC-gc7H_gu_IYUAxO2cu6STA,ise,train
wAnC_toi8CI,UCsZjGoOcZuj69opN4bpeXLA,ase,train
wAvNUVCQ4gE,UCW5YSgfcgvgxUY5HjoMXA6Q,ase,train
wB-opBldZnU,UCDsoH108wJ2A0GWVbv-laWA,bzs,train
wBUbJlvvcT4,UC55C6FrDNkoh1-S8tGHdCDw,ise,train
wB_QG3MM_zs,UCsuBAbMlPGJ95w3mwhz-30g,ase,train
wC0wpqu0E-4,UCVyxYoSW-59ZPCd4krQg3fA,ase,train
wC4exOLOm2M,UCrHpt5tgM33jXiIs8_F1VgQ,ase,test
wCTby6Z6RD8,UC6OCXcxQ4yKoPfsUPWg99bg,ase,train
wCXJMMWa2F0,UC85gIdkvOCnRGTp7wphWP3g,ase,train
wCj1WR2ct8s,UCsuBAbMlPGJ95w3mwhz-30g,ase,train
wCs2DbJwBZQ,UCLrN3LrNjn6WP8kLbIyHDjQ,ssp,validation
wD-owFlzFgc,UCLUwomaXjHGKse8GYaXzTxQ,isr,train
wD0yhzBHChs,UCWVUF_aLbNrR_ObLwWZcU2Q,fsl,train
wDJfWYsOJiE,UCunEuVeHWd87AiN2O4A4m5Q,ase,train
wDNJLzPDSwY,UCOKd6GvsdIkLPpVKrS9kWVw,bfi,train
wDZcEsEa6H8,UCOuE0zw9VItn-Bv71BNeBVQ,fsl,train
wDcAIEsH57E,UCfY_uBhH841gxpS0FhUqzvw,ase,train
wDmvZASvbLE,UC5H_CO6QGwd9hilVnfujz_w,bfi,train
wDuLJm3VFsM,UCQJVI4-q2aT-9pSEmwtrMoA,ase,validation
wE-HDf4tK9Y,UCaayieDFpDIZ1b_mspO_Rzg,ase,train
wE8y1UQ30a8,UCA17q6v88p8FOlSDiWFkYyQ,bfi,train
wEKdX590NpI,UCsISj8VNUUVr03sV4bkxWWw,pso,train
wEYaTR8KbGQ,UC5RXDE5hwwO_gXSa31_rgcQ,ase,train
wEfR7KMgWrQ,UCLULAdF1-hor45QMG5DsjXQ,ase,train
wEiav6ymoVw,UC85LK96DQppcG7tpcqCcvIw,ase,train
wFTeygT8G5Y,UC-8TBU8-W613NU2ysMh8DWQ,ase,train
wFcWPfNsX3A,UCqLGAeTQmlRVfLK6jAWvDxA,ins,train
wFjQo5eO_ro,UCcZfFUzil7jZEDLRytulzuA,ase,train
wFtYpOoILtI,UChFBf3x6yY9ddkVVhYdsQBw,ase,train
wFxbnd5fc-E,UCyIjlBUwgXeKO6MZ2Ospaxw,jsl,train
wG64w1_R6UE,UCGkggeR449U_G_ULi-Y0G0A,hsh,train
wGTqSUqMAXQ,UCgPgI0FiLs8v18146Suwo-w,csn,train
wGVjoCM2PQ8,UC3hOdPWDnQBs9NTt3y2fPRg,ase,test
wGkZ5xID3_8,UCtFQbaZu348XcVh1aVt4rhA,ase,train
wGxnf2gfiaQ,UC-8TBU8-W613NU2ysMh8DWQ,ase,train
wGy_ulsSEgo,UCEPuAkI8Fx_dqb2RMoy00CA,asf,validation
wH3jZvtOrkQ,UCnCxWXVxT5uyOherQdSX66Q,ase,train
wH3lJm0Typ0,UCaayieDFpDIZ1b_mspO_Rzg,ase,train
wHAji_PyGms,UCLzz9KVBGzJKUQ-CyIRmXoA,ise,train
wHHbcsZ_tV4,UChE4Rr6qwM1PSktIzZwgMPw,bfi,train
wHhSHJoWONo,UC5H_CO6QGwd9hilVnfujz_w,bfi,train
wHn1MR6sZck,UC85LK96DQppcG7tpcqCcvIw,ase,train
wHyMODjDU4I,UCgp6suOlUv8EY4BVCbuO9bw,ase,train
wIA4JTf4hGc,UCigJ0lcqsGX29iOoFBSOySw,ase,train
wIEbxU8zaUM,UC75cYKm6WbSk-se1deWaD0g,hsh,train
wIIiUkWog0M,UCT_ibOnQ79FD6UX9nUwl1Fw,ise,train
wIQOURCpSbU,UCDaXsbs4hNm7X1QC_X9aTMA,ase,train
wIq6s0mv_K0,UCY_1hb97iVCsgjc6MrE0ICA,bfi,train
wIysN4sD4_Q,UCYogpIfU7-Cy19rDs1WnpaA,aed,train
wJJ4puL5Tnw,UC7Tjg_h46r1Jhlgxa4bmDSQ,ase,train
wJKEyWxHLCc,UChS32q-I0NPb-sFxCHt1A5Q,ase,train
wJLQ-rDLYOk,UCWPkrOk-WKilNHCrpXa17JQ,ase,train
wJTcUX5z3Ug,UC8dHtefYYC4TmhRS_0qtKTA,bzs,train
wJaXZi2Oq-I,UC5H_CO6QGwd9hilVnfujz_w,bfi,train
wJn6bJJiXZ4,UCGisGwX9Mh6T6WrJsx-VjDg,pso,validation
wJoT02Ycahg,UCLULAdF1-hor45QMG5DsjXQ,ase,train
wJqILelnHPI,UCA17q6v88p8FOlSDiWFkYyQ,bfi,train
wKAI6yhMw7s,UCTi9woRHA4r8e3oEWF8hxTA,aed,train
wL7PCixLpKY,UCSMZ4td6mZMJVxJ2ow7zY4A,ase,train
wL8O9zgyjCQ,UCAPKIo9ykV8iShMmG7c-BQA,swl,train
wLPrH_GuEME,UC6vT9Zhz3lbwU9pExQBXqBQ,ase,train
wLaopJFKwPo,UCGisGwX9Mh6T6WrJsx-VjDg,pso,validation
wLisc28St4c,UC4VHfRJHnbcGVLcr9vQIihQ,bfi,train
wMSdPvgUthQ,UCNMh0csop45XxYU0itusr1Q,jsl,train
wM_91q3upmw,UCqtaBrGzW-WzWVdhrjCBQ4g,tsm,train
wMqIyuw31pU,UC75cYKm6WbSk-se1deWaD0g,hsh,train
wMtfVk43ONI,UCU9J6ekXu_W3KM4VaK2Hpfw,ase,train
wNZRoCzfM34,UCTIBRINUegVQ_RtoLWTL-zw,rsl,train
wO88U4lQBPE,UC1f5xYbrZxLkklmGkow7AgA,asq,train
wOJQN1iUjog,UCNKetZsPL_BC2Xe5x_T2VYw,ase,validation
wOK4nBQn750,UCSMZ4td6mZMJVxJ2ow7zY4A,ase,train
wOcWEDhEzF8,UCuLgHM31H7PmEAY92jBSU_Q,jsl,test
wOnyhAEScl0,UCzXNfOVXNYqjFPgMly-1AvQ,isg,train
wOzk_k4cij4,UCufxp6ZwK8zEstJ4BISgG4A,ase,validation
wPZ3EJylhNU,UCBxFGQJfsVq4P1W0M-sjIkA,ase,train
wPqsN_awKQ0,,ase,unassigned
wPwxUUrrLxM,UC7PByT-DKjERtGRmxfyWvnw,ssp,train
wPyBcKZzAJI,UCZjcSIqyos6XJ-utaahHkfg,ase,train
wPzZ8qMCFYM,UC75cYKm6WbSk-se1deWaD0g,hsh,train
wQ3BIpTKtvc,UCO9zhhszyR4Av4WxwdBJs-Q,ase,train
wQ3UJo9H-6A,UC3Z-XjH9KLIvQwU9J4-erSg,swl,train
wQGSN3bOD08,UCHE4991XFTTonXsv4vHfEpQ,ase,train
wQLhiYLAyQU,UC4JcJEFJXGgiZwE4zbw2BKg,ase,train
wQaUwi2u_OQ,UCcmJuUulPHzBUuQbQUN7GzQ,bfi,train
wQd4oRcjzYI,UCs98soN6aBb6gnfbrLl-W0w,???,train
wR9szXRSSQs,UCWif2ls3MB_CDmg4z17y6tA,ils,train
wRRsgeU1a-4,UCBRYgj8lhwnr9FrETyJbYEA,ise,train
wRWsH1xBPSQ,UC-_uxJSqfBKmSWcz4jeiY4w,ase,train
wSQwHHAMy-E,UCuyQHJ4y76-i0w9N33vT-kg,ase,validation
wT7YPgFpbA8,UC99w_Bzj8ikOz8Gpv0prbNg,ins,train
wTQfaqiBfcU,UCQ_jW1xLUF7Sg711yXVvQPQ,ise,train
wTerXJkTz6k,UCI4A_xft-8uziHWd1-Q0NWA,ase,train
wTvxAP2eiEs,UCTIBRINUegVQ_RtoLWTL-zw,rsl,train
wU0wUxvuPgk,UCTJNV9I5LiMuOw6ReZYiKCA,fsl,train
wUEGbg23RPo,UC55C6FrDNkoh1-S8tGHdCDw,ise,train
wUSfzE5F7ao,UCctnLMs5hWKC_qXO3xZE6XA,ase,train
wUZhkzb-9tk,UC1MaCy_rNO8gaMHvfQhHUIA,tss,train
wVAkgjoaw7M,UCFuu8KsC_I8RUWsRopecLOQ,bzs,validation
wVESePPye5o,UC4YIkyipvSWH51CYnKgvHbg,jsl,train
wVGPOqIUBE8,UCMZD9P87-3WVUl2-nPOQagg,bzs,test
wWHVLQfWTBM,UCFfgJbY2jt4Notzk5M3baOA,asf,test
wWOUF0XlZw8,UCyK_P6PID7pzK6eEwBPCB0w,ase,test
wWqBj3D3Uuc,UCQJVI4-q2aT-9pSEmwtrMoA,ase,validation
wXAEnIBIDNk,UCWif2ls3MB_CDmg4z17y6tA,ils,train
wXtVcTd1XNs,UC99w_Bzj8ikOz8Gpv0prbNg,ins,train
wXxfVC2k-9g,UCzRCa1CaqSk2zGn0LlLHnlQ,asq,train
wYBs76wawt0,UCBRYgj8lhwnr9FrETyJbYEA,ise,train
wYSPrmkjF5k,UCAPKIo9ykV8iShMmG7c-BQA,swl,train
wYf7LFXa348,UCqtaBrGzW-WzWVdhrjCBQ4g,tsm,train
wYkjGl83SnI,UCS7wVohIwd66b95xyuw7DFQ,ase,train
wZLz8FnsdtU,UCZOG75UwSlaFOu-BmfSccUg,bfi,train
wZYPr2jrEDY,UCO9zhhszyR4Av4WxwdBJs-Q,ase,train
wZb9Vx9C2XY,UCWif2ls3MB_CDmg4z17y6tA,ils,train
wZu69Y4I5sY,UCbdRgG-NhSwFlRV3MGVp_cQ,dse,train
w_-E6kENiaY,UCJzu69TgtBwVc03QEP9gL6A,rsl,train
w_JNLbDaCxs,UCU9J6ekXu_W3KM4VaK2Hpfw,ase,train
w_NnH3rc_1Y,UC5Xzq4Gg6mSNymC4xIaZg1g,ase,train
w__0F8QJoMA,UCfDexzOr6afCL5irNgKrDOg,ase,train
w_fXBprvnH4,UC75cYKm6WbSk-se1deWaD0g,hsh,train
wa0VYYDwor0,,ase,unassigned
wanUzdrr8PE,UCkXMtRXcP9UznL6n7CWIS3Q,ase,train
wb9GQp3kCcg,UC7JuChYmxhljc49dE3JG6Zw,ise,validation
wbS_8FELWC4,UCmzoIHeCQkAa7dWEeGsTRbQ,ase,train
wbxFKDwBrY8,UCQ0O4iUqE3fRmwgVCfqyrUQ,ase,train
wc_l89ms6R4,UC3etnnsIxGpH89XgojqE0Ng,ase,train
wcrd3krI20c,UC75cYKm6WbSk-se1deWaD0g,hsh,train
wdBRqeoJS-Y,UCOqWC86f1tv-AsGjbkIBEUQ,sgg,train
wdBczQQjC14,UClf6uXqvt7z6Xr2wqGNxtwg,ase,train
wdCanyFeo7w,UCqd6eos5-i46NbDH1uLWdFQ,bfi,train
wdrMeJ4k4p8,UC75cYKm6WbSk-se1deWaD0g,hsh,train
wehB2tTd-sI,UChTbPO97Nt0OTDvqSBjhrVQ,isr,train
wezligG5NB4,UCDWuLgx0vTYBGr1G-diNgSw,jsl,train
wfJD2vdd5e0,UC85LK96DQppcG7tpcqCcvIw,ase,train
wfM2-pKb4vc,UC75cYKm6WbSk-se1deWaD0g,hsh,train
wfkLsek8dHE,UC4KyhBCXwO-aSXDN-QyeSmQ,ase,train
wg6p4K4WNxI,UCQJVI4-q2aT-9pSEmwtrMoA,ase,validation
wgZWg-haAXE,UC99w_Bzj8ikOz8Gpv0prbNg,ins,train
wgeR8I8M9Fk,UCWPkrOk-WKilNHCrpXa17JQ,ase,train
wgfkGZUK1iM,UCe2lcoNfWAp4bc0JySWnkmw,ssp,train
wgkgX7_h89o,UCfrYaR1kmCHf8ddHb8O8niw,lls,train
wglTWxL_WF4,UCHBvS1eMuD3sjLKQ3l-nQSQ,ase,train
wgtf4GdaKUU,UCWVUF_aLbNrR_ObLwWZcU2Q,fsl,train
wh1-Sik6_cQ,UCrLHoFMc2Mx6S4L5qE8Y4EA,ase,train
wh9WhMuaANs,UCChKgcgVNfCT2wO1AJwNkGA,jsl,train
whAjfLBXoFw,UC5hUM0r8oNVupljP1mw1lZQ,ase,train
whmGLuQkI7k,UC75cYKm6WbSk-se1deWaD0g,hsh,train
whp3qggCpBw,UCAPKIo9ykV8iShMmG7c-BQA,swl,train
whzIWZ8dqS0,UC75cYKm6WbSk-se1deWaD0g,hsh,train
wiZYeoh5C8I,UC2KM4kF2HC47cWyQEuDq3xA,ase,train
wioxwjXc7M0,UCWif2ls3MB_CDmg4z17y6tA,ils,train
wjNRpCvGR_Y,UCjCBX_ZL4T0nCyq3AgFVsDg,asf,train
wjdgNoV0eY8,UCSDf7TIwdqLAB2l6H8foi2Q,ase,train
wjoSxIjV_ok,UC8NjGnyFtSHf4xyiM7-cFvQ,ase,train
wjs1sJ_0OxA,UChTbPO97Nt0OTDvqSBjhrVQ,isr,train
wkQ38iMKN08,UCJzu69TgtBwVc03QEP9gL6A,rsl,train
wkbL-o80k3s,UC6afchVrf0mTQOt5Gf-qRhw,bzs,train
wkeBulWs2RI,UCO9zhhszyR4Av4WxwdBJs-Q,ase,train
wlMNAQK80is,UCaHpmqlbEtpKQSwyUnE9PkA,jsl,train
wlvnW7vyH8k,UC75cYKm6WbSk-se1deWaD0g,hsh,train
wnKnoui3THA,UC3hOdPWDnQBs9NTt3y2fPRg,ase,test
wneX9uli_e4,UCPPZRvzT57ohgjMFuE1pHvw,ase,train
wnsUdYB6F14,UCJQPAjZYGirtoNRraMgfc2w,csn,train
wo3cx_sFKs0,UCnjm9XelJC70C_0dfycoggg,fsl,train
woOXrfqFGiM,UC99w_Bzj8ikOz8Gpv0prbNg,ins,train
wpBBDUIu134,UC75cYKm6WbSk-se1deWaD0g,hsh,train
wpS6RlMY1UE,UCaDrIDvpB0HdFTkpdjTPwSQ,rsl,train
wpbXebqU4bU,UC75cYKm6WbSk-se1deWaD0g,hsh,train
wpkqq0Dufq4,UC4hKAY36ZwFrW14iaPyOw-g,sls,train
wpqoDUybDAM,UCizGctLgAahGlOvtSAKdq3g,jsl,train
wpvvWibMIDA,UCsuBAbMlPGJ95w3mwhz-30g,ase,train
wq1R7APJ_Z4,UCas-oNOs1gGkhLkHUWOq0FA,ase,train
wq9Iz35lcdU,UCR7_ied3vPnb7Jwmplsz4ug,ase,train
wqF7OgfAIDI,UCufxp6ZwK8zEstJ4BISgG4A,ase,validation
wrjksECCKCU,UCSMZ4td6mZMJVxJ2ow7zY4A,ase,train
ws6EBpjtF-Y,UCQukMGEToh7Dcjsl8ZADaOw,ise,train
ws6nTWI5xCo,UCYWJdRpk2jOOZaqvXGVjkxw,ase,train
wsk7JgdmsPQ,UCuyQHJ4y76-i0w9N33vT-kg,ase,validation
wszHQf64fHA,UCqDaczQEJwravf-L8izxbOQ,ase,train
wtB-KGDlhFk,UCWVUF_aLbNrR_ObLwWZcU2Q,fsl,train
wtBSBY91rn8,UC_RoM5lDLDEbdt9KDfmSCCw,ase,validation
wtIvr9O6wb0,UCXoXekjGbUtdi-Fb1-M3rhg,ase,train
wtQxlHpT-tA,UCfTOwuogte5nkoxLxcP5HWQ,ase,test
wtWaXB9nEEw,UC6b1zI_hrSg-1nAndUEapeQ,ssp,train
wtZgtYVlBLk,UCs98soN6aBb6gnfbrLl-W0w,???,train
wtnxQet18ao,UCS7wVohIwd66b95xyuw7DFQ,ase,train
wtoikMk6EHE,UCAPKIo9ykV8iShMmG7c-BQA,swl,train
wttupkGvqx4,UC7PByT-DKjERtGRmxfyWvnw,ssp,train
wuEnCxc-JPk,UCFcpIA0onxgAkdsh3K0gpeQ,ssp,train
wuOgY0uEHak,UCDaXsbs4hNm7X1QC_X9aTMA,ase,train
wuRiIr6ZZos,UChTbPO97Nt0OTDvqSBjhrVQ,isr,train
wuTldEj0An8,UClv1kekXgC4s8Is-f1OBqQg,ase,train
wuyqN_b_0DA,UC7rtwOJBv4c4PyIhSFvg3Hg,bzs,train
wv2QF4VoQGs,UC7JuChYmxhljc49dE3JG6Zw,ise,validation
wv3h8lPwo4k,UCsuBAbMlPGJ95w3mwhz-30g,ase,train
wvDUeNjgPHs,UCrwT2BnMAWcUclwmlme4uHQ,ase,train
wvPTH3VDZzA,UCFfgJbY2jt4Notzk5M3baOA,asf,test
wve_XBhUvGs,UCWif2ls3MB_CDmg4z17y6tA,ils,train
ww89yeGOMMw,UC75cYKm6WbSk-se1deWaD0g,hsh,train
wwqNybF8uMQ,UCgPgI0FiLs8v18146Suwo-w,csn,train
wx4yowaxlQk,UC75cYKm6WbSk-se1deWaD0g,hsh,train
wxE0cTklcGk,UC55C6FrDNkoh1-S8tGHdCDw,ise,train
wxHHziPnY64,UCx8jxChJznkRPJCE79qldOg,pso,train
wx_8l6eDSEI,UC99w_Bzj8ikOz8Gpv0prbNg,ins,train
wxwu_Y1z-Wg,UCAPKIo9ykV8iShMmG7c-BQA,swl,train
wxzlkF74qmA,UC7fVfWv6FL7HeTFeSLz-muQ,ase,train
wyWU_x97z90,UCe2lcoNfWAp4bc0JySWnkmw,ssp,train
wz3UjPtvikc,UCIF8joER1Amy-1xUKR-7QcQ,asq,train
wzYwBfDF6Lk,UC3hOdPWDnQBs9NTt3y2fPRg,ase,test
wzadSW00nHs,UCbtviVb4elMPpwrIdGrZ4yg,ase,train
wzz5g3ZDw7w,UCI4A_xft-8uziHWd1-Q0NWA,ase,train
x-8ng_Feda0,UCGkggeR449U_G_ULi-Y0G0A,hsh,train
x-vu2T5FBFQ,UC4SqFeQL9FsN2A-2cBbUS5g,bzs,train
x0CcSANYQcQ,UC99w_Bzj8ikOz8Gpv0prbNg,ins,train
x0Ltus2o088,UCFfgJbY2jt4Notzk5M3baOA,asf,test
x0U06Qw5Yy4,UC3hOdPWDnQBs9NTt3y2fPRg,ase,test
x0ydqn-rvZE,UCiawIaoh8sdgcGenM88NkHA,pso,train
x12MuCD7kVg,UCRRJlf5fd93oThu0726SNdw,csc,train
x17RSYKBH50,UCq_BWwLTxZqifLHzEdZavcw,ase,train
x1ckTd-K0a4,UCGisGwX9Mh6T6WrJsx-VjDg,pso,validation
x1yO5D06QAg,UC5peRRRRnXIMZvqFJiIwjNg,ase,train
x2Z-btq-wPc,UCTi9woRHA4r8e3oEWF8hxTA,aed,train
x2_tHG1JieQ,UCjCBX_ZL4T0nCyq3AgFVsDg,asf,train
x2d_6Q8uUcc,UC75cYKm6WbSk-se1deWaD0g,hsh,train
x2le8KUCgU0,UC6b1zI_hrSg-1nAndUEapeQ,ssp,train
x3XSJY6eTTw,UCTIBRINUegVQ_RtoLWTL-zw,rsl,train
x495oxhhrFs,UCe2lcoNfWAp4bc0JySWnkmw,ssp,train
x4DnttqSmMY,UCvbhmqqyhPueDJYJ6Eqvfmg,ase,validation
x4pZvalY42A,UCQ_jW1xLUF7Sg711yXVvQPQ,ise,train
x5XTS5Z9qo4,UCDivIPRtPf_EHSiRfkwkfZA,bfi,train
x5XWpz8T66w,UCgPgI0FiLs8v18146Suwo-w,csn,train
x5jSwQrBjMg,UC85LK96DQppcG7tpcqCcvIw,ase,train
x5upbm3tJns,UCWPkrOk-WKilNHCrpXa17JQ,ase,train
x6LiFpdbCwY,UCFG6a2e-8Udou8PMnAyuswA,ase,train
x74yQb4nekk,UCFyhiizY8-4GUcAeYQlylMg,jsl,train
x8Gjr-XJBIU,UCxL5EZmsJbbN-vrvhL2-DJg,ase,train
x8dQidhcClg,UCqntviBRx8_VOYcYhhkag9g,csq,train
x8tjBAUo9ZU,UC7JuChYmxhljc49dE3JG6Zw,ise,validation
x8tz0PS1_tI,UCDpPOMlZTeSO6yTRfqOsn7Q,ase,train
x9XvTJTy6Rs,UCVrxlDymBXjcCAn25axZc8Q,swl,train
x9b7c5Zwk_U,UCqtaBrGzW-WzWVdhrjCBQ4g,tsm,train
xAGDftH6nMU,UCLzz9KVBGzJKUQ-CyIRmXoA,ise,train
xAaAdXdMnfM,UCSMZ4td6mZMJVxJ2ow7zY4A,ase,train
xAkGuTsNbIE,UC99w_Bzj8ikOz8Gpv0prbNg,ins,train
xAlEtXhPPUE,UCWif2ls3MB_CDmg4z17y6tA,ils,train
xBoh5fIlnIs,UC7QNujTpyZqhFrP51eTA8uQ,hsh,train
xCqsYg1uKps,UCWif2ls3MB_CDmg4z17y6tA,ils,train
xCz-gRWJTAQ,UCMZD9P87-3WVUl2-nPOQagg,bzs,test
xDF_6TV3X9g,UCZ532DAlc-iwzDPiPLJwAQA,ase,train
xDHVxsTVNIU,UCFfgJbY2jt4Notzk5M3baOA,asf,test
xECWfXN35S4,UCPYgUPwcJ9bxET9jugCSzIA,ase,test
xEMYPKqc6e4,UCuyQHJ4y76-i0w9N33vT-kg,ase,validation
xERdqj4NO6U,UCyOiQ0B6GkvjaoUCqJZXUEQ,ase,train
xEzsY04w7ZY,UC85LK96DQppcG7tpcqCcvIw,ase,train
xEzt56uFD84,UC1PSbcyXhtikp8wU8g_jyVw,ase,train
xFBtELrs6nw,UCSMZ4td6mZMJVxJ2ow7zY4A,ase,train
xFhaCJubQM4,UC75cYKm6WbSk-se1deWaD0g,hsh,train
xG1cOO8Pgqk,UCWif2ls3MB_CDmg4z17y6tA,ils,train
xHq-TBEeblU,UCuyQHJ4y76-i0w9N33vT-kg,ase,validation
xHs1M52_oIk,UCIgyoRY69c8rPS2YDQ-wAqg,ase,train
xJ0fCd_IN28,UCwc0xtGUmoxvjYzaZNYCnEA,ase,train
xJABOPc6gsg,UCaayieDFpDIZ1b_mspO_Rzg,ase,train
xKCoAguy13A,UC1f5xYbrZxLkklmGkow7AgA,asq,train
xKDRc5Fhrmo,UClO2hO0t9tWsdgZmi_WQNkg,ssp,train
xKIm2KFoM4A,UCFcpIA0onxgAkdsh3K0gpeQ,ssp,train
xKgjKO7xKg0,UCAPKIo9ykV8iShMmG7c-BQA,swl,train
xKjFuGkpqns,UCmW6ihZmBKQGruMm4ALmzdw,fss,train
xLgZVEVP6Aw,UC75cYKm6WbSk-se1deWaD0g,hsh,train
xM4w5KBQ2dI,UCWif2ls3MB_CDmg4z17y6tA,ils,train
xMKtEOWjKlI,UCaayieDFpDIZ1b_mspO_Rzg,ase,train
xMLDgqH3qu0,UCVfXUvJHCuAmvyj6NBhFuHQ,ase,train
xMU27Rmdwxs,UCqLGAeTQmlRVfLK6jAWvDxA,ins,train
xMgoaK5YKYQ,UCEPuAkI8Fx_dqb2RMoy00CA,asf,validation
xN9egWptQ_U,UCQJVI4-q2aT-9pSEmwtrMoA,ase,validation
xNdfca54hu8,UCuyQHJ4y76-i0w9N33vT-kg,ase,validation
xNn2x6wRYMU,UCjCBX_ZL4T0nCyq3AgFVsDg,asf,train
xNo6IBH-iYQ,UCEPuAkI8Fx_dqb2RMoy00CA,asf,validation
xOJzUNW2l9E,UCQ_jW1xLUF7Sg711yXVvQPQ,ise,train
xOLopJMzQ0g,UC00w49_nb3oRX8rC5sGFdxQ,sgg,train
xOO5_BPOLyE,UCQB-XX1PZkTLgdffttUnwmg,ase,validation
xOfYIsmTXWQ,UCIUIS0qZRPluuOP7ITDxlrQ,ase,train
xPb8AD1rON0,UC7fVfWv6FL7HeTFeSLz-muQ,ase,train
xPdsUzXLt34,UCMZj4Mem0bzJ8rR782NoejQ,ase,test
xQ5P8878Z9s,UChTbPO97Nt0OTDvqSBjhrVQ,isr,train
xQgkO6UcIac,UCqLGAeTQmlRVfLK6jAWvDxA,ins,train
xQyPj6ADhiw,UCLf1qV5O_tnNrwJxvqf8iPg,ase,train
xQycN9_4S5M,UCRwPaAUrbOL4X7WgxZzIOpw,ase,test
xRATfMBbnoY,UCuyQHJ4y76-i0w9N33vT-kg,ase,validation
xRYct8KjNxI,UCLbzQFWzB3fTfaV8fHvn9Qw,prl,train
xRykT2GnZT0,UCaHpmqlbEtpKQSwyUnE9PkA,jsl,train
xS4T_oqDIwY,UCBRYgj8lhwnr9FrETyJbYEA,ise,train
xSpgz5VDT74,UCBRYgj8lhwnr9FrETyJbYEA,ise,train
xSsOHZh0-00,UCIslIH_6WS4kfglgzaxf-tg,ase,validation
xT65AYydS3I,UCWif2ls3MB_CDmg4z17y6tA,ils,train
xTTduvnneJw,UCQqdVfOZmhnIa9AUQKfgijQ,swl,train
xTgp7CX1mqk,UChIBEXStFmBeqKWI3uJmtTw,ase,train
xUG96dNeA5w,UCVvaxiyf6XARTEy_I5SSW9Q,dse,train
xUv_ocOtXvA,UCltoI0h5b---PAu2ujtIKCQ,ase,validation
xUz7eXOh9AE,UCXuTK8atuQJiJ-qLHbjgaag,bzs,train
xVDRDuSVHfk,UCUW9iqeKBSdegW5onoBnx_w,hsh,train
xVV2vvN8lQo,UCam4V5NTYm2GzKAP55hs4FQ,ase,test
xVaKLs9zaPQ,UCjUsu6cIRwcEx48fYYmFfBA,bfi,train
xVbEQjFtfOc,UC3etnnsIxGpH89XgojqE0Ng,ase,train
xVnyEsV24Hw,UChTbPO97Nt0OTDvqSBjhrVQ,isr,train
xVpCFBAG6Rw,UC75cYKm6WbSk-se1deWaD0g,hsh,train
xWCtQT9TJP0,UCebzihVnSUmpb9fGpEDtMAA,ase,validation
xWLM5o7Usvo,UCWif2ls3MB_CDmg4z17y6tA,ils,train
xWhzZYyqgxI,UCs98soN6aBb6gnfbrLl-W0w,???,train
xWt1M03gdYE,UCQJVI4-q2aT-9pSEmwtrMoA,ase,validation
xXdBMUt3XTg,UCIkZIvD69rxkCUocKtw9V-A,ase,train
xXyjQmcTVzc,UCFfgJbY2jt4Notzk5M3baOA,asf,test
xXzxLskD8SI,UCLrN3LrNjn6WP8kLbIyHDjQ,ssp,validation
xZhEvwn-ihM,UCTi9woRHA4r8e3oEWF8hxTA,aed,train
x_GFCELZo5Q,UCAPKIo9ykV8iShMmG7c-BQA,swl,train
xa7MF4JgHpk,UChTbPO97Nt0OTDvqSBjhrVQ,isr,train
xaAe9kQiTBQ,UCDsoH108wJ2A0GWVbv-laWA,bzs,train
xaPDg3UIgsM,UC27tCRmarBSfWvJFYqh2FgQ,ase,validation
xaan1LTPRyY,UCWif2ls3MB_CDmg4z17y6tA,ils,train
xb334fVwAHw,UCjCBX_ZL4T0nCyq3AgFVsDg,asf,train
xbKotDv9uac,UCaTMaFNkTiwgsSQ7FYaiaTQ,ins,train
xbZINTfslG8,UChTbPO97Nt0OTDvqSBjhrVQ,isr,train
xbhwAjTcmQw,UCs98soN6aBb6gnfbrLl-W0w,???,train
xbjVX28QXDQ,UCuyQHJ4y76-i0w9N33vT-kg,ase,validation
xbkdys2c4V8,UC5Xzq4Gg6mSNymC4xIaZg1g,ase,train
xcEEmlUxHgU,UCMZD9P87-3WVUl2-nPOQagg,bzs,test
xcMvJW44nHU,UCWgT5Ro0AroGs5fb4vHx8aQ,swl,train
xcgUUVcX5Ew,UC-IaYvWxBm3Q15N4SC3O1Hw,ase,train
xdAOYk_-LbY,UCLMEmb-pUA3tj3wXeOAVOnw,ase,train
xdSXt00q7Mo,UChTbPO97Nt0OTDvqSBjhrVQ,isr,train
xdYNdiio7AE,UC5H_CO6QGwd9hilVnfujz_w,bfi,train
xdfbtrgUup0,UCWVUF_aLbNrR_ObLwWZcU2Q,fsl,train
xeNrKvJvNBI,UC75cYKm6WbSk-se1deWaD0g,hsh,train
xeeEC85T7vQ,UCEPuAkI8Fx_dqb2RMoy00CA,asf,validation
xerEx0fZu0s,UCmsnMtfrOV_PZra3mGFppJQ,ase,train
xeruz-ddxek,UCx8jxChJznkRPJCE79qldOg,pso,train
xfQQ3tUh3V0,UCDnVCkLZ2ukBqCfutsOEjMg,ase,validation
xfn1gLVYEhk,UCWif2ls3MB_CDmg4z17y6tA,ils,train
xgg_IuD2FbI,UCZOG75UwSlaFOu-BmfSccUg,bfi,train
xgibMb8s1Y8,UCVCtmsq2MwxRAD5fdFeQp2Q,fse,train
xgoxo-Kp05Y,UCqtaBrGzW-WzWVdhrjCBQ4g,tsm,train
xhCFGiWzzbc,UCWPkrOk-WKilNHCrpXa17JQ,ase,train
xiHB9mYLUuw,UCk1VoxHx-HDqpTG4qUfCsnQ,asf,train
xj2-SByaee0,UCszvwqbz04iulT9divgrNHw,ise,train
xjto4sk9fH4,UCsuBAbMlPGJ95w3mwhz-30g,ase,train
xk0eM-VcoCU,UChTbPO97Nt0OTDvqSBjhrVQ,isr,train
xk1xD2AviKo,UCHckc4mrMU9b7L4hxQeN5HQ,ssp,test
xkAwplqbxSk,UC7fVfWv6FL7HeTFeSLz-muQ,ase,train
xkFC8z9aIeo,UCJqEwbw7MfINS4T-oQ47JuA,ise,train
xkKcFOtGjwE,UCaGw9z5wD70PmLH_V2keTRQ,ase,test
xkPziLoCIPE,UC75cYKm6WbSk-se1deWaD0g,hsh,train
xkpmqxLQReI,UC75cYKm6WbSk-se1deWaD0g,hsh,train
xkvL3amokPo,UC75cYKm6WbSk-se1deWaD0g,hsh,train
xl9Scp4jnDw,UCwysb4Tjiwn8bKJe0zNuSnA,ase,train
xlG1cjsyD6g,UC5H_CO6QGwd9hilVnfujz_w,bfi,train
xmDS1c_QV7o,UC5RrTOs35gE_w5625uGLSdA,kvk,train
xmRNZFaiG1c,UC7fVfWv6FL7HeTFeSLz-muQ,ase,train
xmpWz30TKyY,UC75cYKm6WbSk-se1deWaD0g,hsh,train
xn2XpdgAUfU,UCWif2ls3MB_CDmg4z17y6tA,ils,train
xn4Rt3K5qW0,UC_9x0YFY3tQhHD1oxDriZ9g,sgg,train
xn8efnZeabE,UCLzz9KVBGzJKUQ-CyIRmXoA,ise,train
xnJpZPdWcu4,UCQ_jW1xLUF7Sg711yXVvQPQ,ise,train
xnM08C1M670,UChTbPO97Nt0OTDvqSBjhrVQ,isr,train
xnRj0Ueez9E,UC5Xzq4Gg6mSNymC4xIaZg1g,ase,train
xnY5AEGzkNk,UCnPORpqqfuK5CdIsS5R06bA,ase,train
xo65WMte99Y,UCVSePePFNrJjsFf0jPx8Nlw,ase,train
xo9az2DmbYU,UCbxuU8g8XjTY-tvr4L1dgMQ,ase,train
xosqRZZQuJE,UCtjEjgYtRZWFL9pWa4yxtXg,jsl,train
xpTYAjshwKc,UCWbnHpCljj8MuTeNnCiNVew,ase,train
xpU0hljCAuw,UCQmVgPZHUzskORIH4GMzhJQ,bfi,validation
xpbXxUaN-Ig,UCfZMHs6NhBnlsDtNcfpolZA,cse,train
xpda1kbu4pE,UC7bCeN6hshm15gz4hppd_Sg,ase,validation
xptSLkXKn4Q,UCaayieDFpDIZ1b_mspO_Rzg,ase,train
xpuHegqn4ao,UCNLDZ-fQUQHv8Al2gZ4kA7Q,hks,train
xqSnug66-rM,UCWPkrOk-WKilNHCrpXa17JQ,ase,train
xqirEtZ8Snk,UCqtaBrGzW-WzWVdhrjCBQ4g,tsm,train
xqsL1lUpkDs,UC0ssa7FTeHexuO6wHhbX9ow,ase,test
xr3v_8SLnow,UCRwPaAUrbOL4X7WgxZzIOpw,ase,test
xrUwmeCQj0c,UC7PByT-DKjERtGRmxfyWvnw,ssp,train
xr_GSeKV9Cg,UC5H_CO6QGwd9hilVnfujz_w,bfi,train
xsJvO_LXlKA,UCuanpEILmzKOj6UHQGSk4Qg,bfi,train
xt-LR-O4DQY,UCoqRbCjrFsaHCI7-wCwBXAQ,ase,validation
xtBHm-8tQsU,UC5Xzq4Gg6mSNymC4xIaZg1g,ase,train
xtnmLIIUjd4,UC2fTQSA7GccUUtG6RrJq9Hg,pks,train
xuPG6TCCgnA,UChTbPO97Nt0OTDvqSBjhrVQ,isr,train
xuywWIqVNW4,UC75cYKm6WbSk-se1deWaD0g,hsh,train
xvF7AXeoaZY,UCRB8UnCQ1GcGQqPyAF1Q6nQ,ase,train
xvG9aC8z7tc,UCWif2ls3MB_CDmg4z17y6tA,ils,train
xvZylsg9EpY,UC99w_Bzj8ikOz8Gpv0prbNg,ins,train
xvjsgKXLn8Q,UCRwPaAUrbOL4X7WgxZzIOpw,ase,test
xvl4yMwlMjE,UCYyRpJBseu43EojDdSUcSyA,ase,train
xwTCnX7Hdjc,UC6OCXcxQ4yKoPfsUPWg99bg,ase,train
xx-17CjYy58,UC75cYKm6WbSk-se1deWaD0g,hsh,train
xx8IkglUu58,UCGaQdCK2m305CkMZQasoz7w,csc,train
xx9pFPLwZQo,UCSMZ4td6mZMJVxJ2ow7zY4A,ase,train
xxOdfZ1IVEQ,UCa0NtaDK8Hcd0mpBqPsE8jA,ase,train
xy05khS_BN8,UCDAOYycn4dnAFICIdeYJWwA,bfi,test
xy4T0hVgoME,UCjCBX_ZL4T0nCyq3AgFVsDg,asf,train
xyGnGZaJfbM,UC75cYKm6WbSk-se1deWaD0g,hsh,train
xyNQaHtUzt8,UCufDAfMXMca-RdSxPkosYrg,hsh,train
xycNaRiu20c,UCwcJIfRFwLcZF_teq6A86dA,ssp,test
xycuPlo91zo,UC75cYKm6WbSk-se1deWaD0g,hsh,train
xyh1clkRVzQ,UCyK_P6PID7pzK6eEwBPCB0w,ase,test
xyp83daIfxo,UCpeQVm-52KfEwL8K0Z4tP_A,ase,train
xz1I19IdkRc,UC75cYKm6WbSk-se1deWaD0g,hsh,train
xzCcZ-2mxU4,UC75cYKm6WbSk-se1deWaD0g,hsh,train
xzWBK71dv2w,UCaVlD3iSYMf35smXZswfteA,ase,train
y-O9D7q2920,UCcmJuUulPHzBUuQbQUN7GzQ,bfi,train
y-RxUaFu9n8,UCqd6eos5-i46NbDH1uLWdFQ,bfi,train
y-t6tHe5xp8,UCCkAfmCTGkgJi3QlB_6vkqw,jsl,train
y0jlcUttQTQ,UCl0zbpSiJyHZI2My1xE5pEg,ase,train
y1SyINtiLWM,UCgPgI0FiLs8v18146Suwo-w,csn,train
y2SjWAPZQKE,UC1G3g-bBbvVR5oyJO3QIV0w,jsl,train
y2a-EDHP48o,UCzRCa1CaqSk2zGn0LlLHnlQ,asq,train
y2i4eor3YVk,UC75cYKm6WbSk-se1deWaD0g,hsh,train
y3csSBKiums,UC75cYKm6WbSk-se1deWaD0g,hsh,train
y3idQYNgKqo,UCJeBnwmzj3tVtS-3-sSOC_w,hsh,train
y3rPrvPIcYI,UC75cYKm6WbSk-se1deWaD0g,hsh,train
y4b_nrzRk0Q,UC1oF4wxnGG3A0GOncO-oMJQ,ase,train
y5HsEC5Ldh0,UC5aT90pp8pjbySAjn-dBrBw,ase,train
y6FkYyBahus,UCTi9woRHA4r8e3oEWF8hxTA,aed,train
y6UEZneciok,UCYyRpJBseu43EojDdSUcSyA,ase,train
y6ytZr_dzkI,UCDsoH108wJ2A0GWVbv-laWA,bzs,train
y7Anpq_MILg,UCe2lcoNfWAp4bc0JySWnkmw,ssp,train
y7YD2D8jT6I,UCUW9iqeKBSdegW5onoBnx_w,hsh,train
y7krdg9qqY8,UCjCBX_ZL4T0nCyq3AgFVsDg,asf,train
y7ooYqdEdUY,UC0jdsYSKy1VNhKw79mw0RsA,ase,train
y8VxH1bwSOY,UCiNXuQ2u_uj3wgOTbVixe7g,ase,train
y9XcyW6e-Rc,UCVrxlDymBXjcCAn25axZc8Q,swl,train
y9YII1SykmM,UCFfgJbY2jt4Notzk5M3baOA,asf,test
yAzIOTnsv6s,UCAPKIo9ykV8iShMmG7c-BQA,swl,train
yBXpNrrJw6M,UC7JuChYmxhljc49dE3JG6Zw,ise,validation
yCLdc92Syu0,UCs98soN6aBb6gnfbrLl-W0w,???,train
yCdKt4CaWg8,UCafl5HSeIaAjenMenQOFS_Q,tss,train
yD5yHeKzzr0,UCDdMBWm16C2mrzV46TvQ95Q,ase,train
yD6CGAUKzeM,UC75cYKm6WbSk-se1deWaD0g,hsh,train
yDFUUShcnFo,UCly32S4raahgie7UFjJ9jug,ase,train
yEN880SOtYM,UCszvwqbz04iulT9divgrNHw,ise,train
yEiBNbenVZM,UCSMZ4td6mZMJVxJ2ow7zY4A,ase,train
yFzTrE24LF8,UCFfgJbY2jt4Notzk5M3baOA,asf,test
yGxaQc8S9Js,UCQJVI4-q2aT-9pSEmwtrMoA,ase,validation
yH7KLYzBJ4s,UCqDxl--mMT0HH8oeoU81QCA,ase,train
yH8wshTobdw,UCGkggeR449U_G_ULi-Y0G0A,hsh,train
yH_4NvMvUK4,UCVIbI5DOBbWvfeyOv1VmUkQ,ase,train
yH_kzYMc0dE,UCaayieDFpDIZ1b_mspO_Rzg,ase,train
yHa0_Rb6u0w,UC75cYKm6WbSk-se1deWaD0g,hsh,train
yHnr1LdMX8M,UCaTMaFNkTiwgsSQ7FYaiaTQ,ins,train
yIKpRjmoFUw,UC7QNujTpyZqhFrP51eTA8uQ,hsh,train
yIRH3E-WMfY,UCAPKIo9ykV8iShMmG7c-BQA,swl,train
yIaFwhLHlNk,UC3etnnsIxGpH89XgojqE0Ng,ase,train
yIbTpKbGyTs,UC_RpiF50wmCKrDi6V7D8OfQ,ase,train
yJ4zLPPsM0w,UC5Xzq4Gg6mSNymC4xIaZg1g,ase,train
yJ9e2MECK1Y,UCCcKya95pnxKXpUqlzHplqA,ase,train
yJQDlVizPmg,UCqLGAeTQmlRVfLK6jAWvDxA,ins,train
yJpgNSKiBHA,UC75cYKm6WbSk-se1deWaD0g,hsh,train
yKO0BO18vKw,UCszvwqbz04iulT9divgrNHw,ise,train
yKjtkCEnbms,UCK-n3cLst9SuYfxk7oNhrlw,ase,train
yLyHcsBb9nY,UC80e8rWqjMtRf7YxUHDC3nA,ase,validation
yMP8MAxmPtE,UC5Xzq4Gg6mSNymC4xIaZg1g,ase,train
yMWwnUe45Ss,UC9UOORnRlRi5BhwQclMP1wg,lls,train
yMc_PJ9H7AM,UCK4l01VdkIXI3lA9ey1gUAA,icl,train
yNN_n565FRo,UChRFBJVzl6c9ePdNALpU3yA,ase,test
yNxKuLpV_5c,UC99w_Bzj8ikOz8Gpv0prbNg,ins,train
yOKcr3frk60,UCWVUF_aLbNrR_ObLwWZcU2Q,fsl,train
yOiZiCWQ-j0,UCgPgI0FiLs8v18146Suwo-w,csn,train
yPYmzRtVs14,UC75cYKm6WbSk-se1deWaD0g,hsh,train
yPdnjzihkfM,UC1f5xYbrZxLkklmGkow7AgA,svk,train
yPzOagYl6io,UCY_1hb97iVCsgjc6MrE0ICA,bfi,train
yRJCF0XTro0,UCizGctLgAahGlOvtSAKdq3g,jsl,train
yRMu0YEvLrU,UCBRYgj8lhwnr9FrETyJbYEA,ise,train
yRXCBXjdicQ,UCgPgI0FiLs8v18146Suwo-w,csn,train
ySF0qy5I7y4,UC52_oqwxYEPBaVDcJZEWWfw,ase,test
ySNF1K4lJUs,UCWif2ls3MB_CDmg4z17y6tA,ils,train
ySkbC60ys5w,UCRB8UnCQ1GcGQqPyAF1Q6nQ,ase,train
yT4Pzetnjiw,UCDivIPRtPf_EHSiRfkwkfZA,bfi,train
yTpYaE-b7RQ,UC1f5xYbrZxLkklmGkow7AgA,svk,train
yU-KGF57apk,UChTbPO97Nt0OTDvqSBjhrVQ,isr,train
yU1G0l1lgO8,UCSMZ4td6mZMJVxJ2ow7zY4A,ase,train
yU4qY8t7hSw,UCufxp6ZwK8zEstJ4BISgG4A,ase,validation
yUDPeb1VXcs,UCWif2ls3MB_CDmg4z17y6tA,ils,train
yUpejGnj7H4,UChTbPO97Nt0OTDvqSBjhrVQ,isr,train
yV7UTb_nA_A,UCFJLzd1pDjTJgPPHCpDfAwA,ssr,train
yVEEDiWi6lY,UCrRSug2PL9zZAWbjArQX-EA,ase,train
yVESJt-j4Xk,UCapFShgxytRPexLxwUiXGVw,asq,train
yVWzcUPO-Fc,UCwcJIfRFwLcZF_teq6A86dA,ssp,test
yWGquJImCNY,UC0URnO6g-6P5KYhlmMUD_Pg,ase,train
yWUL8NLiO_8,UCFfgJbY2jt4Notzk5M3baOA,asf,test
yWYtgEgOHMY,UC7H4KWhlaGMAiXWhLC4vtfA,ase,test
yW_DkjepjAc,UCLAFPCtqN90LSJVPxl7hzMA,ase,train
yXX66UzXKeo,UCWif2ls3MB_CDmg4z17y6tA,ils,train
yXj48IxBGMc,UCDL2Ug9aPMTAK0FDfWopZMw,ase,test
yXx8jc9dlDs,,isr,unassigned
yZAA2NkAPp4,UCA17q6v88p8FOlSDiWFkYyQ,bfi,train
yZH-BasX3IE,UC99w_Bzj8ikOz8Gpv0prbNg,ins,train
yZM6NqE1euI,UCgvywbxAcsgJr_gfpqKLXXw,pso,train
yZQJgUAJ6LU,UCLq0QAPYJRxb4hN3DlYe2tw,ise,train
yZVnJ4tlklM,UCz0UXYoIwq9nbzJY1uF4RdA,ase,train
y_2oeB0BwdI,UCD6RKflCo3xW6Jwh9TG4ydA,ase,test
y_BnRKFOXaM,UC75cYKm6WbSk-se1deWaD0g,hsh,train
y_YrdQd4jKM,UCQ_jW1xLUF7Sg711yXVvQPQ,ise,train
y_e1aimisJw,UC75cYKm6WbSk-se1deWaD0g,hsh,train
ya3QRPsIcB8,UCFfAXfuCw-EHNVJgL_WEoQw,pso,train
yajXAiwMRt0,UCocbsxARU5NCW7bQ7pBZu2A,ase,train
ycEPuhlupO0,UCWPkrOk-WKilNHCrpXa17JQ,ase,train
ycODU3wz5b4,UCQ_jW1xLUF7Sg711yXVvQPQ,ise,train
ycXCufnQMmY,UCzXNfOVXNYqjFPgMly-1AvQ,isg,train
ycgJyiUgB7E,UCyIjlBUwgXeKO6MZ2Ospaxw,jsl,train
ych7M6eePaY,UCWif2ls3MB_CDmg4z17y6tA,ils,train
ycoVwwNxS4Q,UCsuBAbMlPGJ95w3mwhz-30g,ase,train
ycpTdnXdcoM,UCScR0I-J7gGR2jRCjcrt9Og,isr,train
ydERKjye3Ug,UC3p9-cdApmRUOgQ4-M4P01w,ase,train
ydT5ZlSeIwc,UC4SqFeQL9FsN2A-2cBbUS5g,bzs,train
ydi31nJuBIk,UC5H_CO6QGwd9hilVnfujz_w,bfi,train
ydkoHwZPGzg,UCuyQHJ4y76-i0w9N33vT-kg,ase,validation
ydshEbvX2so,UC75cYKm6WbSk-se1deWaD0g,hsh,train
ye9B4h1QdUY,UCNMh0csop45XxYU0itusr1Q,jsl,train
yeRcw4iEsNg,UCDivIPRtPf_EHSiRfkwkfZA,bfi,train
ygNUfqV1Je4,UCRRD3yalnoHR0ZvXqhiTI4Q,bzs,train
ygt4ZeCXiUA,UCizGctLgAahGlOvtSAKdq3g,jsl,train
yhH61M9nEho,UCqd6eos5-i46NbDH1uLWdFQ,bfi,train
yhNnPHA05WY,UC6OCXcxQ4yKoPfsUPWg99bg,ase,train
yhV3sWGhE6Y,UC3jz2bVv7WkWJAxCOsOV30Q,ase,train
yh_rS7mljhQ,UCEnPW6jhqCSpcWTnBmP2vPA,ase,train
yi455vFExb8,UCqtaBrGzW-WzWVdhrjCBQ4g,tsm,train
yiGl9U-tCR0,UC5peRRRRnXIMZvqFJiIwjNg,ase,train
yicnLQqcfgw,UCbtviVb4elMPpwrIdGrZ4yg,ase,train
yicsXFVic6U,UC-gc7H_gu_IYUAxO2cu6STA,ise,train
yighNc8znUg,UC5Xzq4Gg6mSNymC4xIaZg1g,ase,train
yizRk2CP9gs,UCvd8SHzSp07_U55qFI0-dDA,ase,train
yjIWjdEWAok,UCKyWIEse3u7ExKfAWuDMVnw,gsg,validation
yjNPdZUlpuc,UCDAOYycn4dnAFICIdeYJWwA,bfi,test
yjb-o-2hGJM,UCufxp6ZwK8zEstJ4BISgG4A,ase,validation
ykFzhXlx3b0,UCk2r9xDistPkYkSTKP8CW1w,kvk,train
ykvvdkKxIMQ,UC7JuChYmxhljc49dE3JG6Zw,ise,validation
yl9rW-wzclo,UCXuTK8atuQJiJ-qLHbjgaag,bzs,train
ylM0p4aq8Qw,UCJ1bzDU4vbuQTXbnOxcSl_g,swl,train
ymMh0r-JgYY,UC_gbVwv2_XjKTlIWkezvQ3w,ase,train
ymUddWfhD2I,UCheJ6LLZBG2v34_yoCxoCuQ,asf,train
ymsCY_c2O34,UC7fVfWv6FL7HeTFeSLz-muQ,ase,train
ynJJfAL7FDE,UCYogpIfU7-Cy19rDs1WnpaA,aed,train
ynrp-BXntOI,UC75cYKm6WbSk-se1deWaD0g,hsh,train
yoIwgRUDPOs,UCGisGwX9Mh6T6WrJsx-VjDg,pso,validation
yov97ukPfk8,UC75cYKm6WbSk-se1deWaD0g,hsh,train
yowkDkJzQck,,ins,unassigned
ypBlWmkaXYA,UCK4HheZG8mSQN1yWAcfgVDQ,ase,train
ypFXkTymuiE,UCAPKIo9ykV8iShMmG7c-BQA,swl,train
ypWVF-nbV2c,UCw8k42lRa3GdqXEF3lFL34w,gsg,train
yps8xtTx2XY,UCQukMGEToh7Dcjsl8ZADaOw,ise,train
ysBP9CmrtDA,UC75cYKm6WbSk-se1deWaD0g,hsh,train
ysEkm491YO4,UC75cYKm6WbSk-se1deWaD0g,hsh,train
ytZkTOb6674,UCaHpmqlbEtpKQSwyUnE9PkA,jsl,train
ytfjtZ5UG9c,UCe2lcoNfWAp4bc0JySWnkmw,ssp,train
yuz6CqxdpwE,UCAPKIo9ykV8iShMmG7c-BQA,swl,train
yv0CjcVCqHc,UC7PByT-DKjERtGRmxfyWvnw,ssp,train
yvFFq2hOejE,UCqtaBrGzW-WzWVdhrjCBQ4g,tsm,train
ywGlQFzl-V8,UCWif2ls3MB_CDmg4z17y6tA,ils,train
ywcN2s_7jJU,UChTbPO97Nt0OTDvqSBjhrVQ,isr,train
ywhXkuhwl9E,UC7JuChYmxhljc49dE3JG6Zw,ise,validation
yyq9-jWuaeY,UCtjEjgYtRZWFL9pWa4yxtXg,jsl,train
yyyi8ZXFt_8,UCWif2ls3MB_CDmg4z17y6tA,ils,train
yz95JVnxn30,UCs98soN6aBb6gnfbrLl-W0w,???,train
yzQTqrVGl64,UC75cYKm6WbSk-se1deWaD0g,hsh,train
z08isvKwdtE,UC75cYKm6WbSk-se1deWaD0g,hsh,train
z0QV5tW9NHM,UC75cYKm6WbSk-se1deWaD0g,hsh,train
z0b7GNqyE9k,UC7JuChYmxhljc49dE3JG6Zw,ise,validation
z1DRVRTvksE,UC55C6FrDNkoh1-S8tGHdCDw,ise,train
z1jlcv5Bysc,UChTbPO97Nt0OTDvqSBjhrVQ,isr,train
z2RJHI9bDYw,UC75cYKm6WbSk-se1deWaD0g,hsh,train
z2fMcnw_IA4,UC5Xzq4Gg6mSNymC4xIaZg1g,ase,train
z3FNxOl5dOk,UCFHkpbh0wCDFk7fAPbh5Suw,ase,train
z3LSCCK3Sa8,UCx92YHaTWzmfL9trx_jzXNg,bfi,train
z3XbyGeIvqQ,UC7fVfWv6FL7HeTFeSLz-muQ,ase,train
z3iNtwdAJ5Q,UCEkZb0c0A8uM7ootuvLAXdQ,bfi,train
z3jAMn3xpoM,UCaayieDFpDIZ1b_mspO_Rzg,ase,train
z3thwypVsjw,UCqd6eos5-i46NbDH1uLWdFQ,bfi,train
z4h3srveK0c,UCAPKIo9ykV8iShMmG7c-BQA,swl,train
z4kZB8kM-dE,UChIBEXStFmBeqKWI3uJmtTw,ase,train
z54ZY0XGduA,UCWbnHpCljj8MuTeNnCiNVew,ase,train
z5juriIkyVA,UCBRYgj8lhwnr9FrETyJbYEA,ise,train
z653K3-iEC0,UC6YbCm65GjM2wpGmDRtyGMQ,fsl,train
z6IKbrnt7oc,UCDWuLgx0vTYBGr1G-diNgSw,jsl,train
z6iq03kwub4,UC0VDMIeUGe2u6dUoPJIPBSA,ase,train
z73f4UmH8Tc,UCPTbovTtAz9LaZOSHLkpq-A,aed,train
z8JqU_pjsZ4,UC2nAqidRiPfQa53Yaf9qeCg,ase,train
z8dYIh64lz8,UC75cYKm6WbSk-se1deWaD0g,hsh,train
z8ghtj2-8V0,UCyIHGwiAnoDQiovGzdoNuiw,bfi,train
z974LyRWeEQ,UCsuBAbMlPGJ95w3mwhz-30g,ase,train
z9LIwFzX_yQ,UCuyQHJ4y76-i0w9N33vT-kg,ase,validation
z9PKHSDpvoA,UCsEBkTy545q7ZQXmbRu1szg,ase,test
z9ccawBgmRw,UCzxWduRjGn_A8rEf_-FtL5Q,pso,train
z9rKVbcfqhI,UCxie1H5Lzl5NFsMmAjzs9qQ,fse,train
z9z_7VNP0Ks,UCUW9iqeKBSdegW5onoBnx_w,hsh,train
zABfRr0ETa8,UC7fVfWv6FL7HeTFeSLz-muQ,ase,train
zAU_qVBURmQ,UCzE5rz2KHTFYAkmMksUpPLA,ase,validation
zB4oiclVYes,UCszvwqbz04iulT9divgrNHw,ise,train
zBNw1xTqdxs,UCWPkrOk-WKilNHCrpXa17JQ,ase,train
zBsXFSlRAos,UC8dHtefYYC4TmhRS_0qtKTA,bzs,train
zCKnVboNP08,UCFcpIA0onxgAkdsh3K0gpeQ,ssp,train
zCjNh65JKWs,UCuyQHJ4y76-i0w9N33vT-kg,ase,validation
zCodhj6hB_M,UCWif2ls3MB_CDmg4z17y6tA,ils,train
zD4slwwYC0E,UCQmVgPZHUzskORIH4GMzhJQ,bfi,validation
zDPCWnjeklM,UCTIBRINUegVQ_RtoLWTL-zw,rsl,train
zEW2BhJhx4I,UCSMZ4td6mZMJVxJ2ow7zY4A,ase,train
zEbXALwaaFs,UC75cYKm6WbSk-se1deWaD0g,hsh,train
zEp51mp9EwM,UC959-B4T4NEE6Y767w1JwpQ,ase,test
zF7C7O1GWlg,UC4hKAY36ZwFrW14iaPyOw-g,sls,train
zFCLh31knsc,UC75cYKm6WbSk-se1deWaD0g,hsh,train
zFF3mYobI50,UC4KyhBCXwO-aSXDN-QyeSmQ,ase,train
zFGyj-Jyk5w,UCe2lcoNfWAp4bc0JySWnkmw,ssp,train
zFfxyd3mdk8,UCNl2EJb4iGACxmyG5kp7M7Q,fsl,train
zG7UPTo_k2k,UC4VHfRJHnbcGVLcr9vQIihQ,bfi,train
zG7ghYgAse0,UCBRYgj8lhwnr9FrETyJbYEA,ise,train
zG9ZErS2o60,UCe2lcoNfWAp4bc0JySWnkmw,ssp,train
zGRUGNCDCgs,UCszvwqbz04iulT9divgrNHw,ise,train
zGcnl69A0Jw,UC4VHfRJHnbcGVLcr9vQIihQ,bfi,train
zGn94559Yxc,UCSMZ4td6mZMJVxJ2ow7zY4A,ase,train
zHMbGt2PHu4,UCs98soN6aBb6gnfbrLl-W0w,???,train
zHT4kBEGkU4,UC75cYKm6WbSk-se1deWaD0g,hsh,train
zHbzDftc-3c,UC7JuChYmxhljc49dE3JG6Zw,ise,validation
zI8Zspu19VE,UCHfBC7-QkwyViIVe2S5XPqg,pso,train
zICuy4963oI,UCFfgJbY2jt4Notzk5M3baOA,asf,test
zIb_e1KUfC0,UCGLOly45we_1ZTXAXF7TZDA,asq,train
zIePP-qbmSQ,UCuyQHJ4y76-i0w9N33vT-kg,ase,validation
zItyNh7Fpb0,UC7PByT-DKjERtGRmxfyWvnw,ssp,train
zJlJwOMKxeo,UCEPuAkI8Fx_dqb2RMoy00CA,asf,validation
zJwm0gDgx74,,ase,unassigned
zKHniJMNiQg,UCze42SSwKeotHUSIJS6MPcA,ase,train
zKaC2-RQJao,UCe2lcoNfWAp4bc0JySWnkmw,ssp,train
zKcVhEKFBj0,UCWif2ls3MB_CDmg4z17y6tA,ils,train
zKvu8vXrC-Y,UCuseIvrm7VZrcUJipa5yw9g,ase,train
zL4nG3U5zt8,UCWif2ls3MB_CDmg4z17y6tA,ils,train
zLYHvG2yeKA,UCTi9woRHA4r8e3oEWF8hxTA,aed,train
zMPZfRlhknk,UCN8D8Gj5b4KjFT2MnWrRBwQ,pso,train
zMTOAxEoA-Y,UC75cYKm6WbSk-se1deWaD0g,hsh,train
zMU6PRugx-U,UCWif2ls3MB_CDmg4z17y6tA,ils,train
zMaleNHwLPk,UCoM1KfRfRwaVEMFdhUmpE8w,ase,train
zMjdqAh9K1g,,fsl,unassigned
zMkAIPJSq9M,UC4VHfRJHnbcGVLcr9vQIihQ,bfi,train
zMu2ME2STac,UCaY5JjIf6cKZrynK9Oc3SYQ,asq,train
zNiwbE1lC5Y,UCrHpt5tgM33jXiIs8_F1VgQ,ase,test
zONFoN-NjGI,UC75cYKm6WbSk-se1deWaD0g,hsh,train
zOfjgUw38Uc,,ase,unassigned
zPPWLKnX0Rw,UC1f5xYbrZxLkklmGkow7AgA,asq,train
zPcs285h1GY,UChTbPO97Nt0OTDvqSBjhrVQ,isr,train
zQ6IMNslogc,UCqc03n0AG3lbNWUpZjjuA0Q,ase,train
zQWx3qaAuQ4,UCRwIJNhbnttAA2eJtUBmiAg,ase,train
zQkzwgh2atM,UCgeTsF9hMA64Z0foKiX9hmg,ase,validation
zRHsgFMUPYY,UC3D3um9BcGkQzquorcKWQLQ,ssp,test
zRbDawGwnyw,UCCZ_femzSxK1e936MTU9TaQ,asq,validation
zRiW-AJV6mc,UCKzLwp5cJQUE6dxMn02JHEg,ase,test
zS0KCk13oxI,UC4Oyj7LFV0gOgUgNUpyZUQg,ase,test
zSWVjQXHrwc,UC4VHfRJHnbcGVLcr9vQIihQ,bfi,train
zSn4ZPb-8LQ,UC3p9-cdApmRUOgQ4-M4P01w,ase,train
zSxlMuswAzg,UC9EJIieu927_-0Ex_SFA-CQ,ase,train
zTFVSUyB5DE,UCqtaBrGzW-WzWVdhrjCBQ4g,tsm,train
zUBk55KYMRw,UCyIjlBUwgXeKO6MZ2Ospaxw,jsl,train
zUo0AN_rbJQ,UCAPKIo9ykV8iShMmG7c-BQA,swl,train
zVvRkEwz_T8,UCrHpt5tgM33jXiIs8_F1VgQ,ase,test
zW0FGrpGnNc,UChTbPO97Nt0OTDvqSBjhrVQ,isr,train
zWAzK_e3WhM,UCRLLiAzad5ts5gQGcPwrTFQ,ase,train
zWJRZipRb1Q,UC5H_CO6QGwd9hilVnfujz_w,bfi,train
zWRmXJnur9o,UC99w_Bzj8ikOz8Gpv0prbNg,ins,train
zWeYlnaYez0,UCVrxlDymBXjcCAn25axZc8Q,swl,train
zWlii0MLYIk,UC75cYKm6WbSk-se1deWaD0g,hsh,train
zXHLglvRSw0,UCWVUF_aLbNrR_ObLwWZcU2Q,fsl,train
zX_TELDOiDk,UCuseIvrm7VZrcUJipa5yw9g,ase,train
zYc1c9fsk8M,UC7G2SGJ1jrEHc8Fc2OQqK4w,asf,train
zZhXthM3x4Q,UCXuTK8atuQJiJ-qLHbjgaag,bzs,train
zZhcviv6z3E,UCkyteSyUaOq2mH3RIKgFXcw,ase,test
zZu6UbcOw3E,UC2fTQSA7GccUUtG6RrJq9Hg,pks,train
zZuNhVRbEHY,UCufxp6ZwK8zEstJ4BISgG4A,ase,validation
zaJR22ku8CE,UCsiNmghijZjrTAj_7gC1dNA,ase,train
zaQCx47ahmo,UCIeFO--ijTiM9q7c3EaDbhA,hsh,train
zabQ7qJopCE,UCDWuLgx0vTYBGr1G-diNgSw,jsl,train
zbcxnhcMQ-w,UCWif2ls3MB_CDmg4z17y6tA,ils,train
zbnkFezY3Sk,UClH-iALhZ2niASkp-XSNGpA,inl,train
zcJ1yy40xno,UClv1kekXgC4s8Is-f1OBqQg,ase,train
zcQR2FPtL2c,UC7QNujTpyZqhFrP51eTA8uQ,hsh,train
zcQTDJAZJlA,UCuf9yL507frOvcAEMGajJyg,ase,train
zcmnqvGOIxM,UCaTMaFNkTiwgsSQ7FYaiaTQ,ins,train
zct-q-Uqy-w,UC75cYKm6WbSk-se1deWaD0g,hsh,train
zcu_aa0DRTQ,UC75cYKm6WbSk-se1deWaD0g,hsh,train
zd90wRRpb8g,UCQukMGEToh7Dcjsl8ZADaOw,ise,train
zdHvOqW6v90,UCH5Jva-BqGK_JGthFEll25w,ase,train
zedoZAhFAa8,UC5H_CO6QGwd9hilVnfujz_w,bfi,train
zew-cEQwoQk,UCrorv-xu76u5ru5nca3bwHQ,ase,train
zfE6RKGsDeI,UCWAVxwEn9KPfQ0exkK1bzkw,ase,train
zfXhk_WpfWg,UCQ-cTIHnx9gpTnuHQG5HYSA,ssp,train
zgqQv7giUL8,UCrrUZVfztrpQU1YMMFoIR1A,bfi,test
zhLW17cPlEs,UC3etnnsIxGpH89XgojqE0Ng,ase,train
zi8vAuMB30I,UCWif2ls3MB_CDmg4z17y6tA,ils,train
ziNp57M1Gck,UCf9hMxHoNZiR3-_UoZcagRQ,ase,train
ziV_-kLOMl4,UCe2lcoNfWAp4bc0JySWnkmw,ssp,train
zinwjvhoe-s,UC3r5Nq2vsgPfhrWL7i1rYpw,ase,train
zj2fQKfDvKc,UCVrxlDymBXjcCAn25axZc8Q,swl,train
zj71SOX9oCo,UCaayieDFpDIZ1b_mspO_Rzg,ase,train
zjHHiP5znxY,UCSccGQ-M82zlF4nt8JdTmUQ,ase,train
zjZd6kna5DI,UCI4A_xft-8uziHWd1-Q0NWA,ase,train
zjcSEtqwweU,UCxL5EZmsJbbN-vrvhL2-DJg,ase,train
zjotmfju_uc,UCWif2ls3MB_CDmg4z17y6tA,ils,train
zjqVvJwA4H8,UCizGctLgAahGlOvtSAKdq3g,jsl,train
zkCpqCxFwCU,UCyCn7hXN9_GNAxGWpSVOSRw,ase,train
zkSeU-k3-L0,UC7PByT-DKjERtGRmxfyWvnw,ssp,train
zlHYeJKQf4I,UCLWOJcqJyfsQXsqaJiOLZnw,ase,train
zliWpfIcW0E,UCLMEmb-pUA3tj3wXeOAVOnw,ase,train
zlq3ON-uqZE,UCn7yxqMJA4q2UPE4gmfDqHQ,gsg,train
znDNYTq9jHA,UC75cYKm6WbSk-se1deWaD0g,hsh,train
znTJ7GJ28rM,UC7PByT-DKjERtGRmxfyWvnw,ssp,train
znhD0R9BAWA,UCEkZb0c0A8uM7ootuvLAXdQ,asf,train
zoOdd4MrChg,UCcLdlSjexi6lrYv_UbskUIA,ase,train
zp1E2jZFQso,,asf,unassigned
zpHhc46c-_M,UC75cYKm6WbSk-se1deWaD0g,hsh,train
zqgv-5fgk6o,UCk9vH6gO8-clQt-NZqEdojw,ase,validation
zqw9sR58mkw,UCaY5JjIf6cKZrynK9Oc3SYQ,asq,train
zr1306y7C0E,UC-gc7H_gu_IYUAxO2cu6STA,ise,train
zr4AE6Uk_Pw,UC5H_CO6QGwd9hilVnfujz_w,bfi,train
zrETHn8FUaE,UCWgT5Ro0AroGs5fb4vHx8aQ,swl,train
zrGM_sTSIzc,UCEiSve2zdPV0TGUV18-wpgw,ase,train
zrtvYJi6Uxk,UCbdRgG-NhSwFlRV3MGVp_cQ,dse,train
zsJ-F8NWWpY,UCLWOJcqJyfsQXsqaJiOLZnw,ase,train
zsX7rrJK2Ho,UCaayieDFpDIZ1b_mspO_Rzg,ase,train
zseo9uavwbo,UCWAVxwEn9KPfQ0exkK1bzkw,ase,train
zt55bH0rgm4,UC7PByT-DKjERtGRmxfyWvnw,ssp,train
zt6157IV57w,UC1HBhnaTPA0VoxWzhuOJdbQ,ase,train
ztgwGVyGw-c,UCWif2ls3MB_CDmg4z17y6tA,ils,train
ztsrsvVCt3A,UCMtWDoqjBOSDBq5wevN1UyQ,ase,train
zu30AYaT5Dg,UCFyhiizY8-4GUcAeYQlylMg,jsl,train
zu8B_wAdJ9A,UC1EkqJ06JYDGdX5G0jyE8KQ,ase,train
zuHwi14zaBs,UCFfgJbY2jt4Notzk5M3baOA,asf,test
zuIMoR-n92k,UCK-n3cLst9SuYfxk7oNhrlw,ase,train
zvp4lqsZOF0,UCK-n3cLst9SuYfxk7oNhrlw,ase,train
zwsA654ENGo,UCT_ibOnQ79FD6UX9nUwl1Fw,ise,train
zwv2MDXO8L0,UCaDrIDvpB0HdFTkpdjTPwSQ,rsl,train
zxBFepvmXVo,UCMbT7f3uBbPv5dCPu7ND-yA,swl,train
zxjCnKgWEuY,UCgPgI0FiLs8v18146Suwo-w,csn,train
zxynwy_bQb8,UCZ3vY1_AhI-UpoQwu-HqXgw,ase,train
zyvew2DOY9k,UCHckc4mrMU9b7L4hxQeN5HQ,ssp,test
zzCYU45901s,UC99w_Bzj8ikOz8Gpv0prbNg,ins,train
zzH8akG1FxA,UCSMZ4td6mZMJVxJ2ow7zY4A,ase,train
zzIjy3QAYMU,UC1f5xYbrZxLkklmGkow7AgA,svk,train
zzaP6Ts7KCQ,UC6KXacw2w-LcvsxuiVcLMWw,ase,train
